-- Adminer 3.7.1 MySQL dump

SET NAMES utf8;
SET foreign_key_checks = 0;
SET time_zone = '-03:00';
SET sql_mode = 'NO_AUTO_VALUE_ON_ZERO';

DROP TABLE IF EXISTS `accidentes`;
CREATE TABLE `accidentes` (
  `accidentes_id` int(11) NOT NULL AUTO_INCREMENT,
  `poliza_id` int(10) unsigned NOT NULL,
  PRIMARY KEY (`accidentes_id`),
  KEY `poliza_id` (`poliza_id`)
) ENGINE=InnoDB DEFAULT CHARSET=utf8 COLLATE=utf8_unicode_ci;


DROP TABLE IF EXISTS `accidentes_asegurado`;
CREATE TABLE `accidentes_asegurado` (
  `accidentes_asegurado_id` int(11) NOT NULL AUTO_INCREMENT,
  `poliza_id` int(10) unsigned NOT NULL,
  `accidentes_asegurado_nombre` varchar(50) COLLATE utf8_unicode_ci NOT NULL,
  `accidentes_asegurado_documento` varchar(15) COLLATE utf8_unicode_ci NOT NULL,
  `accidentes_asegurado_nacimiento` date NOT NULL,
  `accidentes_asegurado_domicilio` varchar(500) COLLATE utf8_unicode_ci DEFAULT NULL,
  `accidentes_asegurado_actividad` int(11) NOT NULL,
  `accidentes_asegurado_suma_asegurada` decimal(10,2) NOT NULL,
  `accidentes_asegurado_gastos_medicos` decimal(10,2) NOT NULL,
  `accidentes_asegurado_beneficiario` tinyint(1) NOT NULL,
  `accidentes_asegurado_beneficiario_nombre` varchar(50) COLLATE utf8_unicode_ci DEFAULT NULL,
  `accidentes_asegurado_beneficiario_documento` varchar(15) COLLATE utf8_unicode_ci DEFAULT NULL,
  `accidentes_asegurado_beneficiario_nacimiento` date DEFAULT NULL,
  PRIMARY KEY (`accidentes_asegurado_id`),
  KEY `accidentes_asegurado_actividad` (`accidentes_asegurado_actividad`),
  KEY `poliza_id` (`poliza_id`),
  CONSTRAINT `accidentes_asegurado_ibfk_1` FOREIGN KEY (`accidentes_asegurado_actividad`) REFERENCES `asegurado_actividad` (`asegurado_actividad_id`),
  CONSTRAINT `accidentes_asegurado_ibfk_2` FOREIGN KEY (`poliza_id`) REFERENCES `poliza` (`poliza_id`) ON DELETE CASCADE
) ENGINE=InnoDB DEFAULT CHARSET=utf8 COLLATE=utf8_unicode_ci;


DROP TABLE IF EXISTS `accidentes_clausula`;
CREATE TABLE `accidentes_clausula` (
  `accidentes_clausula_id` int(11) NOT NULL AUTO_INCREMENT,
  `poliza_id` int(10) unsigned NOT NULL,
  `accidentes_clausula_nombre` varchar(50) COLLATE utf8_unicode_ci NOT NULL,
  `accidentes_clausula_cuit` varchar(50) COLLATE utf8_unicode_ci NOT NULL,
  `accidentes_clausula_domicilio` varchar(500) COLLATE utf8_unicode_ci NOT NULL,
  PRIMARY KEY (`accidentes_clausula_id`),
  KEY `poliza_id` (`poliza_id`),
  CONSTRAINT `accidentes_clausula_ibfk_1` FOREIGN KEY (`poliza_id`) REFERENCES `poliza` (`poliza_id`) ON DELETE CASCADE
) ENGINE=InnoDB DEFAULT CHARSET=utf8 COLLATE=utf8_unicode_ci;


DROP TABLE IF EXISTS `asegurado_actividad`;
CREATE TABLE `asegurado_actividad` (
  `asegurado_actividad_id` int(11) NOT NULL AUTO_INCREMENT,
  `asegurado_actividad_nombre` varchar(255) COLLATE utf8_unicode_ci NOT NULL,
  PRIMARY KEY (`asegurado_actividad_id`)
) ENGINE=InnoDB DEFAULT CHARSET=utf8 COLLATE=utf8_unicode_ci;

INSERT INTO `asegurado_actividad` (`asegurado_actividad_id`, `asegurado_actividad_nombre`) VALUES
(1,	'ABOGADO'),
(2,	'ACTOR O ACTRIZ - DOBLE'),
(3,	'ACTOR O ACTRIZ - EXTRAS'),
(4,	'ACTOR O ACTRIZ TRABAJO EN ESTUDIO/TEATRO'),
(5,	'ACTOR O ACTRIZ TRABAJO EN EXTERIORES'),
(6,	'ACTUARIO'),
(7,	'ACUSTICA, INGENIERO O SUPERVISOR'),
(8,	'ACUSTICA, INSTALADOR'),
(9,	'ADMINISTRATIVO DENTRO Y FUERA DE OFICINA'),
(10,	'ADMINISTRATIVO EN OFICINA SOLAMENTE'),
(11,	'ADMINISTRATIVO EN OFICINAS'),
(12,	'ADMINISTRATIVO EN ZONAS DE RIESGOS'),
(13,	'ADUANA - DESPACHANTE'),
(14,	'ADUANA - INSPECTOR'),
(15,	'ADUANA - JEFE DE DEPOSITO'),
(16,	'ADUANA - TRAB C/ MAQ DE DESCARGA'),
(17,	'AERONAVES EMPLEADOS DE CAMPO Q NO VUELEN'),
(18,	'AERONAVES, MECANICO QUE NO HAGA PRUEBAS'),
(19,	'AEROPUERTO - ADMINISTRACION'),
(20,	'AEROPUERTO, ENCARGADO DE COMBUSTIBLE'),
(21,	'AEROPUERTO, ENCARGADO DE EQUIPAJE'),
(22,	'AEROPUERTO, OPERADOR DE RADIO'),
(23,	'AEROPUERTO, SUPERVISOR'),
(24,	'AEROPUERTO, TECNICO DE RADIO'),
(25,	'AGENTE  PRODUCTOR  VENDEDOR POR COMISION'),
(26,	'AGENTE DE ADUANAS'),
(27,	'AGENTES DE TURISMO'),
(28,	'AGRICULTURA - DESMONTE ALGODN'),
(29,	'AGRICULTURA - REFINERIAS DE AZUCAR'),
(30,	'AGRIMENSOR Y AYUDANTE'),
(31,	'AIRE ACOND. INSTALADOR, REPARADOR (EXTERIOR) H/ 8 M'),
(32,	'AIRE ACOND.INSTALADOR, REPARADOR (INTERIORES)'),
(33,	'AIRE ACONDICIONADO SUPERVISOR INGENIERO'),
(34,	'ALAMBRADORES DE CAMPO'),
(35,	'ALFOMBRAS INSTALADOR'),
(36,	'ALGODON, TENIDOR'),
(37,	'ALGODON, VENDEDOR, CLASIFICADOR'),
(38,	'ALUMINIO FABRICACION - OPERARIO'),
(39,	'ALUMINIO FABRICACION - TECNICOS'),
(40,	'AMA DE CASA'),
(41,	'AMBAR, TRABAJADOR CON MAQUINARIA'),
(42,	'AMBAR, TRABAJADOR SIN MAQUINARIA'),
(43,	'AMIANTO, CELULOIDE - OPERARIO'),
(44,	'AMIANTO, CELULOIDE - TECNICO'),
(45,	'ANALIZADOR, TRABAJO EN LA SUPERFICIE'),
(46,	'ANESTESISTA'),
(47,	'APICULTORES'),
(48,	'APUNTADOR'),
(49,	'ARMADO DE MUEBLES SIN EMPLEO DE MAQUINAS'),
(50,	'ARMADO LOCALES Y/O EXPOSICIONES H 6 MT'),
(51,	'ARQ/ING VISIT OBRAS EN ALTURA HASTA 6 M'),
(52,	'ARQU/INGEN VISITANDO OBRAS NO EN ALTURAS'),
(53,	'ARQUEOLOGO'),
(54,	'ARTISTAS PLASTICOS - CERAMISTAS'),
(55,	'ARTISTAS PLASTICOS - MURALISTAS'),
(56,	'ASCENSORES / ELEVADORES INSTALADOR'),
(57,	'ASCENSORES / ELEVADORES MECANICO'),
(58,	'ASCENSORES / ELEVADORES, SUPERVISOR'),
(59,	'ASCENSORISTAS'),
(60,	'ASESOR, ADMINISTRACION'),
(61,	'ASFALTO'),
(62,	'ASILOS Y ORFELINATOS ENFERMERA Y MUCAMA'),
(63,	'ASTILLEROS - INGENIERO'),
(64,	'ASTILLEROS - TECNICOS'),
(65,	'AUDITOR'),
(66,	'AUTOMOVILES - VENDEDOR CON DEMOSTRACION'),
(67,	'AUTOMOVILES MECANICO Q NO SEA D CARRERAS'),
(68,	'AUTOMOVILES OPERAD. MECANICO EN CARRERAS'),
(69,	'AUTOMOVILES, INSTRUCTOR ENSEÑA A MANEJAR'),
(70,	'AUTOMOVILES, PINTOR'),
(71,	'AVION EMPLEADOS DE FABRICA QUE NO VUELEN'),
(72,	'BACTERIOLOGO'),
(73,	'BANQUERO, GERENTE U OFICINISTA'),
(74,	'BARRENDERO DE EDIFICIOS, PARQUES'),
(75,	'BARRENDERO EN LAS CALLES'),
(76,	'BIBLIOTECARIO'),
(77,	'BIENES RAICES'),
(78,	'BIOLOGO'),
(79,	'BIOQUIMICO'),
(80,	'BORDADOR - TRABAJO CON MAQUINAS'),
(81,	'BORDADOR - TRABAJO MANUAL'),
(82,	'BOSQUES, EXPLOTACION DE - TECNICOS'),
(83,	'BOWLING (PARAPALOS)'),
(84,	'BOY SCOUT'),
(85,	'BUQUES - VIGILANDO CARGA Y DESCARGA'),
(86,	'BUQUES FLUVIALES Y LACUSTRES - PRACTICO'),
(87,	'CABALLERIZAS E HIPODROMOS HERRERO D STUD'),
(88,	'CAJERO'),
(89,	'CALDERAS, INSPECTOR DE'),
(90,	'CAMAROGRAFO'),
(91,	'CANTANTES'),
(92,	'CANTERA, SUPERVISOR'),
(93,	'CANTERAS DE CAL SIN EXPLOSIVOS OPERARIO'),
(94,	'CANTERAS DE CAL SIN EXPLOSIVOS TECNICOS'),
(95,	'CARBON, CEMENTO - OPERARIO'),
(96,	'CARBON, CEMENTO - SUPERVISOR'),
(97,	'CARGA Y DESCARGA DE MATERIALES'),
(98,	'CARNICERO CON USO DE SIERRA ELECTRICA EXC MATADERO'),
(99,	'CARPINTERO TRABAJO MANUAL CON MAQUINARIA'),
(100,	'CARPINTERO TRABAJO MANUAL SIN MAQUINARIA'),
(101,	'CASERO QUE NO REALICE MANTENIMIENTO'),
(102,	'CEMENTERIO - CUIDADOR'),
(103,	'CEMENTERIO - SEPULTURERO'),
(104,	'CEMENTERIO ADMINISTRATIVO'),
(105,	'CERAMICA, EMPLEADOS DE FABRICA'),
(106,	'CERRAJERO'),
(107,	'CHEFF CON TRABAJO MANUAL'),
(108,	'CHOFER CAMIONES'),
(109,	'CHOFER OMNIBUS Y/O SERVICIOS ESPECIALES'),
(110,	'CHOFER PARTICULARES  Y/O CAMIONETA'),
(111,	'CHOFER PRIVADO'),
(112,	'CHOFER TAXI Y/O REMISSE'),
(113,	'CHOFER TRACTORISTA Y/O MAQUINAS AGRICOLAS'),
(114,	'CHOFERES - AMBULANCIAS'),
(115,	'CHOFERES - AUTOS DE ALQUILER'),
(116,	'CIRCO EMPLEADOS ADMINISTRATIVOS'),
(117,	'CLERIGO'),
(118,	'CLUBES - CUIDADOR DE INSTALACIONES'),
(119,	'CLUBES - PERSONAL DE LIMPIEZA'),
(120,	'COBRADOR -'),
(121,	'COCINERO / PARRILLERO'),
(122,	'COLOCADOR DE MOSAICOS, INSTALADOR'),
(123,	'COMERCIANTE EN GENERAL'),
(124,	'COMERCIO  DE ALIMENTOS'),
(125,	'COMERCIO NAVAL Y AERONAUTICO'),
(126,	'COMISIONISTA'),
(127,	'COMPUTADORAS, OPERARIO DE'),
(128,	'CONFITERIAS Y PANADERIAS FABRICACION'),
(129,	'CONSERJE'),
(130,	'CONSERV Y ENVASADO DE FRUTAS'),
(131,	'CONSTR METALICAS TECNICOS HASTA 8 M'),
(132,	'CONSTR. TECHOS Y HORMIGON E/ 6 Y 8 M ALT'),
(133,	'CONSTRUCCION ENTRE 6 Y  8 MTS. DE ALTURA'),
(134,	'CONSTRUCCION HASTA 6 MTS. DE ALTURA'),
(135,	'CONSTRUCCIÓN ARQUITECTO DISEÑO  SOLAMENTE'),
(136,	'CONSTRUCCIÓN DECORADOR DE INTERIORES HASTA 4 M'),
(137,	'CONTADOR'),
(138,	'CONTRATISTA SIN TAREA EN OBRA'),
(139,	'CORCHO, CORTADOR O INSTALADOR'),
(140,	'CORRALON DE CONSTRUCCION CON MAQUINARIA'),
(141,	'CORRALON DE CONSTRUCCION SIN MAQUINARIA'),
(142,	'CORREDORES DE BOLSA'),
(143,	'CORREDORES DE CAMBIO'),
(144,	'CORREDORES DE COMERCIO'),
(145,	'CORREDORES DE GANADO'),
(146,	'CORREDORES DE PLAZA'),
(147,	'CORREDORES DE VIAJES'),
(148,	'CORREOS - CARTERO (SIN MOTOCICLETAS)'),
(149,	'CORREOS - INSPECTOR TELEGRAFO'),
(150,	'CREMATORIO, OPERADOR'),
(151,	'CUERO, EMPLEADOS DE FABRICAS'),
(152,	'CURADOR DE MUSEOS, GALERIAS DE ARTE'),
(153,	'CURTIEMBRE Y CHAROLERIA'),
(154,	'DECORACIONES CON TRAB MANUAL EN TALLER'),
(155,	'DECORACIONES EXTERIORES ENTRE 6 Y 8 MT'),
(156,	'DECORACIONES EXTERIORES MENOS DE 6 MT'),
(157,	'DENTISTA'),
(158,	'DEPORTE GIMNASTA (EXCL DEPORTES DE RIESGO)'),
(159,	'DEPORTES, ARBITRO'),
(160,	'DEPORTES, ENTRENADOR / INSTRUCTORR'),
(161,	'DERMATOLOGO'),
(162,	'DESINFECCION'),
(163,	'DESTILERIAS - OPERARIO'),
(164,	'DESTILERIAS - TECNICOS'),
(165,	'DETECTIVE PRIVADO SIN USO DE ARMAS'),
(166,	'DIAMANTES CORTADOR PULIDOR ENSAMBLADOR'),
(167,	'DIARIOS  Y REVISTAS - DISTRIBUIDOR'),
(168,	'DIARIOS REVISTAS VENTA AMBULANTE S/ MOTO'),
(169,	'DIARIOS Y REVISTAS - VENTA EN QUIOSCOS'),
(170,	'DIBUJANTE, DISENADOR, CARICATURISTA'),
(171,	'DIPLOMATICO'),
(172,	'DIRECTOR DE ESCENA'),
(173,	'ECONOMISTA'),
(174,	'EJECUTIVO'),
(175,	'ELECTRICIDAD - INSPECTOR DE MONTAJES'),
(176,	'ELECTRICIDAD - LECTOR DE MEDIDORES'),
(177,	'ELECTRICIDAD - MONTADOR HASTA 8 M'),
(178,	'ELECTRICISTA EN DOMICILIO EXCL HASTA 6 METROS'),
(179,	'ELECTRICISTA EN OBRA GRAL O DOMICILIO HASTA 8 M'),
(180,	'EMBALADOR'),
(181,	'EMBOTELLADORAS, EMPLEADO'),
(182,	'EMBOTELLADORAS, SUPERVISOR'),
(183,	'EMBUTIDOS, EMPLEADOS DE FABRICA'),
(184,	'EMPACADOR'),
(185,	'EMPRESARIO'),
(186,	'ENCUADERNACION, TRABAJADOR DE PLANTA'),
(187,	'ENCUADERNADOR DE LIBROS'),
(188,	'ENFERMERO'),
(189,	'ENGRASADOR'),
(190,	'ENLATADORA, TRABAJADOR DE PLANTA'),
(191,	'ENOLOGO'),
(192,	'ENTRENADOR, CRIADOR O CUIDADOR DE PERROS'),
(193,	'EQUIPAJE, ENCARGADO DE'),
(194,	'ESCENOGRAFO'),
(195,	'ESCRIBANO'),
(196,	'ESCRITOR'),
(197,	'ESCULTOR - EN PIEDRA Y MARMOL'),
(198,	'ESCULTOR DE ESTUDIO'),
(199,	'ESCULTOR MADERA C/ USO D MAQUINARIAS'),
(200,	'ESCULTOR MADERA S/ USO DE MAQUINARIAS'),
(201,	'ESCULTOR MODELADO C/ USO DE MAQUINARIAS'),
(202,	'ESCULTOR MODELADO S/ USO DE MAQUINARIAS'),
(203,	'ESTACIONAMIENTO, GUARDIAN O ENCARGADO'),
(204,	'ESTRUCTURAS DE METAL TRABAJ. EN FABRICA'),
(205,	'ESTRUCTURAS DE METAL, SUPERVISOR'),
(206,	'ESTUDIANTE'),
(207,	'EXCAVACION CIELO ABIERTO H/PROFUND 2,5 M'),
(208,	'EXCAVADOR - SUPERVISOR'),
(209,	'EXCAVADOR OBRERO HASTA 2 M PROFUNDIDAD'),
(210,	'FABRICA DE MAQUINARIAS SUPERVISOR'),
(211,	'FABRICA DE MUEBLES C/ EMPLEO DE MAQUINAS'),
(212,	'FABRICA DE PINTURA, EMPLEADOS'),
(213,	'FABRICANTE (NO TRABAJADOR DE PLANTA)'),
(214,	'FARMACEUTICO / DROGUERIA'),
(215,	'FERRETERIA'),
(216,	'FERROCARRIL, ENCARGADO EQUIPAJE, SEÑALES'),
(217,	'FERROCARRIL, TELEGRAFISTA'),
(218,	'FERROCARRILES - GUARDA (EN VIAJE)'),
(219,	'FERROCARRILES - MAQUINISTA'),
(220,	'FERROCARRILES - OPERARIO'),
(221,	'FERROCARRILES - TECNICOS / INGENIERO'),
(222,	'FERROCARRILES JEFE Y PERS. DE ESTACION'),
(223,	'FERTILIZANTES, EMPLEADOS DE FABRICA'),
(224,	'FISIOTERAPISTA'),
(225,	'FLORERIA/INVERNADERO CON TRABAJO MANUAL'),
(226,	'FLORERIA/INVERNADERO SIN TRABAJO MANUAL'),
(227,	'FLORES, VENDEDOR, REPARTIDOR'),
(228,	'FLUVIALES Y LACUSTRES TRIPULACION ADMINI'),
(229,	'FONOGRAFIA, FABRICA DE DISCOS'),
(230,	'FORESTAL, GUARDA'),
(231,	'FOSFATOS, SUPERVISOR DE FABRICA'),
(232,	'FOTOCOPIAS, OPERADOR'),
(233,	'FOTOGRAFO - LABORATORIO'),
(234,	'FOTOGRAFO, TRABAJO DE ESTUDIO'),
(235,	'FUMIGADOR, INSECTOS'),
(236,	'FUNDICION D METALES NO PRECIOSOS OPERARI'),
(237,	'FUNDICION D METALES NO PRECIOSOS TECNICO'),
(238,	'FUNDICIONES'),
(239,	'FUNERARIA  ADMINISTRATIVO'),
(240,	'FUNERARIA, CHOFER'),
(241,	'GARAGES - PERSONAL'),
(242,	'GAS, QUE REPARTA, INSTALADOR'),
(243,	'GASISTA'),
(244,	'GASOLINA, EMPLEADO O DISTRIBUIDOR'),
(245,	'GEOLOGO - EN EXPLOTACION DE PETROLEO'),
(246,	'GEOLOGO, EN LA SUPERFICIE'),
(247,	'GOLF, CADDIE, SUPERVISOR, INSTRUCTOR'),
(248,	'GRABADOR, METAL Y MADERA'),
(249,	'GRAVA EMPLEADOS (TRABAJA CON SEDIMENTOS)'),
(250,	'GRAVA, SUPERVISOR'),
(251,	'GRUAS, OPERADOR'),
(252,	'GUARDAVIDA DE PILETA'),
(253,	'GUARDAVIDA DE RIO'),
(254,	'GUIAS DE TURISMO'),
(255,	'HARINAS, EMPLEADOS DE FABRICA'),
(256,	'HELADOS, FABRICA'),
(257,	'HERREROS HASTA 6 MT (EXCLUIDO TINGLADOS)'),
(258,	'HIDROTERAPISTA'),
(259,	'HOTELES, EMPLEADOS EN GENERAL'),
(260,	'HOTELES, PROPIETARIO SUPERV O ADMNISTRAT'),
(261,	'IMPRENTA - MAQUINISTA'),
(262,	'IMPRENTA LINOTIPISTA TIPOGRAFO LITOGRAFO'),
(263,	'INDUSTRIA, DEBERES DE OFICINA SOLAMENTE'),
(264,	'ING SUPERV C/ TRAB MANUAL H 6 MT'),
(265,	'INGENIERO AGRONOMO'),
(266,	'INGENIERO EN OFICINA DE PLANTA'),
(267,	'INGENIERO INDUSTRIAL SUPERVISION SOLAM.'),
(268,	'INGENIERO MECANICO SUPERVISION SOLAMENTE'),
(269,	'INGENIERO/SUPERVISOR S/ TRABAJO MANUAL'),
(270,	'INSPECTOR AGRICULTURA'),
(271,	'INSPECTOR DE ADUANAS'),
(272,	'INSPECTOR DE CALDERAS'),
(273,	'INSPECTOR DE CONSTRUCCIONES'),
(274,	'INSPECTOR DE CORREOS'),
(275,	'INSPECTOR DE OMNIBUS Y MICROS'),
(276,	'INSPECTOR FLUVIAL'),
(277,	'INSTALACION/MONTAJE DE MAQ HASTA 6 M'),
(278,	'INSTALACION/MONTAJE DE MAQ HASTA 8 M'),
(279,	'INSTRUMENTISTA'),
(280,	'INSTRUMENTOS, TECNICO QUE REPARE A MANO'),
(281,	'JABON, EMPLEADOS DE FABRICA'),
(282,	'JARDINERO CON PODA DE ARBOLES HASTA 4 MT'),
(283,	'JARDINERO SIN PODA DE ARBOLES SIN ALTURA'),
(284,	'JOYERIA (ORFEBRE) / TRABAJO MANUAL'),
(285,	'JUEZ'),
(286,	'LABORATORISTA'),
(287,	'LACA, EMPLEADO DE FABRICA'),
(288,	'LADRILLOS (FABRICACION)'),
(289,	'LANA, COMPRADOR, VENDEDOR'),
(290,	'LAVANDERIA, TRABAJADOR DE PLANTA'),
(291,	'LETREROS LUMINOSOS OBRERO E/ 6 Y 8 M ALT'),
(292,	'LETREROS LUMINOSOS TECNICOS HASTA 6 MT'),
(293,	'LETRISTA EN EXTERIORES HASTA 6 MTS.'),
(294,	'LETRISTA EN TALLER'),
(295,	'LEÑADORES'),
(296,	'LICORES, OTROS EMPLEADOS'),
(297,	'LICORES, SUPERVISOR, INSPECTOR'),
(298,	'LITOGRAFO'),
(299,	'LOCUTORES'),
(300,	'MAESTROS Y PROFESORES'),
(301,	'MANICURISTA, PEDICURISTA, PELUQUERO'),
(302,	'MAQUILLADOR'),
(303,	'MAQUINAS DE COSER O SIMILARES - MECANICO'),
(304,	'MASAJISTA'),
(305,	'MAYORDOMO'),
(306,	'MECANICO DENTAL'),
(307,	'MECANICO EN GENERAL'),
(308,	'MECANICO, DE AUTOMOVILES O AVIACION'),
(309,	'MECANICOS EN TALLER DE FUNDICION'),
(310,	'MEDICO'),
(311,	'MEDICO  CIRUJANO'),
(312,	'MEDICO A DOMICILIO - VIAJANTE'),
(313,	'MEDICO FORENSE'),
(314,	'MEDICO RURAL'),
(315,	'MEDIDORES INSTALADOR REPARADOR TECNICO'),
(316,	'MELAZA'),
(317,	'MENSAJERO / CADETE EN LA CALLE SIN MOTO'),
(318,	'MENSAJERO/CADETE EN CALLE USO BICICLETA'),
(319,	'MERCADO VENTA DE FRUTAS'),
(320,	'METAL, INSTRUMENTOS DE PRECISION DE'),
(321,	'METALES - SUPERVISOR EN FABRICA'),
(322,	'METALES ELABORACION DE - TECNICOS'),
(323,	'METALES ENCARGADO DE CALDERAS EN FABRICA'),
(324,	'METALES, CORTADOR'),
(325,	'METALES, EMPAQUE DE'),
(326,	'METALES, ENSAMBLADOR DE FABRICA'),
(327,	'METALES, GALVANIZADOR DE'),
(328,	'METALURGICO'),
(329,	'METEOROLOGO'),
(330,	'MICROFONISTA'),
(331,	'MINEROLOGO'),
(332,	'MODELO'),
(333,	'MODISTAS'),
(334,	'MOLINERO COLOCA BOMBAS SUMERGIBLES'),
(335,	'MOLINERO CON TRABAJO MANUAL'),
(336,	'MONJA'),
(337,	'MONJE, ENCARGADO'),
(338,	'MOZO / MESERO SERVICIO DE MESA EXCLUSIV'),
(339,	'MOZO CON OTROS TRABAJOS'),
(340,	'MUDANZAS'),
(341,	'MUDANZAS PEONES'),
(342,	'MUSICA, INSTRUMENTOS, TECNICO'),
(343,	'MUSICOS'),
(344,	'MUSICOS Y ORQUESTAS - DIRECTORES'),
(345,	'NINERA'),
(346,	'NUTRICIONISTA'),
(347,	'OFTALMOLOGO, OPTOMETRISTA, OCULISTA'),
(348,	'ORDENANZA'),
(349,	'ORQUESTA, DIRECTOR'),
(350,	'OSTEOPATA'),
(351,	'PAGADOR'),
(352,	'PAGADOR, DEBERES DE OFICINA SOLAMENTE'),
(353,	'PAPEL, BOLSAS, CAJAS, CARTON, FABRICA DE'),
(354,	'PAPEL, SUPERVISOR EN FABRICA'),
(355,	'PARACAIDAS, FABRICA'),
(356,	'PARAFINA, FABRICA DE'),
(357,	'PARQUES, OPERADOR JUEGOS MECANICOS'),
(358,	'PASEADOR DE PERROS'),
(359,	'PASTA, FABRICA DE'),
(360,	'PATINAJE, INSTRUCTOR'),
(361,	'PATRONES DE PAPEL O CERA, FABRICA DE'),
(362,	'PEDICURO/A'),
(363,	'PELETERO'),
(364,	'PELUCAS, FABRICA DE'),
(365,	'PERFOR. EN CASAS Y CIELO ABIERTO H 1,5 M'),
(366,	'PERFUME, FABRICA'),
(367,	'PERIODISTA / REPORTERO EN ESTUDIO'),
(368,	'PERIODISTA, GERENTE O SUPERVISOR, EDITOR'),
(369,	'PERSONAL D SENALIZACION Y GUARDABARRERAS'),
(370,	'PERSONAL MEDICO EN MANICOMIO O PRISION'),
(371,	'PERSONAL Q REALICE MANTENIMIENTO H 6 MT'),
(372,	'PESCADERIA, DISTRIBUCION'),
(373,	'PESCADOR DE RIO'),
(374,	'PIANOS Y ORGANOS (REPARADORES)'),
(375,	'PINTOR - EXTERIORES - ENTRE 6 Y 8 MTS.'),
(376,	'PINTOR - EXTERIORES - MENOS DE 6 MTS.'),
(377,	'PINTOR DE INTERIOR NO EN ALTURA'),
(378,	'PISCICULTOR (CRIADERO DE PECES)'),
(379,	'PISOS, EMPLEADO DE FABRICA'),
(380,	'PLASTICOS, EMPLEADOS DE'),
(381,	'PLASTICOS, INSPECTOR, SUPERVISOR'),
(382,	'PLOMERO HASTA 6 M'),
(383,	'PODA DE ARBOLES - TRABAJO MANUAL H 4 MTS'),
(384,	'POLITICO'),
(385,	'PORTERO'),
(386,	'PORTERO REALIZA TRABAJO DE MANTENIMIENTO'),
(387,	'PRISION ADMINISTRATIVOS'),
(388,	'PROCURADOR'),
(389,	'PRODUC. QUIMICOS FABRICACION DE OPERARIO'),
(390,	'PRODUC. QUIMICOS FABRICACION DE TECNICOS'),
(391,	'PROFESORES INCLUIDO ESGRIMA Y EQUITACION'),
(392,	'PROMOTOR EN LA VIA PUBLICA A PIE'),
(393,	'PROMOTOR EN STAND Y/O LOCALES'),
(394,	'PROPIETARIO CARPINT. S/ TAREAS EN TALLER'),
(395,	'PSICOLOGO'),
(396,	'PUBLICISTA'),
(397,	'PULIDOR (MARMOL, MOSAICOS, MADERA)'),
(398,	'QUIMICA, ASESOR SOLAMENTE'),
(399,	'QUIMICO TRABAJO ANALITICO DE LABORATORIO'),
(400,	'QUIMICO, ELEMENTOS QUIMICOS NO PELIGROSO'),
(401,	'RABINO'),
(402,	'RADIO -TECNICO SIN TRABAJOS EN ALTURAS'),
(403,	'RADIO Y TV - MECANICO / INGENIEROS'),
(404,	'RADIOLOGO Y ASISTENTE'),
(405,	'RECAUDADOR DE IMPUESTOS, INVESTIGADOR'),
(406,	'RECURSOS HUMANOS'),
(407,	'REFINERIAS DE ACEITE, INSPECTOR'),
(408,	'REFINERIAS, DE ACEITE, EMPLEADOS DE'),
(409,	'REFLECTORISTA'),
(410,	'RELOJERO'),
(411,	'REPARACION DE GOMAS Y/O NEUMATICOS'),
(412,	'REPARTIDORES D MUEBLES C/ CARGA Y DESCAR'),
(413,	'REPOSITOR DE SUPERMERCADO'),
(414,	'RESTAURANT Y BAR'),
(415,	'SACERDOTE'),
(416,	'SALINAS, SUPERVISOR'),
(417,	'SALINAS, TRABAJADOR'),
(418,	'SALUD, INSPECTOR, EMPLEADOS DE CLINICA'),
(419,	'SANITARIOS, FABRICA - OPERARIO'),
(420,	'SANITARIOS, FABRICA - TECNICOS'),
(421,	'SASTRERIA - CORTADOR CON  MAQUINAS'),
(422,	'SASTRES'),
(423,	'SECRETARIA / RECEPCIONISTA / TELEFONISTA'),
(424,	'SEGURID EN PUERTA SIN PORTACION DE ARMAS'),
(425,	'SEGURIDAD E HIGIENE - INGENIERO'),
(426,	'SEGURIDAD EN BANCOS SIN PORTACIN ARMAS'),
(427,	'SEGURIDAD MANICOMIO SIN PORTACION DE ARMAS'),
(428,	'SEGUROS - INSPECTORES, LIQUIDADORES'),
(429,	'SEGUROS, EJECUTIVO U OFICINISTA'),
(430,	'SERVICIO DOMESTICO - COCINERO'),
(431,	'SERVICIO DOMESTICO - JARDINERO'),
(432,	'SERVICIO DOMESTICO - MUCAMA'),
(433,	'SERVICIO DOMESTICO - PORTERO'),
(434,	'SERVICIO SOCIAL, ADMINISTRACION'),
(435,	'SINDICATO, LIDER DE, DIRECTOR'),
(436,	'SOLDADOR'),
(437,	'SONIDISTA'),
(438,	'SUBASTADOR / REMATES'),
(439,	'SUBASTADOR DE GANADO'),
(440,	'TABACO, EMPLEADO EN FABRICA, INSPECTOR'),
(441,	'TAPICERO'),
(442,	'TAXIDERMISTA / EMBALSAMADOR'),
(443,	'TEATRO RADIO Y TV - BAILARINES'),
(444,	'TEATRO RADIO Y TV - CORISTAS'),
(445,	'TECHOS Y HORMIGON - MENOS DE 6 MT ALTURA'),
(446,	'TECNICO ELECTROMECANICO TAREAS HASTA 6 M'),
(447,	'TECNICOS EN GENERAL HASTA 6 MTS'),
(448,	'TEJIDOS (TEJEDOR A MANO)'),
(449,	'TELEFONOS - INGENIEROS INSPECCIONANDO'),
(450,	'TELEFONOS - INSTALADOR HASTA 6 MTS'),
(451,	'TELEVISION REPARACION DE APARATOS'),
(452,	'TESORERO CON MANEJO DE DINERO'),
(453,	'TEXTILES, FABRICA DE'),
(454,	'TINTES, TENIDOR'),
(455,	'TODO EL PERSONAL INCLUIDO ADMINISTRACIÓN'),
(456,	'TOPOGRAFOS'),
(457,	'TRABAJADOR RURAL CON  EMPLEO MAQUINARIA'),
(458,	'TRABAJADOR RURAL SIN EMPLEO MAQUINARIA'),
(459,	'TRADUCTOR'),
(460,	'VELAS, FABRICA DE'),
(461,	'VENDEDOR AMBULANTE'),
(462,	'VENDEDOR AMBULANTE CON USO DE CAMION'),
(463,	'VENDEDOR CORRALON DE MATERIALES'),
(464,	'VENDEDOR DE SALON EXCLUSIVAMENTE'),
(465,	'VETERINARIO ANIMALES GANADO / GRANDES'),
(466,	'VETERINARIO ANIMALES PEQUEÑOS DOMESTICOS'),
(467,	'VIAJANTES'),
(468,	'VIDRIO, EMPLEADOS DE FABRICA'),
(469,	'VIDRIO, SUPERVISOR, GRABADOR'),
(470,	'VISITADOR SOCIAL'),
(471,	'ZAPATERO'),
(472,	'ZOOLOGO');

DROP TABLE IF EXISTS `automotor`;
CREATE TABLE `automotor` (
  `automotor_id` int(10) unsigned NOT NULL AUTO_INCREMENT,
  `poliza_id` int(10) unsigned NOT NULL,
  `automotor_marca_id` int(11) NOT NULL,
  `modelo` varchar(100) COLLATE utf8_unicode_ci NOT NULL,
  `castigado` tinyint(1) NOT NULL DEFAULT '0',
  `patente` varchar(20) COLLATE utf8_unicode_ci NOT NULL,
  `automotor_tipo_id` int(11) NOT NULL,
  `uso` enum('Particular','Comercial','Comercial / Particular') COLLATE utf8_unicode_ci NOT NULL,
  `ano` smallint(5) unsigned NOT NULL,
  `automotor_carroceria_id` int(11) NOT NULL,
  `combustible` enum('Nafta','Diesel') COLLATE utf8_unicode_ci NOT NULL,
  `0km` tinyint(3) unsigned NOT NULL,
  `importado` tinyint(3) unsigned NOT NULL,
  `nro_motor` varchar(255) COLLATE utf8_unicode_ci NOT NULL,
  `nro_chasis` varchar(255) COLLATE utf8_unicode_ci NOT NULL,
  `chapa` enum('Bueno','Regular','Malo') COLLATE utf8_unicode_ci DEFAULT NULL,
  `pintura` enum('Bueno','Regular','Malo') COLLATE utf8_unicode_ci DEFAULT NULL,
  `tipo_pintura` enum('Común','Bicapa','Tricapa') COLLATE utf8_unicode_ci DEFAULT NULL,
  `tapizado` enum('Tela','Pana','Cuero') COLLATE utf8_unicode_ci DEFAULT NULL,
  `color` varchar(35) COLLATE utf8_unicode_ci DEFAULT NULL,
  `accesorios` tinyint(3) unsigned NOT NULL,
  `zona_riesgo` enum('1','2','3','4') COLLATE utf8_unicode_ci NOT NULL,
  `prendado` tinyint(3) unsigned NOT NULL,
  `acreedor_rs` varchar(75) COLLATE utf8_unicode_ci DEFAULT NULL,
  `acreedor_cuit` varchar(15) COLLATE utf8_unicode_ci DEFAULT NULL,
  `infoauto` tinyint(3) unsigned NOT NULL,
  `observaciones` text COLLATE utf8_unicode_ci,
  `alarma` tinyint(3) unsigned NOT NULL DEFAULT '0',
  `corta_corriente` tinyint(3) unsigned NOT NULL DEFAULT '0',
  `corta_nafta` tinyint(3) unsigned NOT NULL DEFAULT '0',
  `traba_volante` tinyint(3) unsigned NOT NULL DEFAULT '0',
  `matafuego` tinyint(3) unsigned NOT NULL DEFAULT '0',
  `tuercas` tinyint(3) unsigned NOT NULL DEFAULT '0',
  `equipo_rastreo_id` int(11) unsigned DEFAULT NULL,
  `micro_grabado` tinyint(3) unsigned NOT NULL DEFAULT '0',
  `cupon_vintrak` varchar(100) COLLATE utf8_unicode_ci DEFAULT NULL,
  `cupon_vintrak_fecha` date DEFAULT NULL,
  `antena` tinyint(3) unsigned NOT NULL DEFAULT '0',
  `estereo` tinyint(3) unsigned NOT NULL DEFAULT '0',
  `parlantes` tinyint(3) unsigned NOT NULL DEFAULT '0',
  `aire` tinyint(3) unsigned NOT NULL DEFAULT '0',
  `cristales_electricos` tinyint(3) unsigned NOT NULL DEFAULT '0',
  `faros_adicionales` tinyint(3) unsigned NOT NULL DEFAULT '0',
  `cierre_sincro` tinyint(3) unsigned NOT NULL DEFAULT '0',
  `techo_corredizo` tinyint(3) unsigned NOT NULL DEFAULT '0',
  `direccion_hidraulica` tinyint(3) unsigned NOT NULL DEFAULT '0',
  `frenos_abs` tinyint(3) unsigned NOT NULL DEFAULT '0',
  `airbag` tinyint(3) unsigned NOT NULL DEFAULT '0',
  `cristales_tonalizados` tinyint(3) unsigned NOT NULL DEFAULT '0',
  `gps` tinyint(3) unsigned NOT NULL DEFAULT '0',
  `cubiertas_medidas` varchar(50) COLLATE utf8_unicode_ci DEFAULT NULL,
  `cubiertas_marca` varchar(100) COLLATE utf8_unicode_ci DEFAULT NULL,
  `cubiertas_desgaste_di` tinyint(3) unsigned NOT NULL,
  `cubiertas_desgaste_dd` tinyint(3) unsigned NOT NULL,
  `cubiertas_desgaste_ti` tinyint(3) unsigned NOT NULL,
  `cubiertas_desgaste_td` tinyint(3) unsigned NOT NULL,
  `cubiertas_desgaste_1ei` tinyint(3) unsigned DEFAULT NULL,
  `cubiertas_desgaste_1ed` tinyint(3) unsigned DEFAULT NULL,
  `cubiertas_desgaste_auxilio` tinyint(3) unsigned NOT NULL,
  `nro_oblea` varchar(50) COLLATE utf8_unicode_ci DEFAULT NULL,
  `nro_regulador` varchar(50) COLLATE utf8_unicode_ci DEFAULT NULL,
  `marca_regulador` varchar(50) COLLATE utf8_unicode_ci DEFAULT NULL,
  `marca_cilindro` varchar(50) COLLATE utf8_unicode_ci DEFAULT NULL,
  `venc_oblea` date DEFAULT NULL,
  `nro_tubo` varchar(50) COLLATE utf8_unicode_ci DEFAULT NULL,
  `cobertura_tipo_id` int(11) NOT NULL,
  `franquicia` mediumint(8) unsigned DEFAULT NULL,
  `limite_rc` enum('$500.000','$3.000.000','$10.000.000') COLLATE utf8_unicode_ci NOT NULL,
  `servicio_grua` tinyint(3) unsigned DEFAULT NULL,
  `valor_vehiculo` mediumint(8) unsigned NOT NULL,
  `valor_gnc` mediumint(8) unsigned NOT NULL,
  `valor_accesorios` mediumint(8) unsigned NOT NULL,
  `valor_total` int(10) unsigned NOT NULL,
  PRIMARY KEY (`automotor_id`),
  UNIQUE KEY `poliza_id` (`poliza_id`) USING BTREE,
  KEY `cobertura_tipo_id` (`cobertura_tipo_id`),
  KEY `automotor_tipo_id` (`automotor_tipo_id`),
  KEY `automotor_carroceria_id` (`automotor_carroceria_id`),
  KEY `equipo_rastreo_id` (`equipo_rastreo_id`),
  CONSTRAINT `automotor_ibfk_1` FOREIGN KEY (`poliza_id`) REFERENCES `poliza` (`poliza_id`),
  CONSTRAINT `automotor_ibfk_2` FOREIGN KEY (`cobertura_tipo_id`) REFERENCES `cobertura_tipo` (`cobertura_tipo_id`),
  CONSTRAINT `automotor_ibfk_3` FOREIGN KEY (`automotor_tipo_id`) REFERENCES `automotor_tipo` (`automotor_tipo_id`),
  CONSTRAINT `automotor_ibfk_4` FOREIGN KEY (`automotor_carroceria_id`) REFERENCES `automotor_carroceria` (`automotor_carroceria_id`)
) ENGINE=InnoDB DEFAULT CHARSET=utf8 COLLATE=utf8_unicode_ci;


DROP TABLE IF EXISTS `automotor_carroceria`;
CREATE TABLE `automotor_carroceria` (
  `automotor_carroceria_id` int(11) NOT NULL AUTO_INCREMENT,
  `automotor_carroceria_nombre` varchar(50) COLLATE utf8_unicode_ci NOT NULL,
  PRIMARY KEY (`automotor_carroceria_id`)
) ENGINE=InnoDB DEFAULT CHARSET=utf8 COLLATE=utf8_unicode_ci;

INSERT INTO `automotor_carroceria` (`automotor_carroceria_id`, `automotor_carroceria_nombre`) VALUES
(1,	'SEDAN 2 PUERTAS'),
(2,	'SEDAN 3 PUERTAS'),
(3,	'SEDAN 4 PUERTAS'),
(4,	'SEDAN 5 PUERTAS'),
(5,	'RURAL 3 PUERTAS'),
(6,	'RURAL 5 PUERTAS'),
(7,	'BERLINA 3 PUERTAS'),
(8,	'BERLINA 5 PUERTAS'),
(9,	'MAS DE 50CC'),
(10,	'MENOS DE  50CC'),
(11,	'BREAK 5 PTAS'),
(12,	'CUOPE'),
(13,	'CABRIOLET'),
(14,	'4X4'),
(15,	'4X2'),
(16,	'TODO TERRENO'),
(17,	'TRAILER');

DROP TABLE IF EXISTS `automotor_gnc_foto`;
CREATE TABLE `automotor_gnc_foto` (
  `automotor_gnc_foto_id` int(11) NOT NULL AUTO_INCREMENT,
  `poliza_id` int(10) unsigned NOT NULL,
  `automotor_gnc_foto_url` varchar(500) COLLATE utf8_unicode_ci NOT NULL,
  `automotor_gnc_foto_thumb_url` varchar(500) COLLATE utf8_unicode_ci NOT NULL,
  `automotor_gnc_foto_width` int(11) NOT NULL,
  `automotor_gnc_foto_height` int(11) NOT NULL,
  PRIMARY KEY (`automotor_gnc_foto_id`),
  KEY `poliza_id` (`poliza_id`)
) ENGINE=InnoDB DEFAULT CHARSET=utf8 COLLATE=utf8_unicode_ci;


DROP TABLE IF EXISTS `automotor_marca`;
CREATE TABLE `automotor_marca` (
  `automotor_marca_id` int(11) NOT NULL AUTO_INCREMENT,
  `automotor_marca_nombre` varchar(100) COLLATE utf8_unicode_ci NOT NULL,
  PRIMARY KEY (`automotor_marca_id`)
) ENGINE=InnoDB DEFAULT CHARSET=utf8 COLLATE=utf8_unicode_ci;

INSERT INTO `automotor_marca` (`automotor_marca_id`, `automotor_marca_nombre`) VALUES
(1,	'CHEVROLET'),
(2,	'CITROEN'),
(3,	'FIAT'),
(4,	'FORD'),
(5,	'PEUGEOT'),
(6,	'RENAULT'),
(7,	'VOLKSWAGEN'),
(8,	'ACURA'),
(9,	'ALEKO'),
(10,	'ALFA ROMEO'),
(11,	'ARO'),
(12,	'ASIA'),
(13,	'AUDI'),
(14,	'AUSTIN'),
(15,	'AUTOBIANCHI'),
(16,	'BERTONE'),
(17,	'BMW'),
(18,	'CHERY'),
(19,	'CHRYSLER'),
(20,	'DACIA'),
(21,	'DAEWOO'),
(22,	'DAIHATSU'),
(23,	'ENIAK'),
(24,	'FERRARI'),
(25,	'G.A.Z.'),
(26,	'GROSSPAL'),
(27,	'HAM-JIANG'),
(28,	'HEIBAO'),
(29,	'HONDA'),
(30,	'HUMMER'),
(31,	'HYUNDAI'),
(32,	'ISUZU'),
(33,	'IVECO'),
(34,	'IZH'),
(35,	'JAC'),
(36,	'JAGUAR'),
(37,	'KIA'),
(38,	'KIA CAMION'),
(39,	'LADA'),
(40,	'LANCIA'),
(41,	'MAHINDRA'),
(42,	'MASERATI'),
(43,	'MAZDA'),
(44,	'MERCEDES BENZ'),
(45,	'MINI COOPER'),
(46,	'MITSUBISHI'),
(47,	'NAKAI (CHANGAN)'),
(48,	'NISSAN'),
(49,	'OPEL'),
(50,	'PIAGGIO'),
(51,	'POLONEZ'),
(52,	'PORSCHE'),
(53,	'PROTON'),
(54,	'RANQUEL'),
(55,	'ROLLS ROYCE'),
(56,	'ROVER-LAND ROV.'),
(57,	'SAAB'),
(58,	'SANTANA'),
(59,	'SEAT'),
(60,	'SKODA'),
(61,	'SMART'),
(62,	'SUBARU'),
(63,	'SUZUKI'),
(64,	'TATA'),
(65,	'TOYOTA'),
(66,	'UAZ'),
(67,	'VOLVO'),
(68,	'WULING MOTORS'),
(69,	'YANTAI'),
(70,	'YUEJIN'),
(71,	'DATSUN'),
(72,	'KIWI'),
(73,	'LEGNANO'),
(74,	'YAMAHA'),
(75,	'OTROS'),
(76,	'GILERA');

DROP TABLE IF EXISTS `automotor_micrograbado_foto`;
CREATE TABLE `automotor_micrograbado_foto` (
  `automotor_micrograbado_foto_id` int(11) NOT NULL AUTO_INCREMENT,
  `poliza_id` int(10) unsigned NOT NULL,
  `automotor_micrograbado_foto_url` varchar(500) COLLATE utf8_unicode_ci NOT NULL,
  `automotor_micrograbado_foto_thumb_url` varchar(500) COLLATE utf8_unicode_ci NOT NULL,
  `automotor_micrograbado_foto_width` int(11) NOT NULL,
  `automotor_micrograbado_foto_height` int(11) NOT NULL,
  PRIMARY KEY (`automotor_micrograbado_foto_id`),
  KEY `poliza_id` (`poliza_id`),
  CONSTRAINT `automotor_micrograbado_foto_ibfk_1` FOREIGN KEY (`poliza_id`) REFERENCES `poliza` (`poliza_id`) ON DELETE CASCADE
) ENGINE=InnoDB DEFAULT CHARSET=utf8 COLLATE=utf8_unicode_ci;


DROP TABLE IF EXISTS `automotor_tipo`;
CREATE TABLE `automotor_tipo` (
  `automotor_tipo_id` int(11) NOT NULL AUTO_INCREMENT,
  `automotor_tipo_nombre` varchar(50) COLLATE utf8_unicode_ci NOT NULL,
  PRIMARY KEY (`automotor_tipo_id`)
) ENGINE=InnoDB DEFAULT CHARSET=utf8 COLLATE=utf8_unicode_ci;

INSERT INTO `automotor_tipo` (`automotor_tipo_id`, `automotor_tipo_nombre`) VALUES
(1,	'Automotor'),
(2,	'Pickup A'),
(3,	'Pickup B'),
(4,	'Moto'),
(5,	'Acoplado'),
(6,	'Bantam');

DROP TABLE IF EXISTS `automotor_tipo_carroceria`;
CREATE TABLE `automotor_tipo_carroceria` (
  `automotor_tipo_carroceria_id` int(11) NOT NULL AUTO_INCREMENT,
  `automotor_tipo_id` int(11) NOT NULL,
  `automotor_carroceria_id` int(11) NOT NULL,
  PRIMARY KEY (`automotor_tipo_carroceria_id`),
  KEY `automotor_tipo_id` (`automotor_tipo_id`),
  KEY `automotor_carroceria_id` (`automotor_carroceria_id`),
  CONSTRAINT `automotor_tipo_carroceria_ibfk_1` FOREIGN KEY (`automotor_tipo_id`) REFERENCES `automotor_tipo` (`automotor_tipo_id`) ON DELETE CASCADE,
  CONSTRAINT `automotor_tipo_carroceria_ibfk_2` FOREIGN KEY (`automotor_carroceria_id`) REFERENCES `automotor_carroceria` (`automotor_carroceria_id`) ON DELETE CASCADE
) ENGINE=InnoDB DEFAULT CHARSET=utf8 COLLATE=utf8_unicode_ci;

INSERT INTO `automotor_tipo_carroceria` (`automotor_tipo_carroceria_id`, `automotor_tipo_id`, `automotor_carroceria_id`) VALUES
(1,	1,	1),
(2,	1,	2),
(3,	1,	3),
(4,	1,	4),
(5,	1,	5),
(6,	1,	6),
(7,	1,	7),
(8,	1,	8),
(9,	1,	11),
(10,	1,	12),
(11,	1,	13),
(12,	2,	14),
(13,	2,	15),
(14,	2,	16),
(15,	3,	14),
(16,	3,	15),
(17,	3,	16),
(18,	4,	9),
(19,	4,	10),
(20,	6,	17);

DROP TABLE IF EXISTS `cliente`;
CREATE TABLE `cliente` (
  `cliente_id` int(10) unsigned NOT NULL AUTO_INCREMENT,
  `cliente_nombre` varchar(255) COLLATE utf8_unicode_ci NOT NULL,
  `cliente_nacimiento` date NOT NULL,
  `cliente_sexo` enum('F','M') COLLATE utf8_unicode_ci NOT NULL,
  `cliente_tipo_doc` enum('Pasaporte','LC','LE','DNI') COLLATE utf8_unicode_ci NOT NULL,
  `cliente_nro_doc` varchar(15) COLLATE utf8_unicode_ci NOT NULL,
  `cliente_nacionalidad` varchar(50) COLLATE utf8_unicode_ci NOT NULL,
  `cliente_cf` enum('Consumidor Final','Responsable Inscripto','Monotribustista','Excento') COLLATE utf8_unicode_ci NOT NULL,
  `cliente_registro` varchar(15) COLLATE utf8_unicode_ci DEFAULT NULL,
  `cliente_reg_vencimiento` date DEFAULT NULL,
  `cliente_reg_tipo` enum('Profesional','Particular','Motos','Carga','B1') COLLATE utf8_unicode_ci DEFAULT NULL,
  `cliente_cuit` varchar(15) COLLATE utf8_unicode_ci DEFAULT NULL,
  `cliente_email` varchar(255) COLLATE utf8_unicode_ci DEFAULT NULL,
  PRIMARY KEY (`cliente_id`),
  KEY `cliente_nombre` (`cliente_nombre`),
  KEY `cliente_nro_doc` (`cliente_nro_doc`)
) ENGINE=InnoDB DEFAULT CHARSET=utf8 COLLATE=utf8_unicode_ci;


DROP TABLE IF EXISTS `cliente_foto`;
CREATE TABLE `cliente_foto` (
  `cliente_foto_id` int(11) NOT NULL AUTO_INCREMENT,
  `cliente_id` int(10) unsigned NOT NULL,
  `cliente_foto_url` varchar(500) COLLATE utf8_unicode_ci NOT NULL,
  `cliente_foto_thumb_url` varchar(500) COLLATE utf8_unicode_ci NOT NULL,
  `cliente_foto_width` int(11) NOT NULL,
  `cliente_foto_height` int(11) NOT NULL,
  PRIMARY KEY (`cliente_foto_id`),
  KEY `cliente_id` (`cliente_id`),
  CONSTRAINT `cliente_foto_ibfk_2` FOREIGN KEY (`cliente_id`) REFERENCES `cliente` (`cliente_id`) ON DELETE CASCADE ON UPDATE CASCADE
) ENGINE=InnoDB DEFAULT CHARSET=utf8 COLLATE=utf8_unicode_ci;


DROP TABLE IF EXISTS `cobertura_tipo`;
CREATE TABLE `cobertura_tipo` (
  `cobertura_tipo_id` int(11) NOT NULL AUTO_INCREMENT,
  `cobertura_tipo_nombre` varchar(25) COLLATE utf8_unicode_ci NOT NULL,
  PRIMARY KEY (`cobertura_tipo_id`)
) ENGINE=InnoDB DEFAULT CHARSET=utf8 COLLATE=utf8_unicode_ci;

INSERT INTO `cobertura_tipo` (`cobertura_tipo_id`, `cobertura_tipo_nombre`) VALUES
(1,	'A'),
(2,	'A2'),
(3,	'AE'),
(4,	'B'),
(5,	'B1'),
(6,	'C'),
(7,	'C ANIVERSARIO 0km'),
(8,	'C FULL'),
(9,	'C PREMIUM'),
(10,	'C1'),
(11,	'C4'),
(12,	'CE EJECUTIVO'),
(13,	'CU USADOS'),
(14,	'D'),
(15,	'DB (TRCF) ANIVERSARIO 0km'),
(16,	'DF (TRCF) USADOS'),
(17,	'ORO C5'),
(18,	'PLATA C7'),
(19,	'SELECTA 8');

DROP TABLE IF EXISTS `combinado_familiar`;
CREATE TABLE `combinado_familiar` (
  `combinado_familiar_id` int(11) NOT NULL AUTO_INCREMENT,
  `poliza_id` int(10) unsigned NOT NULL,
  `combinado_familiar_domicilio_calle` varchar(255) COLLATE utf8_unicode_ci NOT NULL,
  `combinado_familiar_domicilio_nro` varchar(10) COLLATE utf8_unicode_ci NOT NULL,
  `combinado_familiar_domicilio_piso` varchar(4) COLLATE utf8_unicode_ci DEFAULT NULL,
  `combinado_familiar_domicilio_dpto` varchar(3) COLLATE utf8_unicode_ci DEFAULT NULL,
  `combinado_familiar_domicilio_localidad` varchar(255) COLLATE utf8_unicode_ci NOT NULL,
  `combinado_familiar_domicilio_cp` varchar(10) COLLATE utf8_unicode_ci NOT NULL,
  `combinado_familiar_country` varchar(255) COLLATE utf8_unicode_ci DEFAULT NULL,
  `combinado_familiar_lote` varchar(255) COLLATE utf8_unicode_ci DEFAULT NULL,
  `combinado_familiar_valor_tasado` decimal(10,2) DEFAULT NULL,
  `combinado_familiar_prorrata_obj_esp` decimal(10,2) unsigned DEFAULT NULL,
  `combinado_familiar_inc_edif` decimal(10,2) unsigned DEFAULT NULL,
  `combinado_familiar_inc_edif_rep` tinyint(3) unsigned DEFAULT NULL,
  `combinado_familiar_inc_mob` decimal(10,2) unsigned DEFAULT NULL,
  `combinado_familiar_ef_personales` decimal(10,2) unsigned DEFAULT NULL,
  `combinado_familiar_rc_inc` decimal(10,2) unsigned DEFAULT NULL,
  `combinado_familiar_cristales` decimal(10,2) unsigned DEFAULT NULL,
  `combinado_familiar_responsabilidad_civil` decimal(10,2) unsigned DEFAULT NULL,
  `combinado_familiar_danios_agua` decimal(10,2) unsigned DEFAULT NULL,
  `combinado_familiar_jugadores_golf` decimal(10,2) unsigned DEFAULT NULL,
  `combinado_familiar_inc_edif_flag` tinyint(3) unsigned NOT NULL,
  `combinado_familiar_inc_mob_flag` tinyint(3) unsigned NOT NULL,
  `combinado_familiar_ef_personales_flag` tinyint(3) unsigned NOT NULL,
  `combinado_familiar_rc_inc_flag` tinyint(3) unsigned NOT NULL,
  `combinado_familiar_tv_aud_vid_flag` tinyint(3) unsigned NOT NULL,
  `combinado_familiar_obj_esp_prorrata_flag` tinyint(3) unsigned NOT NULL,
  `combinado_familiar_equipos_computacion_flag` tinyint(3) unsigned NOT NULL,
  `combinado_familiar_film_foto_flag` tinyint(3) unsigned NOT NULL,
  `combinado_familiar_cristales_flag` tinyint(3) unsigned NOT NULL,
  `combinado_familiar_responsabilidad_civil_flag` tinyint(3) unsigned NOT NULL,
  `combinado_familiar_danios_agua_flag` tinyint(3) unsigned NOT NULL,
  `combinado_familiar_jugadores_golf_flag` tinyint(3) unsigned NOT NULL,
  PRIMARY KEY (`combinado_familiar_id`),
  UNIQUE KEY `poliza_id` (`poliza_id`),
  CONSTRAINT `combinado_familiar_ibfk_1` FOREIGN KEY (`poliza_id`) REFERENCES `poliza` (`poliza_id`) ON DELETE CASCADE
) ENGINE=InnoDB DEFAULT CHARSET=utf8 COLLATE=utf8_unicode_ci;


DROP TABLE IF EXISTS `combinado_familiar_equipos_computacion`;
CREATE TABLE `combinado_familiar_equipos_computacion` (
  `combinado_familiar_equipos_computacion_id` int(11) NOT NULL AUTO_INCREMENT,
  `combinado_familiar_id` int(11) NOT NULL,
  `combinado_familiar_equipos_computacion_cantidad` int(11) NOT NULL,
  `combinado_familiar_equipos_computacion_producto` varchar(500) COLLATE utf8_unicode_ci NOT NULL,
  `combinado_familiar_equipos_computacion_marca` varchar(500) COLLATE utf8_unicode_ci NOT NULL,
  `combinado_familiar_equipos_computacion_serial` varchar(500) COLLATE utf8_unicode_ci DEFAULT NULL,
  `combinado_familiar_equipos_computacion_valor` decimal(10,2) NOT NULL,
  PRIMARY KEY (`combinado_familiar_equipos_computacion_id`),
  KEY `combinado_familiar_id` (`combinado_familiar_id`),
  CONSTRAINT `combinado_familiar_equipos_computacion_ibfk_1` FOREIGN KEY (`combinado_familiar_id`) REFERENCES `combinado_familiar` (`combinado_familiar_id`) ON DELETE CASCADE
) ENGINE=InnoDB DEFAULT CHARSET=utf8 COLLATE=utf8_unicode_ci;


DROP TABLE IF EXISTS `combinado_familiar_film_foto`;
CREATE TABLE `combinado_familiar_film_foto` (
  `combinado_familiar_film_foto_id` int(11) NOT NULL AUTO_INCREMENT,
  `combinado_familiar_id` int(11) NOT NULL,
  `combinado_familiar_film_foto_cantidad` int(11) NOT NULL,
  `combinado_familiar_film_foto_producto` varchar(500) COLLATE utf8_unicode_ci NOT NULL,
  `combinado_familiar_film_foto_marca` varchar(500) COLLATE utf8_unicode_ci NOT NULL,
  `combinado_familiar_film_foto_serial` varchar(500) COLLATE utf8_unicode_ci DEFAULT NULL,
  `combinado_familiar_film_foto_valor` decimal(10,2) NOT NULL,
  PRIMARY KEY (`combinado_familiar_film_foto_id`),
  KEY `combinado_familiar_id` (`combinado_familiar_id`),
  CONSTRAINT `combinado_familiar_film_foto_ibfk_1` FOREIGN KEY (`combinado_familiar_id`) REFERENCES `combinado_familiar` (`combinado_familiar_id`) ON DELETE CASCADE
) ENGINE=InnoDB DEFAULT CHARSET=utf8 COLLATE=utf8_unicode_ci;


DROP TABLE IF EXISTS `combinado_familiar_obj_esp_prorrata`;
CREATE TABLE `combinado_familiar_obj_esp_prorrata` (
  `combinado_familiar_obj_esp_prorrata_id` int(11) NOT NULL AUTO_INCREMENT,
  `combinado_familiar_id` int(11) NOT NULL,
  `combinado_familiar_obj_esp_prorrata_cantidad` int(11) NOT NULL,
  `combinado_familiar_obj_esp_prorrata_producto` varchar(500) COLLATE utf8_unicode_ci NOT NULL,
  `combinado_familiar_obj_esp_prorrata_marca` varchar(500) COLLATE utf8_unicode_ci NOT NULL,
  `combinado_familiar_obj_esp_prorrata_serial` varchar(500) COLLATE utf8_unicode_ci DEFAULT NULL,
  `combinado_familiar_obj_esp_prorrata_valor` decimal(10,2) NOT NULL,
  PRIMARY KEY (`combinado_familiar_obj_esp_prorrata_id`),
  KEY `combinado_familiar_id` (`combinado_familiar_id`),
  CONSTRAINT `combinado_familiar_obj_esp_prorrata_ibfk_1` FOREIGN KEY (`combinado_familiar_id`) REFERENCES `combinado_familiar` (`combinado_familiar_id`) ON DELETE CASCADE
) ENGINE=InnoDB DEFAULT CHARSET=utf8 COLLATE=utf8_unicode_ci;


DROP TABLE IF EXISTS `combinado_familiar_tv_aud_vid`;
CREATE TABLE `combinado_familiar_tv_aud_vid` (
  `combinado_familiar_tv_aud_vid_id` int(11) NOT NULL AUTO_INCREMENT,
  `combinado_familiar_id` int(11) NOT NULL,
  `combinado_familiar_tv_aud_vid_cantidad` int(11) NOT NULL,
  `combinado_familiar_tv_aud_vid_producto` varchar(500) COLLATE utf8_unicode_ci NOT NULL,
  `combinado_familiar_tv_aud_vid_marca` varchar(500) COLLATE utf8_unicode_ci NOT NULL,
  `combinado_familiar_tv_aud_vid_serial` varchar(500) COLLATE utf8_unicode_ci DEFAULT NULL,
  `combinado_familiar_tv_aud_vid_valor` decimal(10,2) NOT NULL,
  PRIMARY KEY (`combinado_familiar_tv_aud_vid_id`),
  KEY `combinado_familiar_id` (`combinado_familiar_id`),
  CONSTRAINT `combinado_familiar_tv_aud_vid_ibfk_1` FOREIGN KEY (`combinado_familiar_id`) REFERENCES `combinado_familiar` (`combinado_familiar_id`) ON DELETE CASCADE
) ENGINE=InnoDB DEFAULT CHARSET=utf8 COLLATE=utf8_unicode_ci;


DROP TABLE IF EXISTS `contacto`;
CREATE TABLE `contacto` (
  `contacto_id` int(10) unsigned NOT NULL AUTO_INCREMENT,
  `cliente_id` int(10) unsigned NOT NULL,
  `contacto_tipo` enum('Particular','Laboral') COLLATE utf8_unicode_ci NOT NULL,
  `contacto_domicilio` varchar(255) COLLATE utf8_unicode_ci NOT NULL,
  `contacto_nro` varchar(10) COLLATE utf8_unicode_ci NOT NULL,
  `contacto_piso` varchar(4) COLLATE utf8_unicode_ci DEFAULT NULL,
  `contacto_dpto` varchar(3) COLLATE utf8_unicode_ci DEFAULT '0',
  `contacto_localidad` varchar(255) COLLATE utf8_unicode_ci NOT NULL,
  `contacto_cp` varchar(10) COLLATE utf8_unicode_ci NOT NULL,
  `contacto_country` varchar(255) COLLATE utf8_unicode_ci DEFAULT NULL,
  `contacto_lote` varchar(255) COLLATE utf8_unicode_ci DEFAULT NULL,
  `contacto_telefono1` varchar(25) COLLATE utf8_unicode_ci DEFAULT NULL,
  `contacto_telefono2` varchar(25) COLLATE utf8_unicode_ci DEFAULT NULL,
  `contacto_default` tinyint(3) unsigned NOT NULL,
  PRIMARY KEY (`contacto_id`),
  KEY `cliente_id` (`cliente_id`),
  CONSTRAINT `contacto_ibfk_1` FOREIGN KEY (`cliente_id`) REFERENCES `cliente` (`cliente_id`)
) ENGINE=InnoDB DEFAULT CHARSET=utf8 COLLATE=utf8_unicode_ci;


DROP TABLE IF EXISTS `cuota`;
CREATE TABLE `cuota` (
  `cuota_id` int(10) unsigned NOT NULL AUTO_INCREMENT,
  `poliza_id` int(10) unsigned NOT NULL,
  `cuota_nro` tinyint(3) unsigned NOT NULL,
  `cuota_periodo` date NOT NULL,
  `cuota_monto` decimal(10,2) unsigned NOT NULL,
  `cuota_vencimiento` date NOT NULL,
  `cuota_estado` enum('1 - No Pagado','2 - Pagado','3 - Anulado') COLLATE utf8_unicode_ci NOT NULL DEFAULT '1 - No Pagado',
  `cuota_fe_pago` datetime DEFAULT NULL,
  `cuota_recibo` int(10) unsigned DEFAULT NULL,
  `cuota_pfc` tinyint(3) unsigned NOT NULL,
  PRIMARY KEY (`cuota_id`),
  UNIQUE KEY `poliza_id` (`poliza_id`,`cuota_nro`),
  UNIQUE KEY `poliza_id_2` (`poliza_id`,`cuota_periodo`),
  UNIQUE KEY `cuota_recibo` (`cuota_recibo`),
  CONSTRAINT `cuota_ibfk_1` FOREIGN KEY (`poliza_id`) REFERENCES `poliza` (`poliza_id`)
) ENGINE=InnoDB DEFAULT CHARSET=utf8 COLLATE=utf8_unicode_ci;


DROP TABLE IF EXISTS `endoso`;
CREATE TABLE `endoso` (
  `endoso_id` int(11) NOT NULL AUTO_INCREMENT,
  `poliza_id` int(10) unsigned NOT NULL,
  `endoso_fecha_pedido` date NOT NULL,
  `endoso_tipo_id` int(11) NOT NULL,
  `endoso_cuerpo` text COLLATE utf8_unicode_ci,
  `endoso_numero` varchar(500) COLLATE utf8_unicode_ci DEFAULT NULL,
  `endoso_fecha_compania` date DEFAULT NULL,
  `endoso_completo` tinyint(1) NOT NULL,
  PRIMARY KEY (`endoso_id`),
  KEY `poliza_id` (`poliza_id`),
  KEY `endoso_tipo_id` (`endoso_tipo_id`),
  CONSTRAINT `endoso_ibfk_1` FOREIGN KEY (`poliza_id`) REFERENCES `poliza` (`poliza_id`) ON DELETE CASCADE,
  CONSTRAINT `endoso_ibfk_2` FOREIGN KEY (`endoso_tipo_id`) REFERENCES `endoso_tipo` (`endoso_tipo_id`)
) ENGINE=InnoDB DEFAULT CHARSET=utf8 COLLATE=utf8_unicode_ci;


DROP TABLE IF EXISTS `endoso_foto`;
CREATE TABLE `endoso_foto` (
  `endoso_foto_id` int(11) NOT NULL AUTO_INCREMENT,
  `endoso_id` int(11) NOT NULL,
  `endoso_foto_url` varchar(500) COLLATE utf8_unicode_ci NOT NULL,
  `endoso_foto_thumb_url` varchar(500) COLLATE utf8_unicode_ci NOT NULL,
  `endoso_foto_width` int(11) NOT NULL,
  `endoso_foto_height` int(11) NOT NULL,
  PRIMARY KEY (`endoso_foto_id`),
  KEY `endoso_id` (`endoso_id`),
  CONSTRAINT `endoso_foto_ibfk_1` FOREIGN KEY (`endoso_id`) REFERENCES `endoso` (`endoso_id`) ON DELETE CASCADE
) ENGINE=InnoDB DEFAULT CHARSET=utf8 COLLATE=utf8_unicode_ci;


DROP TABLE IF EXISTS `endoso_tipo`;
CREATE TABLE `endoso_tipo` (
  `endoso_tipo_id` int(11) NOT NULL AUTO_INCREMENT,
  `endoso_tipo_grupo_id` int(11) NOT NULL,
  `endoso_tipo_nombre` varchar(250) COLLATE utf8_unicode_ci NOT NULL,
  PRIMARY KEY (`endoso_tipo_id`),
  KEY `endoso_tipo_grupo_id` (`endoso_tipo_grupo_id`),
  CONSTRAINT `endoso_tipo_ibfk_1` FOREIGN KEY (`endoso_tipo_grupo_id`) REFERENCES `endoso_tipo_grupo` (`endoso_tipo_grupo_id`)
) ENGINE=InnoDB DEFAULT CHARSET=utf8 COLLATE=utf8_unicode_ci;

INSERT INTO `endoso_tipo` (`endoso_tipo_id`, `endoso_tipo_grupo_id`, `endoso_tipo_nombre`) VALUES
(1,	2,	'CAMBIA SUMA ASEGURADA'),
(2,	2,	'CORRIGE MARCA/MODELO'),
(3,	2,	'CAMBIA TIPO DE VEHÍCULO'),
(4,	2,	'CORRIGE PATENTE'),
(5,	2,	'CORRIGE MOTOR'),
(6,	2,	'CORRIGE CHASIS'),
(7,	2,	'CORRIGE ACCESORIOS'),
(8,	2,	'CORRIGE DATOS DE INSPECCIÓN PREVIA'),
(9,	2,	'CORRIGE COLOR'),
(10,	2,	'CORRIGE AÑO'),
(11,	2,	'CORRIGE DATOS DEL ACREEDOR PRENDARIO'),
(12,	2,	'CAMBIO/CORRECCIÓN DE TITULAR'),
(13,	2,	'CORRIGE DOMICILIO DEL ASEGURADO'),
(14,	2,	'AJUSTA CUOTA'),
(15,	2,	'INCLUYE ACREEDOR PRENDARIO'),
(16,	2,	'EXCLUYE ACREEDOR PRENDARIO'),
(17,	2,	'CORRIGE LÍMITE DE RESPONSABILIDAD CIVIL'),
(18,	2,	'CORRIGE COBRADOR Y/O COMISIÓN'),
(19,	2,	'CORRIGE TIPO Y NÚMERO DE DOCUMENTO'),
(20,	2,	'CORRIGE RECARGOS Y DESCUENTOS'),
(21,	2,	'AJUSTA COSTOS DE COMPAÑÍA'),
(22,	2,	'VARIOS'),
(23,	2,	'CAMBIO DE UNIDAD'),
(24,	2,	'DISMINUYE COBERTURA'),
(25,	2,	'AUMENTA COBERTURA'),
(26,	2,	'CAMBIA USO'),
(27,	2,	'CAMBIO DE CONDICIÓN FISCAL DEL ASEGURADO'),
(28,	2,	'INCLUYE ACREEDOR HIPOTECARIO'),
(29,	2,	'EXCLUYE ACREEDOR HIPOTECARIO'),
(30,	1,	'DESESTIMIENTO'),
(31,	1,	'FALTA DE PAGO'),
(32,	1,	'INICIO'),
(33,	1,	'RENOVACIÓN'),
(34,	1,	'ROBO'),
(35,	1,	'SINIESTROS'),
(36,	1,	'VARIOS'),
(37,	1,	'VENTA');

DROP TABLE IF EXISTS `endoso_tipo_grupo`;
CREATE TABLE `endoso_tipo_grupo` (
  `endoso_tipo_grupo_id` int(11) NOT NULL AUTO_INCREMENT,
  `endoso_tipo_grupo_nombre` varchar(250) COLLATE utf8_unicode_ci NOT NULL,
  PRIMARY KEY (`endoso_tipo_grupo_id`)
) ENGINE=InnoDB DEFAULT CHARSET=utf8 COLLATE=utf8_unicode_ci;

INSERT INTO `endoso_tipo_grupo` (`endoso_tipo_grupo_id`, `endoso_tipo_grupo_nombre`) VALUES
(1,	'Anulación'),
(2,	'General');

DROP TABLE IF EXISTS `equipo_rastreo`;
CREATE TABLE `equipo_rastreo` (
  `equipo_rastreo_id` int(11) NOT NULL AUTO_INCREMENT,
  `equipo_rastreo_nombre` varchar(250) COLLATE utf8_unicode_ci NOT NULL,
  PRIMARY KEY (`equipo_rastreo_id`)
) ENGINE=InnoDB DEFAULT CHARSET=utf8 COLLATE=utf8_unicode_ci;

INSERT INTO `equipo_rastreo` (`equipo_rastreo_id`, `equipo_rastreo_nombre`) VALUES
(1,	'LO JACK'),
(2,	'TRACER'),
(3,	'ITURAN');

DROP TABLE IF EXISTS `incendio_edificio`;
CREATE TABLE `incendio_edificio` (
  `incendio_edificio_id` int(11) NOT NULL AUTO_INCREMENT,
  `poliza_id` int(10) unsigned NOT NULL,
  `incendio_edificio_domicilio_calle` varchar(255) COLLATE utf8_unicode_ci NOT NULL,
  `incendio_edificio_domicilio_nro` varchar(10) COLLATE utf8_unicode_ci NOT NULL,
  `incendio_edificio_domicilio_piso` varchar(4) COLLATE utf8_unicode_ci DEFAULT NULL,
  `incendio_edificio_domicilio_dpto` varchar(3) COLLATE utf8_unicode_ci DEFAULT NULL,
  `incendio_edificio_domicilio_localidad` varchar(255) COLLATE utf8_unicode_ci NOT NULL,
  `incendio_edificio_domicilio_cp` varchar(10) COLLATE utf8_unicode_ci NOT NULL,
  `incendio_edificio_country` varchar(255) COLLATE utf8_unicode_ci DEFAULT NULL,
  `incendio_edificio_lote` varchar(255) COLLATE utf8_unicode_ci DEFAULT NULL,
  `incendio_edificio_valor_tasado` decimal(10,2) DEFAULT NULL,
  `incendio_edificio_inc_edif` decimal(10,2) unsigned NOT NULL,
  `incendio_edificio_inc_edif_rep` tinyint(3) unsigned NOT NULL,
  `incendio_edificio_inc_mob` decimal(10,2) unsigned DEFAULT NULL,
  `incendio_edificio_rc_inc` decimal(10,2) unsigned DEFAULT NULL,
  PRIMARY KEY (`incendio_edificio_id`),
  UNIQUE KEY `poliza_id` (`poliza_id`),
  CONSTRAINT `incendio_edificio_ibfk_1` FOREIGN KEY (`poliza_id`) REFERENCES `poliza` (`poliza_id`) ON DELETE CASCADE
) ENGINE=InnoDB DEFAULT CHARSET=utf8 COLLATE=utf8_unicode_ci;


DROP TABLE IF EXISTS `poliza`;
CREATE TABLE `poliza` (
  `poliza_id` int(10) unsigned NOT NULL AUTO_INCREMENT,
  `sucursal_id` int(10) unsigned NOT NULL,
  `cliente_id` int(10) unsigned NOT NULL,
  `subtipo_poliza_id` int(10) unsigned NOT NULL,
  `productor_seguro_id` int(10) unsigned NOT NULL,
  `poliza_estado_id` int(11) NOT NULL,
  `poliza_numero` varchar(20) COLLATE utf8_unicode_ci DEFAULT NULL,
  `poliza_renueva_num` varchar(20) COLLATE utf8_unicode_ci DEFAULT NULL,
  `poliza_vigencia` enum('Mensual','Bimestral','Trimestral','Cuatrimestral','Semestral','Anual','Otra') COLLATE utf8_unicode_ci NOT NULL,
  `poliza_vigencia_dias` int(11) DEFAULT NULL,
  `poliza_validez_desde` date NOT NULL,
  `poliza_validez_hasta` date NOT NULL,
  `poliza_cuotas` enum('Mensual','Total') COLLATE utf8_unicode_ci NOT NULL,
  `poliza_cant_cuotas` tinyint(3) unsigned NOT NULL,
  `poliza_fecha_solicitud` date DEFAULT NULL,
  `poliza_fecha_emision` date DEFAULT NULL,
  `poliza_fecha_recepcion` date DEFAULT NULL,
  `poliza_fecha_entrega` date DEFAULT NULL,
  `poliza_correo` tinyint(3) unsigned NOT NULL DEFAULT '0',
  `poliza_entregada` tinyint(3) unsigned NOT NULL DEFAULT '0',
  `poliza_prima` decimal(10,2) unsigned DEFAULT NULL,
  `poliza_premio` decimal(10,2) unsigned NOT NULL,
  `poliza_medio_pago` enum('Tarjeta de Crédito','Débito Bancario','Cuponera','Directo') COLLATE utf8_unicode_ci NOT NULL,
  `poliza_pago_detalle` blob,
  `poliza_ajuste` tinyint(3) unsigned DEFAULT NULL,
  `poliza_recargo` decimal(5,2) unsigned DEFAULT NULL,
  `poliza_observaciones` text COLLATE utf8_unicode_ci,
  PRIMARY KEY (`poliza_id`),
  KEY `subtipo_poliza_id` (`subtipo_poliza_id`),
  KEY `cliente_id` (`cliente_id`),
  KEY `productor_seguro_id` (`productor_seguro_id`),
  KEY `poliza_estado_id` (`poliza_estado_id`),
  CONSTRAINT `poliza_ibfk_1` FOREIGN KEY (`subtipo_poliza_id`) REFERENCES `subtipo_poliza` (`subtipo_poliza_id`),
  CONSTRAINT `poliza_ibfk_4` FOREIGN KEY (`cliente_id`) REFERENCES `cliente` (`cliente_id`),
  CONSTRAINT `poliza_ibfk_5` FOREIGN KEY (`productor_seguro_id`) REFERENCES `productor_seguro` (`productor_seguro_id`),
  CONSTRAINT `poliza_ibfk_6` FOREIGN KEY (`poliza_estado_id`) REFERENCES `poliza_estado` (`poliza_estado_id`)
) ENGINE=InnoDB DEFAULT CHARSET=utf8 COLLATE=utf8_unicode_ci;


DROP TABLE IF EXISTS `poliza_estado`;
CREATE TABLE `poliza_estado` (
  `poliza_estado_id` int(11) NOT NULL AUTO_INCREMENT,
  `poliza_estado_nombre` varchar(50) COLLATE utf8_unicode_ci NOT NULL,
  PRIMARY KEY (`poliza_estado_id`)
) ENGINE=InnoDB DEFAULT CHARSET=utf8 COLLATE=utf8_unicode_ci;

INSERT INTO `poliza_estado` (`poliza_estado_id`, `poliza_estado_nombre`) VALUES
(1,	'M/C'),
(2,	'PENDIENTE'),
(3,	'VIGENTE'),
(4,	'VIGENTE/A RENOVAR'),
(5,	'CUMPLIDA RENOVADA'),
(6,	'CUMPLIDA'),
(7,	'VIGENTE/RENOVADA');

DROP TABLE IF EXISTS `poliza_foto`;
CREATE TABLE `poliza_foto` (
  `poliza_foto_id` int(11) NOT NULL AUTO_INCREMENT,
  `poliza_id` int(10) unsigned NOT NULL,
  `poliza_foto_url` varchar(500) COLLATE utf8_unicode_ci NOT NULL,
  `poliza_foto_thumb_url` varchar(500) COLLATE utf8_unicode_ci NOT NULL,
  `poliza_foto_width` int(11) NOT NULL,
  `poliza_foto_height` int(11) NOT NULL,
  PRIMARY KEY (`poliza_foto_id`),
  KEY `poliza_id` (`poliza_id`)
) ENGINE=InnoDB DEFAULT CHARSET=utf8 COLLATE=utf8_unicode_ci;


DROP TABLE IF EXISTS `productor`;
CREATE TABLE `productor` (
  `productor_id` int(10) unsigned NOT NULL AUTO_INCREMENT,
  `productor_nombre` varchar(255) COLLATE utf8_unicode_ci NOT NULL,
  `productor_iva` enum('CF','RI') COLLATE utf8_unicode_ci NOT NULL,
  `productor_cuit` varchar(15) COLLATE utf8_unicode_ci NOT NULL,
  `productor_matricula` varchar(255) COLLATE utf8_unicode_ci NOT NULL,
  `productor_email` varchar(255) COLLATE utf8_unicode_ci DEFAULT NULL,
  `productor_telefono` varchar(25) COLLATE utf8_unicode_ci DEFAULT NULL,
  PRIMARY KEY (`productor_id`),
  UNIQUE KEY `productor_cuit` (`productor_cuit`)
) ENGINE=InnoDB DEFAULT CHARSET=utf8 COLLATE=utf8_unicode_ci;


DROP TABLE IF EXISTS `productor_seguro`;
CREATE TABLE `productor_seguro` (
  `productor_seguro_id` int(10) unsigned NOT NULL AUTO_INCREMENT,
  `productor_id` int(10) unsigned NOT NULL,
  `seguro_id` int(10) unsigned NOT NULL,
  `sucursal_id` int(11) NOT NULL,
  `productor_seguro_codigo` varchar(20) COLLATE utf8_unicode_ci NOT NULL,
  PRIMARY KEY (`productor_seguro_id`),
  UNIQUE KEY `code` (`productor_id`,`seguro_id`,`productor_seguro_codigo`) USING BTREE,
  KEY `seguro_id` (`seguro_id`),
  KEY `productor_id` (`productor_id`) USING BTREE,
  KEY `sucursal_id` (`sucursal_id`),
  CONSTRAINT `productor_seguro_ibfk_1` FOREIGN KEY (`productor_id`) REFERENCES `productor` (`productor_id`),
  CONSTRAINT `productor_seguro_ibfk_2` FOREIGN KEY (`seguro_id`) REFERENCES `seguro` (`seguro_id`),
  CONSTRAINT `productor_seguro_ibfk_3` FOREIGN KEY (`sucursal_id`) REFERENCES `sucursal` (`sucursal_id`)
) ENGINE=InnoDB DEFAULT CHARSET=utf8 COLLATE=utf8_unicode_ci;


DROP TABLE IF EXISTS `seguro`;
CREATE TABLE `seguro` (
  `seguro_id` int(10) unsigned NOT NULL AUTO_INCREMENT,
  `seguro_nombre` varchar(255) COLLATE utf8_unicode_ci NOT NULL,
  `seguro_email_siniestro` varchar(255) COLLATE utf8_unicode_ci DEFAULT NULL,
  `seguro_email_emision` varchar(255) COLLATE utf8_unicode_ci DEFAULT NULL,
  `seguro_cuit` varchar(15) COLLATE utf8_unicode_ci DEFAULT NULL,
  `seguro_direccion` varchar(255) COLLATE utf8_unicode_ci DEFAULT NULL,
  `seguro_localidad` varchar(255) COLLATE utf8_unicode_ci DEFAULT NULL,
  `seguro_cp` varchar(15) COLLATE utf8_unicode_ci DEFAULT NULL,
  PRIMARY KEY (`seguro_id`),
  UNIQUE KEY `seguro_nombre` (`seguro_nombre`)
) ENGINE=InnoDB DEFAULT CHARSET=utf8 COLLATE=utf8_unicode_ci;


DROP TABLE IF EXISTS `seguro_cobertura_tipo`;
CREATE TABLE `seguro_cobertura_tipo` (
  `seguro_cobertura_tipo_id` int(11) NOT NULL AUTO_INCREMENT,
  `seguro_id` int(10) unsigned NOT NULL,
  `cobertura_tipo_id` int(11) NOT NULL,
  PRIMARY KEY (`seguro_cobertura_tipo_id`),
  KEY `seguro_id` (`seguro_id`),
  KEY `cobertura_tipo_id` (`cobertura_tipo_id`),
  CONSTRAINT `seguro_cobertura_tipo_ibfk_1` FOREIGN KEY (`seguro_id`) REFERENCES `seguro` (`seguro_id`) ON DELETE CASCADE,
  CONSTRAINT `seguro_cobertura_tipo_ibfk_2` FOREIGN KEY (`cobertura_tipo_id`) REFERENCES `cobertura_tipo` (`cobertura_tipo_id`) ON DELETE CASCADE
) ENGINE=InnoDB DEFAULT CHARSET=utf8 COLLATE=utf8_unicode_ci;


DROP TABLE IF EXISTS `subtipo_poliza`;
CREATE TABLE `subtipo_poliza` (
  `subtipo_poliza_id` int(10) unsigned NOT NULL AUTO_INCREMENT,
  `tipo_poliza_id` int(10) unsigned NOT NULL,
  `subtipo_poliza_nombre` varchar(255) COLLATE utf8_unicode_ci NOT NULL,
  `subtipo_poliza_tabla` varchar(255) COLLATE utf8_unicode_ci NOT NULL,
  `subtipo_poliza_polizadet_auto` tinyint(4) NOT NULL DEFAULT '0',
  PRIMARY KEY (`subtipo_poliza_id`),
  UNIQUE KEY `subtipo_poliza_tabla` (`subtipo_poliza_tabla`),
  KEY `tipo_poliza_id` (`tipo_poliza_id`),
  CONSTRAINT `subtipo_poliza_ibfk_1` FOREIGN KEY (`tipo_poliza_id`) REFERENCES `tipo_poliza` (`tipo_poliza_id`)
) ENGINE=InnoDB DEFAULT CHARSET=utf8 COLLATE=utf8_unicode_ci;

INSERT INTO `subtipo_poliza` (`subtipo_poliza_id`, `tipo_poliza_id`, `subtipo_poliza_nombre`, `subtipo_poliza_tabla`, `subtipo_poliza_polizadet_auto`) VALUES
(6,	2,	'Automotor',	'automotor',	0),
(14,	3,	'ACCIDENTES PERSONALES',	'accidentes',	1),
(15,	2,	'COMBINADO FAMILIAR',	'combinado_familiar',	0),
(16,	2,	'INCENDIO EDIFICIO',	'incendio_edificio',	0);

DROP TABLE IF EXISTS `sucursal`;
CREATE TABLE `sucursal` (
  `sucursal_id` int(11) NOT NULL AUTO_INCREMENT,
  `sucursal_nombre` varchar(255) COLLATE utf8_unicode_ci NOT NULL,
  `sucursal_direccion` varchar(500) COLLATE utf8_unicode_ci DEFAULT NULL,
  `sucursal_telefono` varchar(25) COLLATE utf8_unicode_ci DEFAULT NULL,
  `sucursal_email` varchar(255) COLLATE utf8_unicode_ci DEFAULT NULL,
  PRIMARY KEY (`sucursal_id`)
) ENGINE=InnoDB DEFAULT CHARSET=utf8 COLLATE=utf8_unicode_ci;


DROP TABLE IF EXISTS `tipo_poliza`;
CREATE TABLE `tipo_poliza` (
  `tipo_poliza_id` int(10) unsigned NOT NULL AUTO_INCREMENT,
  `tipo_poliza_nombre` varchar(255) COLLATE utf8_unicode_ci NOT NULL,
  PRIMARY KEY (`tipo_poliza_id`)
) ENGINE=InnoDB DEFAULT CHARSET=utf8 COLLATE=utf8_unicode_ci;

INSERT INTO `tipo_poliza` (`tipo_poliza_id`, `tipo_poliza_nombre`) VALUES
(2,	'Patrimoniales'),
(3,	'Personas');

DROP TABLE IF EXISTS `usuario`;
CREATE TABLE `usuario` (
  `usuario_id` int(10) unsigned NOT NULL AUTO_INCREMENT,
  `usuario_acceso` enum('administrativo','master','deshabilitado') COLLATE utf8_unicode_ci NOT NULL DEFAULT 'deshabilitado',
  `usuario_usuario` varchar(255) COLLATE utf8_unicode_ci NOT NULL,
  `usuario_clave` char(32) COLLATE utf8_unicode_ci NOT NULL,
  `usuario_email` varchar(255) COLLATE utf8_unicode_ci NOT NULL,
  `usuario_nombre` varchar(100) COLLATE utf8_unicode_ci NOT NULL,
  `usuario_cambioclave` timestamp NOT NULL DEFAULT '0000-00-00 00:00:00',
  `usuario_reseteado` tinyint(3) unsigned NOT NULL DEFAULT '0',
  PRIMARY KEY (`usuario_id`),
  UNIQUE KEY `usuario_usuario` (`usuario_usuario`),
  UNIQUE KEY `usuario_email` (`usuario_email`),
  KEY `usuario_clave` (`usuario_clave`),
  KEY `usuario_acceso` (`usuario_acceso`),
  KEY `usuario_nombre` (`usuario_nombre`)
) ENGINE=InnoDB DEFAULT CHARSET=utf8 COLLATE=utf8_unicode_ci;


DROP TABLE IF EXISTS `usuario_sucursal`;
CREATE TABLE `usuario_sucursal` (
  `usuario_sucursal_id` int(11) NOT NULL AUTO_INCREMENT,
  `usuario_id` int(10) unsigned NOT NULL,
  `sucursal_id` int(11) NOT NULL,
  PRIMARY KEY (`usuario_sucursal_id`),
  UNIQUE KEY `sucursal_id_usuario_id` (`sucursal_id`,`usuario_id`),
  KEY `usuario_id` (`usuario_id`),
  CONSTRAINT `usuario_sucursal_ibfk_1` FOREIGN KEY (`usuario_id`) REFERENCES `usuario` (`usuario_id`),
  CONSTRAINT `usuario_sucursal_ibfk_2` FOREIGN KEY (`sucursal_id`) REFERENCES `sucursal` (`sucursal_id`)
) ENGINE=InnoDB DEFAULT CHARSET=utf8 COLLATE=utf8_unicode_ci;


-- 2013-09-27 10:34:06