-- Adminer 4.1.0 MySQL dump

SET NAMES utf8;
SET time_zone = '+00:00';
SET foreign_key_checks = 0;
SET sql_mode = 'NO_AUTO_VALUE_ON_ZERO';

DROP TABLE IF EXISTS `accidentes`;
CREATE TABLE `accidentes` (
  `accidentes_id` int(11) NOT NULL AUTO_INCREMENT,
  `poliza_id` int(10) unsigned NOT NULL,
  PRIMARY KEY (`accidentes_id`),
  KEY `poliza_id` (`poliza_id`)
) ENGINE=InnoDB DEFAULT CHARSET=utf8 COLLATE=utf8_unicode_ci;


DROP TABLE IF EXISTS `accidentes_asegurado`;
CREATE TABLE `accidentes_asegurado` (
  `accidentes_asegurado_id` int(11) NOT NULL AUTO_INCREMENT,
  `poliza_id` int(10) unsigned NOT NULL,
  `accidentes_asegurado_nombre` varchar(50) COLLATE utf8_unicode_ci NOT NULL,
  `accidentes_asegurado_documento` varchar(15) COLLATE utf8_unicode_ci NOT NULL,
  `accidentes_asegurado_nacimiento` date NOT NULL,
  `accidentes_asegurado_domicilio` varchar(500) COLLATE utf8_unicode_ci DEFAULT NULL,
  `accidentes_asegurado_actividad` int(11) NOT NULL,
  `accidentes_asegurado_suma_asegurada` decimal(10,2) NOT NULL,
  `accidentes_asegurado_gastos_medicos` decimal(10,2) NOT NULL,
  `accidentes_asegurado_beneficiario` tinyint(1) NOT NULL,
  `accidentes_asegurado_beneficiario_nombre` varchar(50) COLLATE utf8_unicode_ci DEFAULT NULL,
  `accidentes_asegurado_beneficiario_documento` varchar(15) COLLATE utf8_unicode_ci DEFAULT NULL,
  `accidentes_asegurado_beneficiario_nacimiento` date DEFAULT NULL,
  PRIMARY KEY (`accidentes_asegurado_id`),
  KEY `accidentes_asegurado_actividad` (`accidentes_asegurado_actividad`),
  KEY `poliza_id` (`poliza_id`),
  CONSTRAINT `accidentes_asegurado_ibfk_1` FOREIGN KEY (`accidentes_asegurado_actividad`) REFERENCES `asegurado_actividad` (`asegurado_actividad_id`),
  CONSTRAINT `accidentes_asegurado_ibfk_2` FOREIGN KEY (`poliza_id`) REFERENCES `poliza` (`poliza_id`) ON DELETE CASCADE
) ENGINE=InnoDB DEFAULT CHARSET=utf8 COLLATE=utf8_unicode_ci;


DROP TABLE IF EXISTS `accidentes_clausula`;
CREATE TABLE `accidentes_clausula` (
  `accidentes_clausula_id` int(11) NOT NULL AUTO_INCREMENT,
  `poliza_id` int(10) unsigned NOT NULL,
  `accidentes_clausula_nombre` varchar(50) COLLATE utf8_unicode_ci NOT NULL,
  `accidentes_clausula_cuit` varchar(50) COLLATE utf8_unicode_ci NOT NULL,
  `accidentes_clausula_domicilio` varchar(500) COLLATE utf8_unicode_ci NOT NULL,
  PRIMARY KEY (`accidentes_clausula_id`),
  KEY `poliza_id` (`poliza_id`),
  CONSTRAINT `accidentes_clausula_ibfk_1` FOREIGN KEY (`poliza_id`) REFERENCES `poliza` (`poliza_id`) ON DELETE CASCADE
) ENGINE=InnoDB DEFAULT CHARSET=utf8 COLLATE=utf8_unicode_ci;


DROP TABLE IF EXISTS `asegurado_actividad`;
CREATE TABLE `asegurado_actividad` (
  `asegurado_actividad_id` int(11) NOT NULL AUTO_INCREMENT,
  `asegurado_actividad_nombre` varchar(255) COLLATE utf8_unicode_ci NOT NULL,
  PRIMARY KEY (`asegurado_actividad_id`)
) ENGINE=InnoDB DEFAULT CHARSET=utf8 COLLATE=utf8_unicode_ci;

INSERT INTO `asegurado_actividad` (`asegurado_actividad_id`, `asegurado_actividad_nombre`) VALUES
(1,	'ABOGADO'),
(2,	'ACTOR O ACTRIZ - DOBLE'),
(3,	'ACTOR O ACTRIZ - EXTRAS'),
(4,	'ACTOR O ACTRIZ TRABAJO EN ESTUDIO/TEATRO'),
(5,	'ACTOR O ACTRIZ TRABAJO EN EXTERIORES'),
(6,	'ACTUARIO'),
(7,	'ACUSTICA, INGENIERO O SUPERVISOR'),
(8,	'ACUSTICA, INSTALADOR'),
(9,	'ADMINISTRATIVO DENTRO Y FUERA DE OFICINA'),
(10,	'ADMINISTRATIVO EN OFICINA SOLAMENTE'),
(11,	'ADMINISTRATIVO EN OFICINAS'),
(12,	'ADMINISTRATIVO EN ZONAS DE RIESGOS'),
(13,	'ADUANA - DESPACHANTE'),
(14,	'ADUANA - INSPECTOR'),
(15,	'ADUANA - JEFE DE DEPOSITO'),
(16,	'ADUANA - TRAB C/ MAQ DE DESCARGA'),
(17,	'AERONAVES EMPLEADOS DE CAMPO Q NO VUELEN'),
(18,	'AERONAVES, MECANICO QUE NO HAGA PRUEBAS'),
(19,	'AEROPUERTO - ADMINISTRACION'),
(20,	'AEROPUERTO, ENCARGADO DE COMBUSTIBLE'),
(21,	'AEROPUERTO, ENCARGADO DE EQUIPAJE'),
(22,	'AEROPUERTO, OPERADOR DE RADIO'),
(23,	'AEROPUERTO, SUPERVISOR'),
(24,	'AEROPUERTO, TECNICO DE RADIO'),
(25,	'AGENTE  PRODUCTOR  VENDEDOR POR COMISION'),
(26,	'AGENTE DE ADUANAS'),
(27,	'AGENTES DE TURISMO'),
(28,	'AGRICULTURA - DESMONTE ALGODN'),
(29,	'AGRICULTURA - REFINERIAS DE AZUCAR'),
(30,	'AGRIMENSOR Y AYUDANTE'),
(31,	'AIRE ACOND. INSTALADOR, REPARADOR (EXTERIOR) H/ 8 M'),
(32,	'AIRE ACOND.INSTALADOR, REPARADOR (INTERIORES)'),
(33,	'AIRE ACONDICIONADO SUPERVISOR INGENIERO'),
(34,	'ALAMBRADORES DE CAMPO'),
(35,	'ALFOMBRAS INSTALADOR'),
(36,	'ALGODON, TENIDOR'),
(37,	'ALGODON, VENDEDOR, CLASIFICADOR'),
(38,	'ALUMINIO FABRICACION - OPERARIO'),
(39,	'ALUMINIO FABRICACION - TECNICOS'),
(40,	'AMA DE CASA'),
(41,	'AMBAR, TRABAJADOR CON MAQUINARIA'),
(42,	'AMBAR, TRABAJADOR SIN MAQUINARIA'),
(43,	'AMIANTO, CELULOIDE - OPERARIO'),
(44,	'AMIANTO, CELULOIDE - TECNICO'),
(45,	'ANALIZADOR, TRABAJO EN LA SUPERFICIE'),
(46,	'ANESTESISTA'),
(47,	'APICULTORES'),
(48,	'APUNTADOR'),
(49,	'ARMADO DE MUEBLES SIN EMPLEO DE MAQUINAS'),
(50,	'ARMADO LOCALES Y/O EXPOSICIONES H 6 MT'),
(51,	'ARQ/ING VISIT OBRAS EN ALTURA HASTA 6 M'),
(52,	'ARQU/INGEN VISITANDO OBRAS NO EN ALTURAS'),
(53,	'ARQUEOLOGO'),
(54,	'ARTISTAS PLASTICOS - CERAMISTAS'),
(55,	'ARTISTAS PLASTICOS - MURALISTAS'),
(56,	'ASCENSORES / ELEVADORES INSTALADOR'),
(57,	'ASCENSORES / ELEVADORES MECANICO'),
(58,	'ASCENSORES / ELEVADORES, SUPERVISOR'),
(59,	'ASCENSORISTAS'),
(60,	'ASESOR, ADMINISTRACION'),
(61,	'ASFALTO'),
(62,	'ASILOS Y ORFELINATOS ENFERMERA Y MUCAMA'),
(63,	'ASTILLEROS - INGENIERO'),
(64,	'ASTILLEROS - TECNICOS'),
(65,	'AUDITOR'),
(66,	'AUTOMOVILES - VENDEDOR CON DEMOSTRACION'),
(67,	'AUTOMOVILES MECANICO Q NO SEA D CARRERAS'),
(68,	'AUTOMOVILES OPERAD. MECANICO EN CARRERAS'),
(69,	'AUTOMOVILES, INSTRUCTOR ENSEÑA A MANEJAR'),
(70,	'AUTOMOVILES, PINTOR'),
(71,	'AVION EMPLEADOS DE FABRICA QUE NO VUELEN'),
(72,	'BACTERIOLOGO'),
(73,	'BANQUERO, GERENTE U OFICINISTA'),
(74,	'BARRENDERO DE EDIFICIOS, PARQUES'),
(75,	'BARRENDERO EN LAS CALLES'),
(76,	'BIBLIOTECARIO'),
(77,	'BIENES RAICES'),
(78,	'BIOLOGO'),
(79,	'BIOQUIMICO'),
(80,	'BORDADOR - TRABAJO CON MAQUINAS'),
(81,	'BORDADOR - TRABAJO MANUAL'),
(82,	'BOSQUES, EXPLOTACION DE - TECNICOS'),
(83,	'BOWLING (PARAPALOS)'),
(84,	'BOY SCOUT'),
(85,	'BUQUES - VIGILANDO CARGA Y DESCARGA'),
(86,	'BUQUES FLUVIALES Y LACUSTRES - PRACTICO'),
(87,	'CABALLERIZAS E HIPODROMOS HERRERO D STUD'),
(88,	'CAJERO'),
(89,	'CALDERAS, INSPECTOR DE'),
(90,	'CAMAROGRAFO'),
(91,	'CANTANTES'),
(92,	'CANTERA, SUPERVISOR'),
(93,	'CANTERAS DE CAL SIN EXPLOSIVOS OPERARIO'),
(94,	'CANTERAS DE CAL SIN EXPLOSIVOS TECNICOS'),
(95,	'CARBON, CEMENTO - OPERARIO'),
(96,	'CARBON, CEMENTO - SUPERVISOR'),
(97,	'CARGA Y DESCARGA DE MATERIALES'),
(98,	'CARNICERO CON USO DE SIERRA ELECTRICA EXC MATADERO'),
(99,	'CARPINTERO TRABAJO MANUAL CON MAQUINARIA'),
(100,	'CARPINTERO TRABAJO MANUAL SIN MAQUINARIA'),
(101,	'CASERO QUE NO REALICE MANTENIMIENTO'),
(102,	'CEMENTERIO - CUIDADOR'),
(103,	'CEMENTERIO - SEPULTURERO'),
(104,	'CEMENTERIO ADMINISTRATIVO'),
(105,	'CERAMICA, EMPLEADOS DE FABRICA'),
(106,	'CERRAJERO'),
(107,	'CHEFF CON TRABAJO MANUAL'),
(108,	'CHOFER CAMIONES'),
(109,	'CHOFER OMNIBUS Y/O SERVICIOS ESPECIALES'),
(110,	'CHOFER PARTICULARES  Y/O CAMIONETA'),
(111,	'CHOFER PRIVADO'),
(112,	'CHOFER TAXI Y/O REMISSE'),
(113,	'CHOFER TRACTORISTA Y/O MAQUINAS AGRICOLAS'),
(114,	'CHOFERES - AMBULANCIAS'),
(115,	'CHOFERES - AUTOS DE ALQUILER'),
(116,	'CIRCO EMPLEADOS ADMINISTRATIVOS'),
(117,	'CLERIGO'),
(118,	'CLUBES - CUIDADOR DE INSTALACIONES'),
(119,	'CLUBES - PERSONAL DE LIMPIEZA'),
(120,	'COBRADOR -'),
(121,	'COCINERO / PARRILLERO'),
(122,	'COLOCADOR DE MOSAICOS, INSTALADOR'),
(123,	'COMERCIANTE EN GENERAL'),
(124,	'COMERCIO  DE ALIMENTOS'),
(125,	'COMERCIO NAVAL Y AERONAUTICO'),
(126,	'COMISIONISTA'),
(127,	'COMPUTADORAS, OPERARIO DE'),
(128,	'CONFITERIAS Y PANADERIAS FABRICACION'),
(129,	'CONSERJE'),
(130,	'CONSERV Y ENVASADO DE FRUTAS'),
(131,	'CONSTR METALICAS TECNICOS HASTA 8 M'),
(132,	'CONSTR. TECHOS Y HORMIGON E/ 6 Y 8 M ALT'),
(133,	'CONSTRUCCION ENTRE 6 Y  8 MTS. DE ALTURA'),
(134,	'CONSTRUCCION HASTA 6 MTS. DE ALTURA'),
(135,	'CONSTRUCCIÓN ARQUITECTO DISEÑO  SOLAMENTE'),
(136,	'CONSTRUCCIÓN DECORADOR DE INTERIORES HASTA 4 M'),
(137,	'CONTADOR'),
(138,	'CONTRATISTA SIN TAREA EN OBRA'),
(139,	'CORCHO, CORTADOR O INSTALADOR'),
(140,	'CORRALON DE CONSTRUCCION CON MAQUINARIA'),
(141,	'CORRALON DE CONSTRUCCION SIN MAQUINARIA'),
(142,	'CORREDORES DE BOLSA'),
(143,	'CORREDORES DE CAMBIO'),
(144,	'CORREDORES DE COMERCIO'),
(145,	'CORREDORES DE GANADO'),
(146,	'CORREDORES DE PLAZA'),
(147,	'CORREDORES DE VIAJES'),
(148,	'CORREOS - CARTERO (SIN MOTOCICLETAS)'),
(149,	'CORREOS - INSPECTOR TELEGRAFO'),
(150,	'CREMATORIO, OPERADOR'),
(151,	'CUERO, EMPLEADOS DE FABRICAS'),
(152,	'CURADOR DE MUSEOS, GALERIAS DE ARTE'),
(153,	'CURTIEMBRE Y CHAROLERIA'),
(154,	'DECORACIONES CON TRAB MANUAL EN TALLER'),
(155,	'DECORACIONES EXTERIORES ENTRE 6 Y 8 MT'),
(156,	'DECORACIONES EXTERIORES MENOS DE 6 MT'),
(157,	'DENTISTA'),
(158,	'DEPORTE GIMNASTA (EXCL DEPORTES DE RIESGO)'),
(159,	'DEPORTES, ARBITRO'),
(160,	'DEPORTES, ENTRENADOR / INSTRUCTORR'),
(161,	'DERMATOLOGO'),
(162,	'DESINFECCION'),
(163,	'DESTILERIAS - OPERARIO'),
(164,	'DESTILERIAS - TECNICOS'),
(165,	'DETECTIVE PRIVADO SIN USO DE ARMAS'),
(166,	'DIAMANTES CORTADOR PULIDOR ENSAMBLADOR'),
(167,	'DIARIOS  Y REVISTAS - DISTRIBUIDOR'),
(168,	'DIARIOS REVISTAS VENTA AMBULANTE S/ MOTO'),
(169,	'DIARIOS Y REVISTAS - VENTA EN QUIOSCOS'),
(170,	'DIBUJANTE, DISENADOR, CARICATURISTA'),
(171,	'DIPLOMATICO'),
(172,	'DIRECTOR DE ESCENA'),
(173,	'ECONOMISTA'),
(174,	'EJECUTIVO'),
(175,	'ELECTRICIDAD - INSPECTOR DE MONTAJES'),
(176,	'ELECTRICIDAD - LECTOR DE MEDIDORES'),
(177,	'ELECTRICIDAD - MONTADOR HASTA 8 M'),
(178,	'ELECTRICISTA EN DOMICILIO EXCL HASTA 6 METROS'),
(179,	'ELECTRICISTA EN OBRA GRAL O DOMICILIO HASTA 8 M'),
(180,	'EMBALADOR'),
(181,	'EMBOTELLADORAS, EMPLEADO'),
(182,	'EMBOTELLADORAS, SUPERVISOR'),
(183,	'EMBUTIDOS, EMPLEADOS DE FABRICA'),
(184,	'EMPACADOR'),
(185,	'EMPRESARIO'),
(186,	'ENCUADERNACION, TRABAJADOR DE PLANTA'),
(187,	'ENCUADERNADOR DE LIBROS'),
(188,	'ENFERMERO'),
(189,	'ENGRASADOR'),
(190,	'ENLATADORA, TRABAJADOR DE PLANTA'),
(191,	'ENOLOGO'),
(192,	'ENTRENADOR, CRIADOR O CUIDADOR DE PERROS'),
(193,	'EQUIPAJE, ENCARGADO DE'),
(194,	'ESCENOGRAFO'),
(195,	'ESCRIBANO'),
(196,	'ESCRITOR'),
(197,	'ESCULTOR - EN PIEDRA Y MARMOL'),
(198,	'ESCULTOR DE ESTUDIO'),
(199,	'ESCULTOR MADERA C/ USO D MAQUINARIAS'),
(200,	'ESCULTOR MADERA S/ USO DE MAQUINARIAS'),
(201,	'ESCULTOR MODELADO C/ USO DE MAQUINARIAS'),
(202,	'ESCULTOR MODELADO S/ USO DE MAQUINARIAS'),
(203,	'ESTACIONAMIENTO, GUARDIAN O ENCARGADO'),
(204,	'ESTRUCTURAS DE METAL TRABAJ. EN FABRICA'),
(205,	'ESTRUCTURAS DE METAL, SUPERVISOR'),
(206,	'ESTUDIANTE'),
(207,	'EXCAVACION CIELO ABIERTO H/PROFUND 2,5 M'),
(208,	'EXCAVADOR - SUPERVISOR'),
(209,	'EXCAVADOR OBRERO HASTA 2 M PROFUNDIDAD'),
(210,	'FABRICA DE MAQUINARIAS SUPERVISOR'),
(211,	'FABRICA DE MUEBLES C/ EMPLEO DE MAQUINAS'),
(212,	'FABRICA DE PINTURA, EMPLEADOS'),
(213,	'FABRICANTE (NO TRABAJADOR DE PLANTA)'),
(214,	'FARMACEUTICO / DROGUERIA'),
(215,	'FERRETERIA'),
(216,	'FERROCARRIL, ENCARGADO EQUIPAJE, SEÑALES'),
(217,	'FERROCARRIL, TELEGRAFISTA'),
(218,	'FERROCARRILES - GUARDA (EN VIAJE)'),
(219,	'FERROCARRILES - MAQUINISTA'),
(220,	'FERROCARRILES - OPERARIO'),
(221,	'FERROCARRILES - TECNICOS / INGENIERO'),
(222,	'FERROCARRILES JEFE Y PERS. DE ESTACION'),
(223,	'FERTILIZANTES, EMPLEADOS DE FABRICA'),
(224,	'FISIOTERAPISTA'),
(225,	'FLORERIA/INVERNADERO CON TRABAJO MANUAL'),
(226,	'FLORERIA/INVERNADERO SIN TRABAJO MANUAL'),
(227,	'FLORES, VENDEDOR, REPARTIDOR'),
(228,	'FLUVIALES Y LACUSTRES TRIPULACION ADMINI'),
(229,	'FONOGRAFIA, FABRICA DE DISCOS'),
(230,	'FORESTAL, GUARDA'),
(231,	'FOSFATOS, SUPERVISOR DE FABRICA'),
(232,	'FOTOCOPIAS, OPERADOR'),
(233,	'FOTOGRAFO - LABORATORIO'),
(234,	'FOTOGRAFO, TRABAJO DE ESTUDIO'),
(235,	'FUMIGADOR, INSECTOS'),
(236,	'FUNDICION D METALES NO PRECIOSOS OPERARI'),
(237,	'FUNDICION D METALES NO PRECIOSOS TECNICO'),
(238,	'FUNDICIONES'),
(239,	'FUNERARIA  ADMINISTRATIVO'),
(240,	'FUNERARIA, CHOFER'),
(241,	'GARAGES - PERSONAL'),
(242,	'GAS, QUE REPARTA, INSTALADOR'),
(243,	'GASISTA'),
(244,	'GASOLINA, EMPLEADO O DISTRIBUIDOR'),
(245,	'GEOLOGO - EN EXPLOTACION DE PETROLEO'),
(246,	'GEOLOGO, EN LA SUPERFICIE'),
(247,	'GOLF, CADDIE, SUPERVISOR, INSTRUCTOR'),
(248,	'GRABADOR, METAL Y MADERA'),
(249,	'GRAVA EMPLEADOS (TRABAJA CON SEDIMENTOS)'),
(250,	'GRAVA, SUPERVISOR'),
(251,	'GRUAS, OPERADOR'),
(252,	'GUARDAVIDA DE PILETA'),
(253,	'GUARDAVIDA DE RIO'),
(254,	'GUIAS DE TURISMO'),
(255,	'HARINAS, EMPLEADOS DE FABRICA'),
(256,	'HELADOS, FABRICA'),
(257,	'HERREROS HASTA 6 MT (EXCLUIDO TINGLADOS)'),
(258,	'HIDROTERAPISTA'),
(259,	'HOTELES, EMPLEADOS EN GENERAL'),
(260,	'HOTELES, PROPIETARIO SUPERV O ADMNISTRAT'),
(261,	'IMPRENTA - MAQUINISTA'),
(262,	'IMPRENTA LINOTIPISTA TIPOGRAFO LITOGRAFO'),
(263,	'INDUSTRIA, DEBERES DE OFICINA SOLAMENTE'),
(264,	'ING SUPERV C/ TRAB MANUAL H 6 MT'),
(265,	'INGENIERO AGRONOMO'),
(266,	'INGENIERO EN OFICINA DE PLANTA'),
(267,	'INGENIERO INDUSTRIAL SUPERVISION SOLAM.'),
(268,	'INGENIERO MECANICO SUPERVISION SOLAMENTE'),
(269,	'INGENIERO/SUPERVISOR S/ TRABAJO MANUAL'),
(270,	'INSPECTOR AGRICULTURA'),
(271,	'INSPECTOR DE ADUANAS'),
(272,	'INSPECTOR DE CALDERAS'),
(273,	'INSPECTOR DE CONSTRUCCIONES'),
(274,	'INSPECTOR DE CORREOS'),
(275,	'INSPECTOR DE OMNIBUS Y MICROS'),
(276,	'INSPECTOR FLUVIAL'),
(277,	'INSTALACION/MONTAJE DE MAQ HASTA 6 M'),
(278,	'INSTALACION/MONTAJE DE MAQ HASTA 8 M'),
(279,	'INSTRUMENTISTA'),
(280,	'INSTRUMENTOS, TECNICO QUE REPARE A MANO'),
(281,	'JABON, EMPLEADOS DE FABRICA'),
(282,	'JARDINERO CON PODA DE ARBOLES HASTA 4 MT'),
(283,	'JARDINERO SIN PODA DE ARBOLES SIN ALTURA'),
(284,	'JOYERIA (ORFEBRE) / TRABAJO MANUAL'),
(285,	'JUEZ'),
(286,	'LABORATORISTA'),
(287,	'LACA, EMPLEADO DE FABRICA'),
(288,	'LADRILLOS (FABRICACION)'),
(289,	'LANA, COMPRADOR, VENDEDOR'),
(290,	'LAVANDERIA, TRABAJADOR DE PLANTA'),
(291,	'LETREROS LUMINOSOS OBRERO E/ 6 Y 8 M ALT'),
(292,	'LETREROS LUMINOSOS TECNICOS HASTA 6 MT'),
(293,	'LETRISTA EN EXTERIORES HASTA 6 MTS.'),
(294,	'LETRISTA EN TALLER'),
(295,	'LEÑADORES'),
(296,	'LICORES, OTROS EMPLEADOS'),
(297,	'LICORES, SUPERVISOR, INSPECTOR'),
(298,	'LITOGRAFO'),
(299,	'LOCUTORES'),
(300,	'MAESTROS Y PROFESORES'),
(301,	'MANICURISTA, PEDICURISTA, PELUQUERO'),
(302,	'MAQUILLADOR'),
(303,	'MAQUINAS DE COSER O SIMILARES - MECANICO'),
(304,	'MASAJISTA'),
(305,	'MAYORDOMO'),
(306,	'MECANICO DENTAL'),
(307,	'MECANICO EN GENERAL'),
(308,	'MECANICO, DE AUTOMOVILES O AVIACION'),
(309,	'MECANICOS EN TALLER DE FUNDICION'),
(310,	'MEDICO'),
(311,	'MEDICO  CIRUJANO'),
(312,	'MEDICO A DOMICILIO - VIAJANTE'),
(313,	'MEDICO FORENSE'),
(314,	'MEDICO RURAL'),
(315,	'MEDIDORES INSTALADOR REPARADOR TECNICO'),
(316,	'MELAZA'),
(317,	'MENSAJERO / CADETE EN LA CALLE SIN MOTO'),
(318,	'MENSAJERO/CADETE EN CALLE USO BICICLETA'),
(319,	'MERCADO VENTA DE FRUTAS'),
(320,	'METAL, INSTRUMENTOS DE PRECISION DE'),
(321,	'METALES - SUPERVISOR EN FABRICA'),
(322,	'METALES ELABORACION DE - TECNICOS'),
(323,	'METALES ENCARGADO DE CALDERAS EN FABRICA'),
(324,	'METALES, CORTADOR'),
(325,	'METALES, EMPAQUE DE'),
(326,	'METALES, ENSAMBLADOR DE FABRICA'),
(327,	'METALES, GALVANIZADOR DE'),
(328,	'METALURGICO'),
(329,	'METEOROLOGO'),
(330,	'MICROFONISTA'),
(331,	'MINEROLOGO'),
(332,	'MODELO'),
(333,	'MODISTAS'),
(334,	'MOLINERO COLOCA BOMBAS SUMERGIBLES'),
(335,	'MOLINERO CON TRABAJO MANUAL'),
(336,	'MONJA'),
(337,	'MONJE, ENCARGADO'),
(338,	'MOZO / MESERO SERVICIO DE MESA EXCLUSIV'),
(339,	'MOZO CON OTROS TRABAJOS'),
(340,	'MUDANZAS'),
(341,	'MUDANZAS PEONES'),
(342,	'MUSICA, INSTRUMENTOS, TECNICO'),
(343,	'MUSICOS'),
(344,	'MUSICOS Y ORQUESTAS - DIRECTORES'),
(345,	'NINERA'),
(346,	'NUTRICIONISTA'),
(347,	'OFTALMOLOGO, OPTOMETRISTA, OCULISTA'),
(348,	'ORDENANZA'),
(349,	'ORQUESTA, DIRECTOR'),
(350,	'OSTEOPATA'),
(351,	'PAGADOR'),
(352,	'PAGADOR, DEBERES DE OFICINA SOLAMENTE'),
(353,	'PAPEL, BOLSAS, CAJAS, CARTON, FABRICA DE'),
(354,	'PAPEL, SUPERVISOR EN FABRICA'),
(355,	'PARACAIDAS, FABRICA'),
(356,	'PARAFINA, FABRICA DE'),
(357,	'PARQUES, OPERADOR JUEGOS MECANICOS'),
(358,	'PASEADOR DE PERROS'),
(359,	'PASTA, FABRICA DE'),
(360,	'PATINAJE, INSTRUCTOR'),
(361,	'PATRONES DE PAPEL O CERA, FABRICA DE'),
(362,	'PEDICURO/A'),
(363,	'PELETERO'),
(364,	'PELUCAS, FABRICA DE'),
(365,	'PERFOR. EN CASAS Y CIELO ABIERTO H 1,5 M'),
(366,	'PERFUME, FABRICA'),
(367,	'PERIODISTA / REPORTERO EN ESTUDIO'),
(368,	'PERIODISTA, GERENTE O SUPERVISOR, EDITOR'),
(369,	'PERSONAL D SENALIZACION Y GUARDABARRERAS'),
(370,	'PERSONAL MEDICO EN MANICOMIO O PRISION'),
(371,	'PERSONAL Q REALICE MANTENIMIENTO H 6 MT'),
(372,	'PESCADERIA, DISTRIBUCION'),
(373,	'PESCADOR DE RIO'),
(374,	'PIANOS Y ORGANOS (REPARADORES)'),
(375,	'PINTOR - EXTERIORES - ENTRE 6 Y 8 MTS.'),
(376,	'PINTOR - EXTERIORES - MENOS DE 6 MTS.'),
(377,	'PINTOR DE INTERIOR NO EN ALTURA'),
(378,	'PISCICULTOR (CRIADERO DE PECES)'),
(379,	'PISOS, EMPLEADO DE FABRICA'),
(380,	'PLASTICOS, EMPLEADOS DE'),
(381,	'PLASTICOS, INSPECTOR, SUPERVISOR'),
(382,	'PLOMERO HASTA 6 M'),
(383,	'PODA DE ARBOLES - TRABAJO MANUAL H 4 MTS'),
(384,	'POLITICO'),
(385,	'PORTERO'),
(386,	'PORTERO REALIZA TRABAJO DE MANTENIMIENTO'),
(387,	'PRISION ADMINISTRATIVOS'),
(388,	'PROCURADOR'),
(389,	'PRODUC. QUIMICOS FABRICACION DE OPERARIO'),
(390,	'PRODUC. QUIMICOS FABRICACION DE TECNICOS'),
(391,	'PROFESORES INCLUIDO ESGRIMA Y EQUITACION'),
(392,	'PROMOTOR EN LA VIA PUBLICA A PIE'),
(393,	'PROMOTOR EN STAND Y/O LOCALES'),
(394,	'PROPIETARIO CARPINT. S/ TAREAS EN TALLER'),
(395,	'PSICOLOGO'),
(396,	'PUBLICISTA'),
(397,	'PULIDOR (MARMOL, MOSAICOS, MADERA)'),
(398,	'QUIMICA, ASESOR SOLAMENTE'),
(399,	'QUIMICO TRABAJO ANALITICO DE LABORATORIO'),
(400,	'QUIMICO, ELEMENTOS QUIMICOS NO PELIGROSO'),
(401,	'RABINO'),
(402,	'RADIO -TECNICO SIN TRABAJOS EN ALTURAS'),
(403,	'RADIO Y TV - MECANICO / INGENIEROS'),
(404,	'RADIOLOGO Y ASISTENTE'),
(405,	'RECAUDADOR DE IMPUESTOS, INVESTIGADOR'),
(406,	'RECURSOS HUMANOS'),
(407,	'REFINERIAS DE ACEITE, INSPECTOR'),
(408,	'REFINERIAS, DE ACEITE, EMPLEADOS DE'),
(409,	'REFLECTORISTA'),
(410,	'RELOJERO'),
(411,	'REPARACION DE GOMAS Y/O NEUMATICOS'),
(412,	'REPARTIDORES D MUEBLES C/ CARGA Y DESCAR'),
(413,	'REPOSITOR DE SUPERMERCADO'),
(414,	'RESTAURANT Y BAR'),
(415,	'SACERDOTE'),
(416,	'SALINAS, SUPERVISOR'),
(417,	'SALINAS, TRABAJADOR'),
(418,	'SALUD, INSPECTOR, EMPLEADOS DE CLINICA'),
(419,	'SANITARIOS, FABRICA - OPERARIO'),
(420,	'SANITARIOS, FABRICA - TECNICOS'),
(421,	'SASTRERIA - CORTADOR CON  MAQUINAS'),
(422,	'SASTRES'),
(423,	'SECRETARIA / RECEPCIONISTA / TELEFONISTA'),
(424,	'SEGURID EN PUERTA SIN PORTACION DE ARMAS'),
(425,	'SEGURIDAD E HIGIENE - INGENIERO'),
(426,	'SEGURIDAD EN BANCOS SIN PORTACIN ARMAS'),
(427,	'SEGURIDAD MANICOMIO SIN PORTACION DE ARMAS'),
(428,	'SEGUROS - INSPECTORES, LIQUIDADORES'),
(429,	'SEGUROS, EJECUTIVO U OFICINISTA'),
(430,	'SERVICIO DOMESTICO - COCINERO'),
(431,	'SERVICIO DOMESTICO - JARDINERO'),
(432,	'SERVICIO DOMESTICO - MUCAMA'),
(433,	'SERVICIO DOMESTICO - PORTERO'),
(434,	'SERVICIO SOCIAL, ADMINISTRACION'),
(435,	'SINDICATO, LIDER DE, DIRECTOR'),
(436,	'SOLDADOR'),
(437,	'SONIDISTA'),
(438,	'SUBASTADOR / REMATES'),
(439,	'SUBASTADOR DE GANADO'),
(440,	'TABACO, EMPLEADO EN FABRICA, INSPECTOR'),
(441,	'TAPICERO'),
(442,	'TAXIDERMISTA / EMBALSAMADOR'),
(443,	'TEATRO RADIO Y TV - BAILARINES'),
(444,	'TEATRO RADIO Y TV - CORISTAS'),
(445,	'TECHOS Y HORMIGON - MENOS DE 6 MT ALTURA'),
(446,	'TECNICO ELECTROMECANICO TAREAS HASTA 6 M'),
(447,	'TECNICOS EN GENERAL HASTA 6 MTS'),
(448,	'TEJIDOS (TEJEDOR A MANO)'),
(449,	'TELEFONOS - INGENIEROS INSPECCIONANDO'),
(450,	'TELEFONOS - INSTALADOR HASTA 6 MTS'),
(451,	'TELEVISION REPARACION DE APARATOS'),
(452,	'TESORERO CON MANEJO DE DINERO'),
(453,	'TEXTILES, FABRICA DE'),
(454,	'TINTES, TENIDOR'),
(455,	'TODO EL PERSONAL INCLUIDO ADMINISTRACIÓN'),
(456,	'TOPOGRAFOS'),
(457,	'TRABAJADOR RURAL CON  EMPLEO MAQUINARIA'),
(458,	'TRABAJADOR RURAL SIN EMPLEO MAQUINARIA'),
(459,	'TRADUCTOR'),
(460,	'VELAS, FABRICA DE'),
(461,	'VENDEDOR AMBULANTE'),
(462,	'VENDEDOR AMBULANTE CON USO DE CAMION'),
(463,	'VENDEDOR CORRALON DE MATERIALES'),
(464,	'VENDEDOR DE SALON EXCLUSIVAMENTE'),
(465,	'VETERINARIO ANIMALES GANADO / GRANDES'),
(466,	'VETERINARIO ANIMALES PEQUEÑOS DOMESTICOS'),
(467,	'VIAJANTES'),
(468,	'VIDRIO, EMPLEADOS DE FABRICA'),
(469,	'VIDRIO, SUPERVISOR, GRABADOR'),
(470,	'VISITADOR SOCIAL'),
(471,	'ZAPATERO'),
(472,	'ZOOLOGO');

DROP TABLE IF EXISTS `automotor`;
CREATE TABLE `automotor` (
  `automotor_id` int(10) unsigned NOT NULL AUTO_INCREMENT,
  `poliza_id` int(10) unsigned NOT NULL,
  `automotor_marca_id` int(11) NOT NULL,
  `modelo` varchar(100) COLLATE utf8_unicode_ci NOT NULL,
  `castigado` tinyint(1) NOT NULL DEFAULT '0',
  `patente_0` varchar(3) COLLATE utf8_unicode_ci DEFAULT NULL,
  `patente_1` varchar(3) COLLATE utf8_unicode_ci DEFAULT NULL,
  `automotor_tipo_id` int(11) NOT NULL,
  `uso` enum('Particular','Comercial','Comercial / Particular','Remise') COLLATE utf8_unicode_ci NOT NULL,
  `ano` smallint(5) unsigned NOT NULL,
  `automotor_carroceria_id` int(11) NOT NULL,
  `combustible` enum('Nafta','Diesel') COLLATE utf8_unicode_ci NOT NULL,
  `0km` tinyint(3) unsigned NOT NULL,
  `cert_rodamiento` tinyint(3) unsigned NOT NULL,
  `importado` tinyint(3) unsigned NOT NULL,
  `nro_motor` varchar(255) COLLATE utf8_unicode_ci NOT NULL,
  `nro_chasis` varchar(255) COLLATE utf8_unicode_ci NOT NULL,
  `chapa` enum('Bueno','Regular','Malo') COLLATE utf8_unicode_ci DEFAULT NULL,
  `pintura` enum('Bueno','Regular','Malo') COLLATE utf8_unicode_ci DEFAULT NULL,
  `tipo_pintura` enum('Común','Bicapa','Tricapa') COLLATE utf8_unicode_ci DEFAULT NULL,
  `tapizado` enum('Tela','Pana','Cuero','Combinado') COLLATE utf8_unicode_ci DEFAULT NULL,
  `color` varchar(35) COLLATE utf8_unicode_ci DEFAULT NULL,
  `zona_riesgo_id` int(11) DEFAULT NULL,
  `prendado` tinyint(3) unsigned NOT NULL,
  `acreedor_rs` varchar(75) COLLATE utf8_unicode_ci DEFAULT NULL,
  `acreedor_cuit` varchar(15) COLLATE utf8_unicode_ci DEFAULT NULL,
  `infoauto` tinyint(3) unsigned NOT NULL,
  `observaciones` text COLLATE utf8_unicode_ci,
  `alarma` tinyint(3) unsigned NOT NULL DEFAULT '0',
  `corta_corriente` tinyint(3) unsigned NOT NULL DEFAULT '0',
  `corta_nafta` tinyint(3) unsigned NOT NULL DEFAULT '0',
  `traba_volante` tinyint(3) unsigned NOT NULL DEFAULT '0',
  `matafuego` tinyint(3) unsigned NOT NULL DEFAULT '0',
  `tuercas` tinyint(3) unsigned NOT NULL DEFAULT '0',
  `equipo_rastreo` tinyint(3) unsigned NOT NULL DEFAULT '0',
  `equipo_rastreo_id` int(11) unsigned DEFAULT NULL,
  `equipo_rastreo_pedido_id` int(11) DEFAULT NULL,
  `micro_grabado` tinyint(3) unsigned NOT NULL DEFAULT '0',
  `cupon_vintrak` varchar(100) COLLATE utf8_unicode_ci DEFAULT NULL,
  `cupon_vintrak_fecha` date DEFAULT NULL,
  `antena` tinyint(3) unsigned NOT NULL DEFAULT '0',
  `estereo` tinyint(3) unsigned NOT NULL DEFAULT '0',
  `parlantes` tinyint(3) unsigned NOT NULL DEFAULT '0',
  `aire` tinyint(3) unsigned NOT NULL DEFAULT '0',
  `cristales_electricos` tinyint(3) unsigned NOT NULL DEFAULT '0',
  `faros_adicionales` tinyint(3) unsigned NOT NULL DEFAULT '0',
  `cierre_sincro` tinyint(3) unsigned NOT NULL DEFAULT '0',
  `techo_corredizo` tinyint(3) unsigned NOT NULL DEFAULT '0',
  `direccion_hidraulica` tinyint(3) unsigned NOT NULL DEFAULT '0',
  `frenos_abs` tinyint(3) unsigned NOT NULL DEFAULT '0',
  `airbag` tinyint(3) unsigned NOT NULL DEFAULT '0',
  `cristales_tonalizados` tinyint(3) unsigned NOT NULL DEFAULT '0',
  `gps` tinyint(3) unsigned NOT NULL DEFAULT '0',
  `cubiertas_medidas` varchar(50) COLLATE utf8_unicode_ci DEFAULT NULL,
  `cubiertas_marca` varchar(100) COLLATE utf8_unicode_ci DEFAULT NULL,
  `cubiertas_desgaste_di` tinyint(3) unsigned NOT NULL,
  `cubiertas_desgaste_dd` tinyint(3) unsigned NOT NULL,
  `cubiertas_desgaste_ti` tinyint(3) unsigned NOT NULL,
  `cubiertas_desgaste_td` tinyint(3) unsigned NOT NULL,
  `cubiertas_desgaste_1ei` tinyint(3) unsigned DEFAULT NULL,
  `cubiertas_desgaste_1ed` tinyint(3) unsigned DEFAULT NULL,
  `cubiertas_desgaste_auxilio` tinyint(3) unsigned NOT NULL,
  `nro_oblea` varchar(50) COLLATE utf8_unicode_ci DEFAULT NULL,
  `nro_regulador` varchar(50) COLLATE utf8_unicode_ci DEFAULT NULL,
  `marca_regulador` varchar(50) COLLATE utf8_unicode_ci DEFAULT NULL,
  `marca_cilindro` varchar(50) COLLATE utf8_unicode_ci DEFAULT NULL,
  `venc_oblea` date DEFAULT NULL,
  `nro_tubo` varchar(50) COLLATE utf8_unicode_ci DEFAULT NULL,
  `producto_id` int(11) DEFAULT NULL,
  `seguro_cobertura_tipo_id` int(11) NOT NULL,
  `franquicia` mediumint(8) unsigned DEFAULT NULL,
  `seguro_cobertura_tipo_limite_rc_id` int(11) NOT NULL,
  `servicio_grua` tinyint(3) unsigned DEFAULT NULL,
  `valor_vehiculo` mediumint(8) unsigned DEFAULT NULL,
  `gnc_flag` tinyint(3) unsigned NOT NULL,
  `valor_gnc` mediumint(8) unsigned NOT NULL,
  `valor_accesorios` mediumint(8) unsigned NOT NULL,
  `valor_total` int(10) unsigned NOT NULL,
  `pedido_instalacion` tinyint(3) unsigned NOT NULL DEFAULT '0',
  `pedido_instalacion_direccion` varchar(100) COLLATE utf8_unicode_ci DEFAULT NULL,
  `pedido_instalacion_horario` varchar(100) COLLATE utf8_unicode_ci DEFAULT NULL,
  `pedido_instalacion_telefono` varchar(100) COLLATE utf8_unicode_ci DEFAULT NULL,
  `pedido_instalacion_observaciones` varchar(500) COLLATE utf8_unicode_ci DEFAULT NULL,
  `ajuste` int(11) DEFAULT NULL,
  `old` tinyint(4) NOT NULL DEFAULT '0',
  PRIMARY KEY (`automotor_id`),
  KEY `automotor_tipo_id` (`automotor_tipo_id`),
  KEY `automotor_carroceria_id` (`automotor_carroceria_id`),
  KEY `equipo_rastreo_id` (`equipo_rastreo_id`),
  KEY `equipo_rastreo_pedido_id` (`equipo_rastreo_pedido_id`),
  KEY `poliza_id` (`poliza_id`),
  CONSTRAINT `automotor_ibfk_1` FOREIGN KEY (`poliza_id`) REFERENCES `poliza` (`poliza_id`),
  CONSTRAINT `automotor_ibfk_3` FOREIGN KEY (`automotor_tipo_id`) REFERENCES `automotor_tipo` (`automotor_tipo_id`),
  CONSTRAINT `automotor_ibfk_4` FOREIGN KEY (`automotor_carroceria_id`) REFERENCES `automotor_carroceria` (`automotor_carroceria_id`),
  CONSTRAINT `automotor_ibfk_5` FOREIGN KEY (`equipo_rastreo_pedido_id`) REFERENCES `equipo_rastreo_pedido` (`equipo_rastreo_pedido_id`)
) ENGINE=InnoDB DEFAULT CHARSET=utf8 COLLATE=utf8_unicode_ci;


DROP TABLE IF EXISTS `automotor_accesorio`;
CREATE TABLE `automotor_accesorio` (
  `automotor_accesorio_id` int(11) NOT NULL AUTO_INCREMENT,
  `automotor_id` int(10) unsigned NOT NULL,
  `automotor_accesorio_cantidad` int(11) NOT NULL,
  `automotor_accesorio_detalle` varchar(500) COLLATE utf8_unicode_ci NOT NULL,
  `automotor_accesorio_valor` decimal(10,2) NOT NULL,
  PRIMARY KEY (`automotor_accesorio_id`),
  KEY `automotor_id` (`automotor_id`)
) ENGINE=InnoDB DEFAULT CHARSET=utf8 COLLATE=utf8_unicode_ci;


DROP TABLE IF EXISTS `automotor_carroceria`;
CREATE TABLE `automotor_carroceria` (
  `automotor_carroceria_id` int(11) NOT NULL AUTO_INCREMENT,
  `automotor_carroceria_nombre` varchar(50) COLLATE utf8_unicode_ci NOT NULL,
  PRIMARY KEY (`automotor_carroceria_id`)
) ENGINE=InnoDB DEFAULT CHARSET=utf8 COLLATE=utf8_unicode_ci;

INSERT INTO `automotor_carroceria` (`automotor_carroceria_id`, `automotor_carroceria_nombre`) VALUES
(1,	'SEDAN 2 PUERTAS'),
(2,	'SEDAN 3 PUERTAS'),
(3,	'SEDAN 4 PUERTAS'),
(4,	'SEDAN 5 PUERTAS'),
(5,	'RURAL 3 PUERTAS'),
(6,	'RURAL 5 PUERTAS'),
(7,	'BERLINA 3 PUERTAS'),
(8,	'BERLINA 5 PUERTAS'),
(9,	'MAS DE 50CC'),
(10,	'MENOS DE  50CC'),
(11,	'BREAK 5 PTAS'),
(12,	'CUOPE'),
(13,	'CABRIOLET'),
(14,	'4X4'),
(15,	'4X2'),
(16,	'TODO TERRENO'),
(17,	'TRAILER'),
(18,	'HASTA 6TNS'),
(19,	'MENOS DE 10 TNS'),
(20,	'MAS DE 10 TNS'),
(21,	'HASTA 100 KMS. H/10 TNS'),
(22,	'BERLINA 4 PUERTAS'),
(23,	'FURGON'),
(24,	'OTRA');

DROP TABLE IF EXISTS `automotor_cedula_verde_foto`;
CREATE TABLE `automotor_cedula_verde_foto` (
  `automotor_cedula_verde_foto_id` int(11) NOT NULL AUTO_INCREMENT,
  `automotor_id` int(10) unsigned DEFAULT NULL,
  `automotor_cedula_verde_foto_url` varchar(500) COLLATE utf8_unicode_ci NOT NULL,
  `automotor_cedula_verde_foto_thumb_url` varchar(500) COLLATE utf8_unicode_ci NOT NULL,
  `automotor_cedula_verde_foto_width` int(11) NOT NULL,
  `automotor_cedula_verde_foto_height` int(11) NOT NULL,
  PRIMARY KEY (`automotor_cedula_verde_foto_id`),
  KEY `automotor_id` (`automotor_id`),
  CONSTRAINT `automotor_cedula_verde_foto_ibfk_1` FOREIGN KEY (`automotor_id`) REFERENCES `automotor` (`automotor_id`) ON DELETE CASCADE
) ENGINE=InnoDB DEFAULT CHARSET=utf8 COLLATE=utf8_unicode_ci;


DROP TABLE IF EXISTS `automotor_cert_rodamiento_archivo`;
CREATE TABLE `automotor_cert_rodamiento_archivo` (
  `automotor_cert_rodamiento_archivo_id` int(11) NOT NULL AUTO_INCREMENT,
  `automotor_id` int(10) unsigned DEFAULT NULL,
  `automotor_cert_rodamiento_archivo_url` varchar(500) COLLATE utf8_unicode_ci NOT NULL,
  `automotor_cert_rodamiento_archivo_nombre` varchar(500) COLLATE utf8_unicode_ci NOT NULL,
  PRIMARY KEY (`automotor_cert_rodamiento_archivo_id`),
  KEY `automotor_id` (`automotor_id`),
  CONSTRAINT `automotor_cert_rodamiento_archivo_ibfk_1` FOREIGN KEY (`automotor_id`) REFERENCES `automotor` (`automotor_id`) ON DELETE CASCADE
) ENGINE=InnoDB DEFAULT CHARSET=utf8 COLLATE=utf8_unicode_ci;


DROP TABLE IF EXISTS `automotor_foto`;
CREATE TABLE `automotor_foto` (
  `automotor_foto_id` int(11) NOT NULL AUTO_INCREMENT,
  `automotor_id` int(10) unsigned DEFAULT NULL,
  `automotor_foto_url` varchar(500) COLLATE utf8_unicode_ci NOT NULL,
  `automotor_foto_thumb_url` varchar(500) COLLATE utf8_unicode_ci NOT NULL,
  `automotor_foto_width` int(11) NOT NULL,
  `automotor_foto_height` int(11) NOT NULL,
  PRIMARY KEY (`automotor_foto_id`),
  KEY `automotor_id` (`automotor_id`)
) ENGINE=InnoDB DEFAULT CHARSET=utf8 COLLATE=utf8_unicode_ci;


DROP TABLE IF EXISTS `automotor_gnc_foto`;
CREATE TABLE `automotor_gnc_foto` (
  `automotor_gnc_foto_id` int(11) NOT NULL AUTO_INCREMENT,
  `automotor_id` int(10) unsigned DEFAULT NULL,
  `automotor_gnc_foto_url` varchar(500) COLLATE utf8_unicode_ci NOT NULL,
  `automotor_gnc_foto_thumb_url` varchar(500) COLLATE utf8_unicode_ci NOT NULL,
  `automotor_gnc_foto_width` int(11) NOT NULL,
  `automotor_gnc_foto_height` int(11) NOT NULL,
  PRIMARY KEY (`automotor_gnc_foto_id`),
  KEY `automotor_id` (`automotor_id`),
  CONSTRAINT `automotor_gnc_foto_ibfk_1` FOREIGN KEY (`automotor_id`) REFERENCES `automotor` (`automotor_id`) ON DELETE CASCADE
) ENGINE=InnoDB DEFAULT CHARSET=utf8 COLLATE=utf8_unicode_ci;


DROP TABLE IF EXISTS `automotor_marca`;
CREATE TABLE `automotor_marca` (
  `automotor_marca_id` int(11) NOT NULL AUTO_INCREMENT,
  `automotor_marca_nombre` varchar(100) COLLATE utf8_unicode_ci NOT NULL,
  PRIMARY KEY (`automotor_marca_id`)
) ENGINE=InnoDB DEFAULT CHARSET=utf8 COLLATE=utf8_unicode_ci;

INSERT INTO `automotor_marca` (`automotor_marca_id`, `automotor_marca_nombre`) VALUES
(1,	'CHEVROLET'),
(2,	'CITROEN'),
(3,	'FIAT'),
(4,	'FORD'),
(5,	'PEUGEOT'),
(6,	'RENAULT'),
(7,	'VOLKSWAGEN'),
(8,	'ACURA'),
(9,	'ALEKO'),
(10,	'ALFA ROMEO'),
(11,	'ARO'),
(12,	'ASIA'),
(13,	'AUDI'),
(14,	'AUSTIN'),
(15,	'AUTOBIANCHI'),
(16,	'BERTONE'),
(17,	'BMW'),
(18,	'CHERY'),
(19,	'CHRYSLER'),
(20,	'DACIA'),
(21,	'DAEWOO'),
(22,	'DAIHATSU'),
(23,	'ENIAK'),
(24,	'FERRARI'),
(25,	'G.A.Z.'),
(26,	'GROSSPAL'),
(27,	'HAM-JIANG'),
(28,	'HEIBAO'),
(29,	'HONDA'),
(30,	'HUMMER'),
(31,	'HYUNDAI'),
(32,	'ISUZU'),
(33,	'IVECO'),
(34,	'IZH'),
(35,	'JAC'),
(36,	'JAGUAR'),
(37,	'KIA'),
(38,	'KIA CAMION'),
(39,	'LADA'),
(40,	'LANCIA'),
(41,	'MAHINDRA'),
(42,	'MASERATI'),
(43,	'MAZDA'),
(44,	'MERCEDES BENZ'),
(45,	'MINI COOPER'),
(46,	'MITSUBISHI'),
(47,	'NAKAI (CHANGAN)'),
(48,	'NISSAN'),
(49,	'OPEL'),
(50,	'PIAGGIO'),
(51,	'POLONEZ'),
(52,	'PORSCHE'),
(53,	'PROTON'),
(54,	'RANQUEL'),
(55,	'ROLLS ROYCE'),
(56,	'ROVER-LAND ROV.'),
(57,	'SAAB'),
(58,	'SANTANA'),
(59,	'SEAT'),
(60,	'SKODA'),
(61,	'SMART'),
(62,	'SUBARU'),
(63,	'SUZUKI'),
(64,	'TATA'),
(65,	'TOYOTA'),
(66,	'UAZ'),
(67,	'VOLVO'),
(68,	'WULING MOTORS'),
(69,	'YANTAI'),
(70,	'YUEJIN'),
(71,	'DATSUN'),
(72,	'KIWI'),
(73,	'LEGNANO'),
(74,	'YAMAHA'),
(75,	'OTROS'),
(76,	'GILERA'),
(77,	'DODGE'),
(78,	'AFF'),
(79,	'BAJAJ'),
(80,	'BEDFORD'),
(81,	'CORVEN'),
(82,	'DE SOTO'),
(83,	'DELL ORO'),
(84,	'DI TELLA'),
(85,	'EL DETALLE'),
(86,	'FSO'),
(87,	'GARELLI'),
(88,	'GMC'),
(89,	'GUERRERO'),
(90,	'IKA'),
(91,	'INTEGRAL'),
(92,	'JEEP'),
(93,	'JOHN DEERE'),
(94,	'KAWASAKI'),
(95,	'KIKAI'),
(96,	'KYMCO'),
(97,	'LAND ROVER'),
(98,	'MINI'),
(99,	'MONDIAL'),
(100,	'MOTOMEL'),
(101,	'OLTCIT'),
(102,	'PANTHER QUADS'),
(103,	'RASTROJERO'),
(104,	'SALTO'),
(105,	'SIAM'),
(106,	'SSANGYONG'),
(107,	'TAVRIA'),
(108,	'TORINO'),
(109,	'VALIANT'),
(110,	'OTRA'),
(111,	'VENTO'),
(112,	'VICTORY'),
(113,	'WILLYS'),
(114,	'ZANELLA'),
(115,	'CERRO');

DROP TABLE IF EXISTS `automotor_micrograbado_foto`;
CREATE TABLE `automotor_micrograbado_foto` (
  `automotor_micrograbado_foto_id` int(11) NOT NULL AUTO_INCREMENT,
  `automotor_id` int(10) unsigned DEFAULT NULL,
  `automotor_micrograbado_foto_url` varchar(500) COLLATE utf8_unicode_ci NOT NULL,
  `automotor_micrograbado_foto_thumb_url` varchar(500) COLLATE utf8_unicode_ci NOT NULL,
  `automotor_micrograbado_foto_width` int(11) NOT NULL,
  `automotor_micrograbado_foto_height` int(11) NOT NULL,
  PRIMARY KEY (`automotor_micrograbado_foto_id`),
  KEY `automotor_id` (`automotor_id`),
  CONSTRAINT `automotor_micrograbado_foto_ibfk_2` FOREIGN KEY (`automotor_id`) REFERENCES `automotor` (`automotor_id`) ON DELETE CASCADE
) ENGINE=InnoDB DEFAULT CHARSET=utf8 COLLATE=utf8_unicode_ci;


DROP TABLE IF EXISTS `automotor_tipo`;
CREATE TABLE `automotor_tipo` (
  `automotor_tipo_id` int(11) NOT NULL AUTO_INCREMENT,
  `automotor_tipo_nombre` varchar(50) COLLATE utf8_unicode_ci NOT NULL,
  `automotor_tipo_orden` int(11) NOT NULL,
  PRIMARY KEY (`automotor_tipo_id`)
) ENGINE=InnoDB DEFAULT CHARSET=utf8 COLLATE=utf8_unicode_ci;

INSERT INTO `automotor_tipo` (`automotor_tipo_id`, `automotor_tipo_nombre`, `automotor_tipo_orden`) VALUES
(1,	'AUTOMOTOR',	1),
(2,	'PICKUP A',	2),
(3,	'PICKUP B',	3),
(4,	'MOTO',	7),
(5,	'ACOPLADO',	5),
(6,	'BANTAM',	12),
(7,	'CAMIÓN',	4),
(8,	'SEMIRREMOLQUE',	6),
(9,	'TRACTOR',	8),
(10,	'MAQUINARIA RURAL Y AGRÍCOLA',	9),
(11,	'CASA RODANTE',	10),
(12,	'TRAILER',	11),
(13,	'CUATRICICLO',	13);

DROP TABLE IF EXISTS `automotor_tipo_carroceria`;
CREATE TABLE `automotor_tipo_carroceria` (
  `automotor_tipo_carroceria_id` int(11) NOT NULL AUTO_INCREMENT,
  `automotor_tipo_id` int(11) NOT NULL,
  `automotor_carroceria_id` int(11) NOT NULL,
  PRIMARY KEY (`automotor_tipo_carroceria_id`),
  KEY `automotor_tipo_id` (`automotor_tipo_id`),
  KEY `automotor_carroceria_id` (`automotor_carroceria_id`),
  CONSTRAINT `automotor_tipo_carroceria_ibfk_1` FOREIGN KEY (`automotor_tipo_id`) REFERENCES `automotor_tipo` (`automotor_tipo_id`) ON DELETE CASCADE,
  CONSTRAINT `automotor_tipo_carroceria_ibfk_2` FOREIGN KEY (`automotor_carroceria_id`) REFERENCES `automotor_carroceria` (`automotor_carroceria_id`) ON DELETE CASCADE
) ENGINE=InnoDB DEFAULT CHARSET=utf8 COLLATE=utf8_unicode_ci;

INSERT INTO `automotor_tipo_carroceria` (`automotor_tipo_carroceria_id`, `automotor_tipo_id`, `automotor_carroceria_id`) VALUES
(1,	1,	1),
(2,	1,	2),
(3,	1,	3),
(4,	1,	4),
(5,	1,	5),
(6,	1,	6),
(7,	1,	7),
(8,	1,	8),
(9,	1,	11),
(10,	1,	12),
(11,	1,	13),
(12,	2,	14),
(13,	2,	15),
(14,	2,	16),
(15,	3,	14),
(16,	3,	15),
(17,	3,	16),
(18,	4,	9),
(19,	4,	10),
(20,	6,	17),
(21,	6,	17),
(22,	7,	18),
(23,	7,	19),
(24,	7,	20),
(25,	7,	21);

DROP TABLE IF EXISTS `cliente`;
CREATE TABLE `cliente` (
  `cliente_id` int(10) unsigned NOT NULL AUTO_INCREMENT,
  `cliente_tipo_persona` tinyint(3) unsigned NOT NULL,
  `cliente_nombre` varchar(255) COLLATE utf8_unicode_ci DEFAULT NULL,
  `cliente_apellido` varchar(255) COLLATE utf8_unicode_ci DEFAULT NULL,
  `cliente_razon_social` varchar(255) COLLATE utf8_unicode_ci DEFAULT NULL,
  `cliente_tipo_sociedad_id` int(11) DEFAULT NULL,
  `cliente_nacimiento` date DEFAULT NULL,
  `cliente_sexo` enum('F','M') COLLATE utf8_unicode_ci DEFAULT NULL,
  `cliente_tipo_doc` enum('Pasaporte','LC','LE','DNI','CI') COLLATE utf8_unicode_ci DEFAULT NULL,
  `cliente_nro_doc` varchar(15) COLLATE utf8_unicode_ci DEFAULT NULL,
  `cliente_nacionalidad_id` int(10) DEFAULT NULL,
  `cliente_cf_id` int(10) DEFAULT NULL,
  `cliente_registro` varchar(15) COLLATE utf8_unicode_ci DEFAULT NULL,
  `cliente_reg_vencimiento` date DEFAULT NULL,
  `cliente_cuit_0` varchar(2) COLLATE utf8_unicode_ci DEFAULT NULL,
  `cliente_cuit_1` varchar(8) COLLATE utf8_unicode_ci DEFAULT NULL,
  `cliente_cuit_2` varchar(1) COLLATE utf8_unicode_ci DEFAULT NULL,
  `cliente_email` varchar(255) COLLATE utf8_unicode_ci DEFAULT NULL,
  `cliente_email_alt` varchar(255) COLLATE utf8_unicode_ci DEFAULT NULL,
  `old_ids` varchar(500) COLLATE utf8_unicode_ci DEFAULT NULL,
  PRIMARY KEY (`cliente_id`),
  UNIQUE KEY `cliente_nro_doc` (`cliente_nro_doc`),
  KEY `cliente_nombre` (`cliente_nombre`),
  KEY `cliente_tipo_sociedad_id` (`cliente_tipo_sociedad_id`)
) ENGINE=InnoDB DEFAULT CHARSET=utf8 COLLATE=utf8_unicode_ci;


DROP TABLE IF EXISTS `cliente_cf`;
CREATE TABLE `cliente_cf` (
  `cliente_cf_id` int(11) NOT NULL AUTO_INCREMENT,
  `cliente_cf_nombre` varchar(50) COLLATE utf8_unicode_ci NOT NULL,
  PRIMARY KEY (`cliente_cf_id`)
) ENGINE=InnoDB DEFAULT CHARSET=utf8 COLLATE=utf8_unicode_ci;

INSERT INTO `cliente_cf` (`cliente_cf_id`, `cliente_cf_nombre`) VALUES
(1,	'CONSUMIDOR FINAL'),
(2,	'RESPONSABLE INSCRIPTO'),
(3,	'MONOTRIBUTISTA'),
(4,	'EXCENTO'),
(5,	'AUTONOMO');

DROP TABLE IF EXISTS `cliente_cliente_reg_tipo`;
CREATE TABLE `cliente_cliente_reg_tipo` (
  `cliente_cliente_reg_tipo_id` int(11) NOT NULL AUTO_INCREMENT,
  `cliente_id` int(10) unsigned NOT NULL,
  `cliente_reg_tipo_id` int(11) NOT NULL,
  PRIMARY KEY (`cliente_cliente_reg_tipo_id`),
  KEY `cliente_id` (`cliente_id`),
  KEY `cliente_reg_tipo_id` (`cliente_reg_tipo_id`),
  CONSTRAINT `cliente_cliente_reg_tipo_ibfk_2` FOREIGN KEY (`cliente_reg_tipo_id`) REFERENCES `cliente_reg_tipo` (`cliente_reg_tipo_id`),
  CONSTRAINT `cliente_cliente_reg_tipo_ibfk_3` FOREIGN KEY (`cliente_id`) REFERENCES `cliente` (`cliente_id`) ON DELETE CASCADE
) ENGINE=InnoDB DEFAULT CHARSET=utf8 COLLATE=utf8_unicode_ci;


DROP TABLE IF EXISTS `cliente_foto`;
CREATE TABLE `cliente_foto` (
  `cliente_foto_id` int(11) NOT NULL AUTO_INCREMENT,
  `cliente_id` int(10) unsigned NOT NULL,
  `cliente_foto_url` varchar(500) COLLATE utf8_unicode_ci NOT NULL,
  `cliente_foto_thumb_url` varchar(500) COLLATE utf8_unicode_ci NOT NULL,
  `cliente_foto_width` int(11) NOT NULL,
  `cliente_foto_height` int(11) NOT NULL,
  PRIMARY KEY (`cliente_foto_id`),
  KEY `cliente_id` (`cliente_id`),
  CONSTRAINT `cliente_foto_ibfk_2` FOREIGN KEY (`cliente_id`) REFERENCES `cliente` (`cliente_id`) ON DELETE CASCADE ON UPDATE CASCADE
) ENGINE=InnoDB DEFAULT CHARSET=utf8 COLLATE=utf8_unicode_ci;


DROP TABLE IF EXISTS `cliente_nacionalidad`;
CREATE TABLE `cliente_nacionalidad` (
  `cliente_nacionalidad_id` int(11) NOT NULL AUTO_INCREMENT,
  `cliente_nacionalidad_nombre` varchar(50) COLLATE utf8_unicode_ci NOT NULL,
  PRIMARY KEY (`cliente_nacionalidad_id`)
) ENGINE=InnoDB DEFAULT CHARSET=utf8 COLLATE=utf8_unicode_ci;

INSERT INTO `cliente_nacionalidad` (`cliente_nacionalidad_id`, `cliente_nacionalidad_nombre`) VALUES
(1,	'ARGENTINO'),
(2,	'BOLIVIANO'),
(3,	'BRASILERO'),
(4,	'CHILENO'),
(5,	'COLOMBIANO'),
(6,	'ECUATORIANO'),
(7,	'PARAGUAYO'),
(8,	'PERUANO'),
(9,	'URUGUAYO');

DROP TABLE IF EXISTS `cliente_reg_tipo`;
CREATE TABLE `cliente_reg_tipo` (
  `cliente_reg_tipo_id` int(11) NOT NULL AUTO_INCREMENT,
  `cliente_reg_tipo_nombre` varchar(50) COLLATE utf8_unicode_ci NOT NULL,
  PRIMARY KEY (`cliente_reg_tipo_id`)
) ENGINE=InnoDB DEFAULT CHARSET=utf8 COLLATE=utf8_unicode_ci;

INSERT INTO `cliente_reg_tipo` (`cliente_reg_tipo_id`, `cliente_reg_tipo_nombre`) VALUES
(3,	'MOTOCICLETA'),
(5,	'AUTOMOVIL'),
(6,	'CAMIONETA'),
(7,	'CAMION'),
(8,	'MICRO'),
(9,	'EMBARCACION');

DROP TABLE IF EXISTS `cliente_sucursal`;
CREATE TABLE `cliente_sucursal` (
  `cliente_sucursal_id` int(11) NOT NULL AUTO_INCREMENT,
  `cliente_id` int(10) unsigned NOT NULL,
  `sucursal_id` int(11) NOT NULL,
  PRIMARY KEY (`cliente_sucursal_id`),
  KEY `cliente_id` (`cliente_id`),
  KEY `sucursal_id` (`sucursal_id`),
  CONSTRAINT `cliente_sucursal_ibfk_1` FOREIGN KEY (`cliente_id`) REFERENCES `cliente` (`cliente_id`) ON DELETE CASCADE,
  CONSTRAINT `cliente_sucursal_ibfk_2` FOREIGN KEY (`sucursal_id`) REFERENCES `sucursal` (`sucursal_id`) ON DELETE CASCADE
) ENGINE=InnoDB DEFAULT CHARSET=utf8 COLLATE=utf8_unicode_ci;


DROP TABLE IF EXISTS `cliente_tipo_sociedad`;
CREATE TABLE `cliente_tipo_sociedad` (
  `cliente_tipo_sociedad_id` int(11) NOT NULL AUTO_INCREMENT,
  `cliente_tipo_sociedad_nombre` varchar(50) COLLATE utf8_unicode_ci NOT NULL,
  PRIMARY KEY (`cliente_tipo_sociedad_id`)
) ENGINE=InnoDB DEFAULT CHARSET=utf8 COLLATE=utf8_unicode_ci;

INSERT INTO `cliente_tipo_sociedad` (`cliente_tipo_sociedad_id`, `cliente_tipo_sociedad_nombre`) VALUES
(1,	'S.A.'),
(2,	'S.R.L.'),
(3,	'S.H.'),
(4,	'S. EN COMANDITA'),
(5,	'S. COLECTIVA'),
(6,	'S. CIVIL'),
(7,	'S. DE FOMENTO'),
(8,	'S. A. S.');

DROP TABLE IF EXISTS `combinado_familiar`;
CREATE TABLE `combinado_familiar` (
  `combinado_familiar_id` int(11) NOT NULL AUTO_INCREMENT,
  `poliza_id` int(10) unsigned NOT NULL,
  `combinado_familiar_domicilio_calle` varchar(255) COLLATE utf8_unicode_ci NOT NULL,
  `combinado_familiar_domicilio_nro` varchar(10) COLLATE utf8_unicode_ci NOT NULL,
  `combinado_familiar_domicilio_piso` varchar(4) COLLATE utf8_unicode_ci DEFAULT NULL,
  `combinado_familiar_domicilio_dpto` varchar(3) COLLATE utf8_unicode_ci DEFAULT NULL,
  `combinado_familiar_domicilio_localidad` varchar(255) COLLATE utf8_unicode_ci NOT NULL,
  `combinado_familiar_domicilio_cp` varchar(10) COLLATE utf8_unicode_ci NOT NULL,
  `combinado_familiar_country` varchar(255) COLLATE utf8_unicode_ci DEFAULT NULL,
  `combinado_familiar_lote` varchar(255) COLLATE utf8_unicode_ci DEFAULT NULL,
  `combinado_familiar_valor_tasado` decimal(10,2) DEFAULT NULL,
  `combinado_familiar_prorrata_obj_esp` decimal(10,2) unsigned DEFAULT NULL,
  `combinado_familiar_inc_edif` decimal(10,2) unsigned DEFAULT NULL,
  `combinado_familiar_inc_edif_rep` tinyint(3) unsigned DEFAULT NULL,
  `combinado_familiar_inc_mob` decimal(10,2) unsigned DEFAULT NULL,
  `combinado_familiar_ef_personales` decimal(10,2) unsigned DEFAULT NULL,
  `combinado_familiar_rc_inc` decimal(10,2) unsigned DEFAULT NULL,
  `combinado_familiar_cristales` decimal(10,2) unsigned DEFAULT NULL,
  `combinado_familiar_responsabilidad_civil` decimal(10,2) unsigned DEFAULT NULL,
  `combinado_familiar_danios_agua` decimal(10,2) unsigned DEFAULT NULL,
  `combinado_familiar_jugadores_golf` decimal(10,2) unsigned DEFAULT NULL,
  `combinado_familiar_inc_edif_flag` tinyint(3) unsigned NOT NULL,
  `combinado_familiar_inc_mob_flag` tinyint(3) unsigned NOT NULL,
  `combinado_familiar_ef_personales_flag` tinyint(3) unsigned NOT NULL,
  `combinado_familiar_rc_inc_flag` tinyint(3) unsigned NOT NULL,
  `combinado_familiar_tv_aud_vid_flag` tinyint(3) unsigned NOT NULL,
  `combinado_familiar_obj_esp_prorrata_flag` tinyint(3) unsigned NOT NULL,
  `combinado_familiar_equipos_computacion_flag` tinyint(3) unsigned NOT NULL,
  `combinado_familiar_film_foto_flag` tinyint(3) unsigned NOT NULL,
  `combinado_familiar_cristales_flag` tinyint(3) unsigned NOT NULL,
  `combinado_familiar_responsabilidad_civil_flag` tinyint(3) unsigned NOT NULL,
  `combinado_familiar_danios_agua_flag` tinyint(3) unsigned NOT NULL,
  `combinado_familiar_jugadores_golf_flag` tinyint(3) unsigned NOT NULL,
  PRIMARY KEY (`combinado_familiar_id`),
  UNIQUE KEY `poliza_id` (`poliza_id`),
  CONSTRAINT `combinado_familiar_ibfk_1` FOREIGN KEY (`poliza_id`) REFERENCES `poliza` (`poliza_id`) ON DELETE CASCADE
) ENGINE=InnoDB DEFAULT CHARSET=utf8 COLLATE=utf8_unicode_ci;


DROP TABLE IF EXISTS `combinado_familiar_equipos_computacion`;
CREATE TABLE `combinado_familiar_equipos_computacion` (
  `combinado_familiar_equipos_computacion_id` int(11) NOT NULL AUTO_INCREMENT,
  `combinado_familiar_id` int(11) NOT NULL,
  `combinado_familiar_equipos_computacion_cantidad` int(11) NOT NULL,
  `combinado_familiar_equipos_computacion_producto` varchar(500) COLLATE utf8_unicode_ci NOT NULL,
  `combinado_familiar_equipos_computacion_marca` varchar(500) COLLATE utf8_unicode_ci NOT NULL,
  `combinado_familiar_equipos_computacion_serial` varchar(500) COLLATE utf8_unicode_ci DEFAULT NULL,
  `combinado_familiar_equipos_computacion_valor` decimal(10,2) NOT NULL,
  PRIMARY KEY (`combinado_familiar_equipos_computacion_id`),
  KEY `combinado_familiar_id` (`combinado_familiar_id`),
  CONSTRAINT `combinado_familiar_equipos_computacion_ibfk_1` FOREIGN KEY (`combinado_familiar_id`) REFERENCES `combinado_familiar` (`combinado_familiar_id`) ON DELETE CASCADE
) ENGINE=InnoDB DEFAULT CHARSET=utf8 COLLATE=utf8_unicode_ci;


DROP TABLE IF EXISTS `combinado_familiar_film_foto`;
CREATE TABLE `combinado_familiar_film_foto` (
  `combinado_familiar_film_foto_id` int(11) NOT NULL AUTO_INCREMENT,
  `combinado_familiar_id` int(11) NOT NULL,
  `combinado_familiar_film_foto_cantidad` int(11) NOT NULL,
  `combinado_familiar_film_foto_producto` varchar(500) COLLATE utf8_unicode_ci NOT NULL,
  `combinado_familiar_film_foto_marca` varchar(500) COLLATE utf8_unicode_ci NOT NULL,
  `combinado_familiar_film_foto_serial` varchar(500) COLLATE utf8_unicode_ci DEFAULT NULL,
  `combinado_familiar_film_foto_valor` decimal(10,2) NOT NULL,
  PRIMARY KEY (`combinado_familiar_film_foto_id`),
  KEY `combinado_familiar_id` (`combinado_familiar_id`),
  CONSTRAINT `combinado_familiar_film_foto_ibfk_1` FOREIGN KEY (`combinado_familiar_id`) REFERENCES `combinado_familiar` (`combinado_familiar_id`) ON DELETE CASCADE
) ENGINE=InnoDB DEFAULT CHARSET=utf8 COLLATE=utf8_unicode_ci;


DROP TABLE IF EXISTS `combinado_familiar_obj_esp_prorrata`;
CREATE TABLE `combinado_familiar_obj_esp_prorrata` (
  `combinado_familiar_obj_esp_prorrata_id` int(11) NOT NULL AUTO_INCREMENT,
  `combinado_familiar_id` int(11) NOT NULL,
  `combinado_familiar_obj_esp_prorrata_cantidad` int(11) NOT NULL,
  `combinado_familiar_obj_esp_prorrata_producto` varchar(500) COLLATE utf8_unicode_ci NOT NULL,
  `combinado_familiar_obj_esp_prorrata_marca` varchar(500) COLLATE utf8_unicode_ci NOT NULL,
  `combinado_familiar_obj_esp_prorrata_serial` varchar(500) COLLATE utf8_unicode_ci DEFAULT NULL,
  `combinado_familiar_obj_esp_prorrata_valor` decimal(10,2) NOT NULL,
  PRIMARY KEY (`combinado_familiar_obj_esp_prorrata_id`),
  KEY `combinado_familiar_id` (`combinado_familiar_id`),
  CONSTRAINT `combinado_familiar_obj_esp_prorrata_ibfk_1` FOREIGN KEY (`combinado_familiar_id`) REFERENCES `combinado_familiar` (`combinado_familiar_id`) ON DELETE CASCADE
) ENGINE=InnoDB DEFAULT CHARSET=utf8 COLLATE=utf8_unicode_ci;


DROP TABLE IF EXISTS `combinado_familiar_tv_aud_vid`;
CREATE TABLE `combinado_familiar_tv_aud_vid` (
  `combinado_familiar_tv_aud_vid_id` int(11) NOT NULL AUTO_INCREMENT,
  `combinado_familiar_id` int(11) NOT NULL,
  `combinado_familiar_tv_aud_vid_cantidad` int(11) NOT NULL,
  `combinado_familiar_tv_aud_vid_producto` varchar(500) COLLATE utf8_unicode_ci NOT NULL,
  `combinado_familiar_tv_aud_vid_marca` varchar(500) COLLATE utf8_unicode_ci NOT NULL,
  `combinado_familiar_tv_aud_vid_serial` varchar(500) COLLATE utf8_unicode_ci DEFAULT NULL,
  `combinado_familiar_tv_aud_vid_valor` decimal(10,2) NOT NULL,
  PRIMARY KEY (`combinado_familiar_tv_aud_vid_id`),
  KEY `combinado_familiar_id` (`combinado_familiar_id`),
  CONSTRAINT `combinado_familiar_tv_aud_vid_ibfk_1` FOREIGN KEY (`combinado_familiar_id`) REFERENCES `combinado_familiar` (`combinado_familiar_id`) ON DELETE CASCADE
) ENGINE=InnoDB DEFAULT CHARSET=utf8 COLLATE=utf8_unicode_ci;


DROP TABLE IF EXISTS `contacto`;
CREATE TABLE `contacto` (
  `contacto_id` int(10) unsigned NOT NULL AUTO_INCREMENT,
  `cliente_id` int(10) unsigned NOT NULL,
  `contacto_tipo` enum('Particular','Laboral') COLLATE utf8_unicode_ci NOT NULL,
  `contacto_domicilio` varchar(255) COLLATE utf8_unicode_ci DEFAULT NULL,
  `contacto_nro` varchar(255) COLLATE utf8_unicode_ci DEFAULT NULL,
  `contacto_piso` varchar(255) COLLATE utf8_unicode_ci DEFAULT NULL,
  `contacto_dpto` varchar(255) COLLATE utf8_unicode_ci DEFAULT '0',
  `contacto_localidad` varchar(255) COLLATE utf8_unicode_ci DEFAULT NULL,
  `contacto_cp` varchar(255) COLLATE utf8_unicode_ci DEFAULT NULL,
  `localidad_id` int(11) DEFAULT NULL,
  `contacto_country` varchar(255) COLLATE utf8_unicode_ci DEFAULT NULL,
  `contacto_lote` varchar(255) COLLATE utf8_unicode_ci DEFAULT NULL,
  `contacto_telefono1` varchar(255) COLLATE utf8_unicode_ci DEFAULT NULL,
  `contacto_telefono2` varchar(255) COLLATE utf8_unicode_ci DEFAULT NULL,
  `contacto_telefono2_compania` int(11) DEFAULT NULL,
  `contacto_telefono_laboral` varchar(25) COLLATE utf8_unicode_ci DEFAULT NULL,
  `contacto_telefono_alt` varchar(25) COLLATE utf8_unicode_ci DEFAULT NULL,
  `contacto_observaciones` varchar(500) COLLATE utf8_unicode_ci DEFAULT NULL,
  `contacto_default` tinyint(3) unsigned NOT NULL,
  PRIMARY KEY (`contacto_id`),
  KEY `cliente_id` (`cliente_id`),
  KEY `localidad_id` (`localidad_id`),
  CONSTRAINT `contacto_ibfk_1` FOREIGN KEY (`cliente_id`) REFERENCES `cliente` (`cliente_id`),
  CONSTRAINT `contacto_ibfk_2` FOREIGN KEY (`localidad_id`) REFERENCES `localidad` (`localidad_id`) ON DELETE SET NULL
) ENGINE=InnoDB DEFAULT CHARSET=utf8 COLLATE=utf8_unicode_ci;


DROP TABLE IF EXISTS `contacto_telefono_compania`;
CREATE TABLE `contacto_telefono_compania` (
  `contacto_telefono_compania_id` int(11) NOT NULL AUTO_INCREMENT,
  `contacto_telefono_compania_nombre` varchar(50) COLLATE utf8_unicode_ci NOT NULL,
  PRIMARY KEY (`contacto_telefono_compania_id`)
) ENGINE=InnoDB DEFAULT CHARSET=utf8 COLLATE=utf8_unicode_ci;

INSERT INTO `contacto_telefono_compania` (`contacto_telefono_compania_id`, `contacto_telefono_compania_nombre`) VALUES
(1,	'MOVISTAR'),
(2,	'PERSONAL'),
(3,	'CLARO'),
(4,	'NEXTEL');

DROP TABLE IF EXISTS `cuota`;
CREATE TABLE `cuota` (
  `cuota_id` int(10) unsigned NOT NULL AUTO_INCREMENT,
  `poliza_id` int(10) unsigned NOT NULL,
  `cuota_nro` tinyint(3) unsigned NOT NULL,
  `cuota_periodo` date NOT NULL,
  `cuota_monto` decimal(10,2) unsigned NOT NULL,
  `cuota_vencimiento` date NOT NULL,
  `cuota_estado_id` int(11) NOT NULL,
  `cuota_fe_pago` datetime DEFAULT NULL,
  `cuota_fe_anulada` datetime DEFAULT NULL,
  `cuota_recibo` int(10) unsigned DEFAULT NULL,
  `cuota_pfc` tinyint(3) unsigned NOT NULL,
  `cuota_nro_factura` int(11) unsigned DEFAULT NULL,
  PRIMARY KEY (`cuota_id`),
  UNIQUE KEY `poliza_id` (`poliza_id`,`cuota_nro`),
  UNIQUE KEY `poliza_id_2` (`poliza_id`,`cuota_periodo`),
  KEY `cuota_estado_id` (`cuota_estado_id`),
  KEY `cuota_recibo` (`cuota_recibo`),
  CONSTRAINT `cuota_ibfk_1` FOREIGN KEY (`poliza_id`) REFERENCES `poliza` (`poliza_id`),
  CONSTRAINT `cuota_ibfk_2` FOREIGN KEY (`cuota_estado_id`) REFERENCES `cuota_estado` (`cuota_estado_id`)
) ENGINE=InnoDB DEFAULT CHARSET=utf8 COLLATE=utf8_unicode_ci;


DROP TABLE IF EXISTS `cuota_estado`;
CREATE TABLE `cuota_estado` (
  `cuota_estado_id` int(11) NOT NULL AUTO_INCREMENT,
  `cuota_estado_nombre` varchar(50) COLLATE utf8_unicode_ci NOT NULL,
  PRIMARY KEY (`cuota_estado_id`)
) ENGINE=InnoDB DEFAULT CHARSET=utf8 COLLATE=utf8_unicode_ci;

INSERT INTO `cuota_estado` (`cuota_estado_id`, `cuota_estado_nombre`) VALUES
(1,	'No Pagado'),
(2,	'Pagado'),
(3,	'Anulado');

DROP TABLE IF EXISTS `cuota_log`;
CREATE TABLE `cuota_log` (
  `cuota_log_id` int(11) NOT NULL AUTO_INCREMENT,
  `cuota_id` int(11) NOT NULL,
  `poliza_id` int(11) NOT NULL,
  `cuota_log_tipo` int(11) NOT NULL,
  `cuota_log_fecha` datetime NOT NULL,
  `cuota_recibo` int(11) NOT NULL,
  `usuario_id` int(11) NOT NULL,
  `timestamp` datetime NOT NULL,
  PRIMARY KEY (`cuota_log_id`)
) ENGINE=InnoDB DEFAULT CHARSET=utf8 COLLATE=utf8_unicode_ci;


DROP TABLE IF EXISTS `email_log`;
CREATE TABLE `email_log` (
  `email_log_id` int(11) NOT NULL AUTO_INCREMENT,
  `email_type_id` int(11) NOT NULL,
  `poliza_id` int(10) unsigned NOT NULL,
  `usuario_id` int(10) unsigned NOT NULL,
  `email_log_to` text COLLATE utf8_unicode_ci NOT NULL,
  `email_log_timestamp` datetime NOT NULL,
  PRIMARY KEY (`email_log_id`),
  KEY `usuario_id` (`usuario_id`),
  KEY `poliza_id` (`poliza_id`)
) ENGINE=InnoDB DEFAULT CHARSET=utf8 COLLATE=utf8_unicode_ci;


DROP TABLE IF EXISTS `email_type`;
CREATE TABLE `email_type` (
  `email_type_id` int(11) NOT NULL AUTO_INCREMENT,
  `email_type_name` varchar(200) COLLATE utf8_unicode_ci NOT NULL,
  PRIMARY KEY (`email_type_id`)
) ENGINE=InnoDB DEFAULT CHARSET=utf8 COLLATE=utf8_unicode_ci;

INSERT INTO `email_type` (`email_type_id`, `email_type_name`) VALUES
(1,	'CC'),
(2,	'Pedido de emisión'),
(3,	'Pedido de M/C'),
(4,	'Pedido de renovación'),
(5,	'Endoso'),
(6,	'Recibo'),
(7,	'Fotos'),
(8,	'Pedido de equipo de rastreo');

DROP TABLE IF EXISTS `endoso`;
CREATE TABLE `endoso` (
  `endoso_id` int(11) NOT NULL AUTO_INCREMENT,
  `poliza_id` int(10) unsigned NOT NULL,
  `endoso_fecha_pedido` date NOT NULL,
  `endoso_tipo_id` int(11) NOT NULL,
  `endoso_cuerpo` text COLLATE utf8_unicode_ci,
  `endoso_premio` decimal(10,2) DEFAULT NULL,
  `endoso_numero` varchar(500) COLLATE utf8_unicode_ci DEFAULT NULL,
  `endoso_fecha_compania` date DEFAULT NULL,
  `endoso_completo` tinyint(1) NOT NULL,
  `timestamp` datetime DEFAULT NULL,
  PRIMARY KEY (`endoso_id`),
  KEY `poliza_id` (`poliza_id`),
  KEY `endoso_tipo_id` (`endoso_tipo_id`),
  CONSTRAINT `endoso_ibfk_1` FOREIGN KEY (`poliza_id`) REFERENCES `poliza` (`poliza_id`) ON DELETE CASCADE,
  CONSTRAINT `endoso_ibfk_2` FOREIGN KEY (`endoso_tipo_id`) REFERENCES `endoso_tipo` (`endoso_tipo_id`)
) ENGINE=InnoDB DEFAULT CHARSET=utf8 COLLATE=utf8_unicode_ci;


DROP TABLE IF EXISTS `endoso_foto`;
CREATE TABLE `endoso_foto` (
  `endoso_foto_id` int(11) NOT NULL AUTO_INCREMENT,
  `endoso_id` int(11) NOT NULL,
  `endoso_foto_url` varchar(500) COLLATE utf8_unicode_ci NOT NULL,
  `endoso_foto_thumb_url` varchar(500) COLLATE utf8_unicode_ci NOT NULL,
  `endoso_foto_width` int(11) NOT NULL,
  `endoso_foto_height` int(11) NOT NULL,
  PRIMARY KEY (`endoso_foto_id`),
  KEY `endoso_id` (`endoso_id`),
  CONSTRAINT `endoso_foto_ibfk_1` FOREIGN KEY (`endoso_id`) REFERENCES `endoso` (`endoso_id`) ON DELETE CASCADE
) ENGINE=InnoDB DEFAULT CHARSET=utf8 COLLATE=utf8_unicode_ci;


DROP TABLE IF EXISTS `endoso_tipo`;
CREATE TABLE `endoso_tipo` (
  `endoso_tipo_id` int(11) NOT NULL AUTO_INCREMENT,
  `endoso_tipo_grupo_id` int(11) NOT NULL,
  `endoso_tipo_nombre` varchar(250) COLLATE utf8_unicode_ci NOT NULL,
  PRIMARY KEY (`endoso_tipo_id`),
  KEY `endoso_tipo_grupo_id` (`endoso_tipo_grupo_id`),
  CONSTRAINT `endoso_tipo_ibfk_1` FOREIGN KEY (`endoso_tipo_grupo_id`) REFERENCES `endoso_tipo_grupo` (`endoso_tipo_grupo_id`)
) ENGINE=InnoDB DEFAULT CHARSET=utf8 COLLATE=utf8_unicode_ci;

INSERT INTO `endoso_tipo` (`endoso_tipo_id`, `endoso_tipo_grupo_id`, `endoso_tipo_nombre`) VALUES
(1,	2,	'CAMBIA SUMA ASEGURADA'),
(2,	2,	'CORRIGE MARCA/MODELO'),
(3,	2,	'CAMBIA TIPO DE VEHÍCULO'),
(4,	2,	'CORRIGE PATENTE'),
(5,	2,	'CORRIGE MOTOR'),
(6,	2,	'CORRIGE CHASIS'),
(7,	2,	'CORRIGE ACCESORIOS'),
(8,	2,	'CORRIGE DATOS DE INSPECCIÓN PREVIA'),
(9,	2,	'CORRIGE COLOR'),
(10,	2,	'CORRIGE AÑO'),
(11,	2,	'CORRIGE DATOS DEL ACREEDOR PRENDARIO'),
(12,	2,	'CAMBIO/CORRECCIÓN DE TITULAR'),
(13,	2,	'CORRIGE DOMICILIO DEL ASEGURADO'),
(14,	2,	'AJUSTA CUOTA'),
(15,	2,	'INCLUYE ACREEDOR PRENDARIO'),
(16,	2,	'EXCLUYE ACREEDOR PRENDARIO'),
(17,	2,	'CORRIGE LÍMITE DE RESPONSABILIDAD CIVIL'),
(18,	2,	'CORRIGE COBRADOR Y/O COMISIÓN'),
(19,	2,	'CORRIGE TIPO Y NÚMERO DE DOCUMENTO'),
(20,	2,	'CORRIGE RECARGOS Y DESCUENTOS'),
(21,	2,	'AJUSTA COSTOS DE COMPAÑÍA'),
(22,	2,	'VARIOS'),
(23,	2,	'CAMBIO DE UNIDAD'),
(24,	2,	'DISMINUYE COBERTURA'),
(25,	2,	'AUMENTA COBERTURA'),
(26,	2,	'CAMBIA USO'),
(27,	2,	'CAMBIO DE CONDICIÓN FISCAL DEL ASEGURADO'),
(28,	2,	'INCLUYE ACREEDOR HIPOTECARIO'),
(29,	2,	'EXCLUYE ACREEDOR HIPOTECARIO'),
(30,	1,	'DESESTIMIENTO'),
(31,	1,	'FALTA DE PAGO'),
(32,	1,	'INICIO'),
(33,	1,	'RENOVACIÓN'),
(34,	1,	'ROBO'),
(35,	1,	'SINIESTROS'),
(36,	1,	'VARIOS'),
(37,	1,	'VENTA');

DROP TABLE IF EXISTS `endoso_tipo_grupo`;
CREATE TABLE `endoso_tipo_grupo` (
  `endoso_tipo_grupo_id` int(11) NOT NULL AUTO_INCREMENT,
  `endoso_tipo_grupo_nombre` varchar(250) COLLATE utf8_unicode_ci NOT NULL,
  PRIMARY KEY (`endoso_tipo_grupo_id`)
) ENGINE=InnoDB DEFAULT CHARSET=utf8 COLLATE=utf8_unicode_ci;

INSERT INTO `endoso_tipo_grupo` (`endoso_tipo_grupo_id`, `endoso_tipo_grupo_nombre`) VALUES
(1,	'Anulación'),
(2,	'General');

DROP TABLE IF EXISTS `equipo_rastreo`;
CREATE TABLE `equipo_rastreo` (
  `equipo_rastreo_id` int(11) NOT NULL AUTO_INCREMENT,
  `equipo_rastreo_nombre` varchar(250) COLLATE utf8_unicode_ci NOT NULL,
  PRIMARY KEY (`equipo_rastreo_id`)
) ENGINE=InnoDB DEFAULT CHARSET=utf8 COLLATE=utf8_unicode_ci;

INSERT INTO `equipo_rastreo` (`equipo_rastreo_id`, `equipo_rastreo_nombre`) VALUES
(1,	'LO JACK'),
(2,	'TRACER'),
(3,	'ITURAN');

DROP TABLE IF EXISTS `equipo_rastreo_pedido`;
CREATE TABLE `equipo_rastreo_pedido` (
  `equipo_rastreo_pedido_id` int(11) NOT NULL AUTO_INCREMENT,
  `equipo_rastreo_pedido_nombre` varchar(250) COLLATE utf8_unicode_ci NOT NULL,
  PRIMARY KEY (`equipo_rastreo_pedido_id`)
) ENGINE=InnoDB DEFAULT CHARSET=utf8 COLLATE=utf8_unicode_ci;

INSERT INTO `equipo_rastreo_pedido` (`equipo_rastreo_pedido_id`, `equipo_rastreo_pedido_nombre`) VALUES
(1,	'INSTALACION'),
(2,	'TRASPASO'),
(3,	'BAJA');

DROP TABLE IF EXISTS `incendio_edificio`;
CREATE TABLE `incendio_edificio` (
  `incendio_edificio_id` int(11) NOT NULL AUTO_INCREMENT,
  `poliza_id` int(10) unsigned NOT NULL,
  `incendio_edificio_domicilio_calle` varchar(255) COLLATE utf8_unicode_ci NOT NULL,
  `incendio_edificio_domicilio_nro` varchar(10) COLLATE utf8_unicode_ci NOT NULL,
  `incendio_edificio_domicilio_piso` varchar(4) COLLATE utf8_unicode_ci DEFAULT NULL,
  `incendio_edificio_domicilio_dpto` varchar(3) COLLATE utf8_unicode_ci DEFAULT NULL,
  `incendio_edificio_domicilio_localidad` varchar(255) COLLATE utf8_unicode_ci NOT NULL,
  `incendio_edificio_domicilio_cp` varchar(10) COLLATE utf8_unicode_ci NOT NULL,
  `incendio_edificio_country` varchar(255) COLLATE utf8_unicode_ci DEFAULT NULL,
  `incendio_edificio_lote` varchar(255) COLLATE utf8_unicode_ci DEFAULT NULL,
  `incendio_edificio_valor_tasado` decimal(10,2) DEFAULT NULL,
  `incendio_edificio_inc_edif` decimal(10,2) unsigned NOT NULL,
  `incendio_edificio_inc_edif_rep` tinyint(3) unsigned NOT NULL,
  `incendio_edificio_inc_mob` decimal(10,2) unsigned DEFAULT NULL,
  `incendio_edificio_rc_inc` decimal(10,2) unsigned DEFAULT NULL,
  PRIMARY KEY (`incendio_edificio_id`),
  UNIQUE KEY `poliza_id` (`poliza_id`),
  CONSTRAINT `incendio_edificio_ibfk_1` FOREIGN KEY (`poliza_id`) REFERENCES `poliza` (`poliza_id`) ON DELETE CASCADE
) ENGINE=InnoDB DEFAULT CHARSET=utf8 COLLATE=utf8_unicode_ci;


DROP TABLE IF EXISTS `integral_comercio`;
CREATE TABLE `integral_comercio` (
  `integral_comercio_id` int(11) NOT NULL AUTO_INCREMENT,
  `poliza_id` int(10) unsigned NOT NULL,
  `integral_comercio_domicilio_calle` varchar(255) COLLATE utf8_unicode_ci NOT NULL,
  `integral_comercio_domicilio_nro` varchar(10) COLLATE utf8_unicode_ci NOT NULL,
  `integral_comercio_domicilio_piso` varchar(4) COLLATE utf8_unicode_ci DEFAULT NULL,
  `integral_comercio_domicilio_dpto` varchar(3) COLLATE utf8_unicode_ci DEFAULT NULL,
  `integral_comercio_domicilio_localidad` varchar(255) COLLATE utf8_unicode_ci NOT NULL,
  `integral_comercio_domicilio_cp` varchar(10) COLLATE utf8_unicode_ci NOT NULL,
  `integral_comercio_actividad` varchar(500) COLLATE utf8_unicode_ci NOT NULL,
  `integral_comercio_valor_tasado` decimal(10,2) DEFAULT NULL,
  `integral_comercio_inc_edif` decimal(10,2) unsigned DEFAULT NULL,
  `integral_comercio_inc_edif_rep` tinyint(3) unsigned DEFAULT NULL,
  `integral_comercio_bienes_de_uso_flag` tinyint(3) unsigned DEFAULT NULL,
  `integral_comercio_inc_contenido` decimal(10,2) unsigned DEFAULT NULL,
  `integral_comercio_robo_pra` decimal(10,2) unsigned DEFAULT NULL,
  `integral_comercio_cristales_pra` decimal(10,2) unsigned DEFAULT NULL,
  `integral_comercio_rc_comprensiva` decimal(10,2) unsigned DEFAULT NULL,
  `integral_comercio_rc_ascensor` decimal(10,2) unsigned DEFAULT NULL,
  `integral_comercio_robo_matafuegos` decimal(10,2) unsigned DEFAULT NULL,
  `integral_comercio_robo_lcm` decimal(10,2) unsigned DEFAULT NULL,
  `integral_comercio_danios_agua` decimal(10,2) unsigned DEFAULT NULL,
  `integral_comercio_rc_garage` decimal(10,2) unsigned DEFAULT NULL,
  `integral_comercio_rc_lind` decimal(10,2) unsigned DEFAULT NULL,
  PRIMARY KEY (`integral_comercio_id`),
  UNIQUE KEY `poliza_id` (`poliza_id`)
) ENGINE=InnoDB DEFAULT CHARSET=utf8 COLLATE=utf8_unicode_ci;


DROP TABLE IF EXISTS `integral_comercio_bienes_de_uso`;
CREATE TABLE `integral_comercio_bienes_de_uso` (
  `integral_comercio_bienes_de_uso_id` int(11) NOT NULL AUTO_INCREMENT,
  `integral_comercio_id` int(11) NOT NULL,
  `integral_comercio_bienes_de_uso_cantidad` int(11) NOT NULL,
  `integral_comercio_bienes_de_uso_producto` varchar(500) COLLATE utf8_unicode_ci NOT NULL,
  `integral_comercio_bienes_de_uso_marca` varchar(500) COLLATE utf8_unicode_ci DEFAULT NULL,
  `integral_comercio_bienes_de_uso_serial` varchar(500) COLLATE utf8_unicode_ci DEFAULT NULL,
  `integral_comercio_bienes_de_uso_valor` decimal(10,2) NOT NULL,
  PRIMARY KEY (`integral_comercio_bienes_de_uso_id`),
  KEY `combinado_familiar_id` (`integral_comercio_id`),
  CONSTRAINT `integral_comercio_bienes_de_uso_ibfk_1` FOREIGN KEY (`integral_comercio_id`) REFERENCES `integral_comercio` (`integral_comercio_id`) ON DELETE CASCADE
) ENGINE=InnoDB DEFAULT CHARSET=utf8 COLLATE=utf8_unicode_ci;


DROP TABLE IF EXISTS `integral_consorcio`;
CREATE TABLE `integral_consorcio` (
  `integral_consorcio_id` int(11) NOT NULL AUTO_INCREMENT,
  `poliza_id` int(10) unsigned NOT NULL,
  `integral_consorcio_domicilio_calle` varchar(255) COLLATE utf8_unicode_ci NOT NULL,
  `integral_consorcio_domicilio_nro` varchar(10) COLLATE utf8_unicode_ci NOT NULL,
  `integral_consorcio_domicilio_piso` varchar(4) COLLATE utf8_unicode_ci DEFAULT NULL,
  `integral_consorcio_domicilio_dpto` varchar(3) COLLATE utf8_unicode_ci DEFAULT NULL,
  `integral_consorcio_domicilio_localidad` varchar(255) COLLATE utf8_unicode_ci NOT NULL,
  `integral_consorcio_domicilio_cp` varchar(10) COLLATE utf8_unicode_ci NOT NULL,
  `integral_consorcio_valor_tasado` decimal(10,2) DEFAULT NULL,
  `integral_consorcio_inc_edif` decimal(10,2) unsigned NOT NULL,
  `integral_consorcio_inc_edif_rep` tinyint(3) unsigned DEFAULT NULL,
  `integral_consorcio_inc_contenido` decimal(10,2) unsigned DEFAULT NULL,
  `integral_consorcio_robo_gral` decimal(10,2) unsigned DEFAULT NULL,
  `integral_consorcio_robo_matafuegos` decimal(10,2) unsigned DEFAULT NULL,
  `integral_consorcio_robo_lcm` decimal(10,2) unsigned DEFAULT NULL,
  `integral_consorcio_rc_comprensiva` decimal(10,2) unsigned DEFAULT NULL,
  `integral_consorcio_cristales` decimal(10,2) unsigned DEFAULT NULL,
  `integral_consorcio_danios_agua` decimal(10,2) unsigned DEFAULT NULL,
  `integral_consorcio_rc_garage` decimal(10,2) unsigned DEFAULT NULL,
  `integral_consorcio_acc_personales` decimal(10,2) unsigned DEFAULT NULL,
  `integral_consorcio_robo_exp` decimal(10,2) unsigned DEFAULT NULL,
  PRIMARY KEY (`integral_consorcio_id`),
  UNIQUE KEY `poliza_id` (`poliza_id`)
) ENGINE=InnoDB DEFAULT CHARSET=utf8 COLLATE=utf8_unicode_ci;


DROP TABLE IF EXISTS `libros_rubricados_log`;
CREATE TABLE `libros_rubricados_log` (
  `libros_rubricados_log_id` int(11) NOT NULL AUTO_INCREMENT,
  `libros_rubricados_log_tipo` int(11) NOT NULL,
  `libros_rubricados_log_hasta` datetime NOT NULL,
  `timestamp` datetime NOT NULL,
  PRIMARY KEY (`libros_rubricados_log_id`),
  UNIQUE KEY `libros_rubricados_log_hasta_libros_rubricados_log_tipo` (`libros_rubricados_log_hasta`,`libros_rubricados_log_tipo`)
) ENGINE=InnoDB DEFAULT CHARSET=utf8 COLLATE=utf8_unicode_ci;


DROP TABLE IF EXISTS `libros_rubricados_rcr`;
CREATE TABLE `libros_rubricados_rcr` (
  `libros_rubricados_rcr_id` int(11) NOT NULL AUTO_INCREMENT,
  `productor_id` int(10) unsigned NOT NULL,
  `entidad_id` int(11) NOT NULL,
  `libros_rubricados_rcr_version` int(11) NOT NULL,
  `libros_rubricados_rcr_tipo_persona` tinyint(4) NOT NULL,
  `libros_rubricados_rcr_matricula` varchar(500) COLLATE utf8_unicode_ci NOT NULL,
  `libros_rubricados_rcr_cuit` varchar(20) COLLATE utf8_unicode_ci NOT NULL,
  `libros_rubricados_rcr_tipo_registro` tinyint(4) NOT NULL,
  `libros_rubricados_rcr_fecha_registro` datetime NOT NULL,
  `libros_rubricados_rcr_concepto` varchar(500) COLLATE utf8_unicode_ci NOT NULL,
  `libros_rubricados_rcr_polizas` varchar(500) COLLATE utf8_unicode_ci NOT NULL,
  `libros_rubricados_rcr_cia_id` varchar(50) COLLATE utf8_unicode_ci NOT NULL,
  `libros_rubricados_rcr_organizador_flag` tinyint(4) NOT NULL,
  `libros_rubricados_rcr_organizador_tipo_persona` tinyint(4) DEFAULT NULL,
  `libros_rubricados_rcr_organizador_matricula` varchar(500) COLLATE utf8_unicode_ci DEFAULT NULL,
  `libros_rubricados_rcr_organizador_cuit` varchar(20) COLLATE utf8_unicode_ci DEFAULT NULL,
  `libros_rubricados_rcr_importe` float DEFAULT NULL,
  `libros_rubricados_rcr_importe_tipo` tinyint(4) DEFAULT NULL,
  `libros_rubricados_rcr_anula` int(11) DEFAULT NULL,
  `libros_rubricados_rcr_rendicion_flag` tinyint(4) DEFAULT NULL,
  `timestamp` datetime NOT NULL,
  PRIMARY KEY (`libros_rubricados_rcr_id`),
  KEY `productor_id` (`productor_id`),
  CONSTRAINT `libros_rubricados_rcr_ibfk_1` FOREIGN KEY (`productor_id`) REFERENCES `productor` (`productor_id`)
) ENGINE=InnoDB DEFAULT CHARSET=utf8 COLLATE=utf8_unicode_ci;


DROP TABLE IF EXISTS `libros_rubricados_ros`;
CREATE TABLE `libros_rubricados_ros` (
  `libros_rubricados_ros_id` int(11) NOT NULL AUTO_INCREMENT,
  `productor_id` int(10) unsigned NOT NULL,
  `poliza_id` int(10) unsigned NOT NULL,
  `entidad_id` int(10) unsigned NOT NULL,
  `libros_rubricados_ros_version` int(10) unsigned NOT NULL,
  `libros_rubricados_ros_tipo_persona` tinyint(3) unsigned NOT NULL,
  `libros_rubricados_ros_matricula` varchar(500) COLLATE utf8_unicode_ci NOT NULL,
  `libros_rubricados_ros_cuit` varchar(20) COLLATE utf8_unicode_ci NOT NULL,
  `libros_rubricados_ros_nro_orden` int(10) unsigned NOT NULL,
  `libros_rubricados_ros_fecha_registro` date NOT NULL,
  `libros_rubricados_ros_asegurado_tipo` int(10) unsigned NOT NULL,
  `libros_rubricados_ros_asegurado_tipo_doc` int(10) unsigned NOT NULL,
  `libros_rubricados_ros_asegurado_nro_doc` int(10) unsigned NOT NULL,
  `libros_rubricados_ros_asegurado_nombre` varchar(250) COLLATE utf8_unicode_ci NOT NULL,
  `libros_rubricados_ros_cpa_proponente` int(10) unsigned NOT NULL,
  `libros_rubricados_ros_obs_proponente` varchar(500) COLLATE utf8_unicode_ci NOT NULL,
  `libros_rubricados_ros_cpa` varchar(500) COLLATE utf8_unicode_ci NOT NULL,
  `libros_rubricados_ros_cia_id` varchar(50) COLLATE utf8_unicode_ci NOT NULL,
  `libros_rubricados_ros_bien_asegurado` varchar(100) COLLATE utf8_unicode_ci NOT NULL,
  `libros_rubricados_ros_ramo` int(11) NOT NULL,
  `libros_rubricados_ros_suma_asegurada` decimal(10,2) NOT NULL,
  `libros_rubricados_ros_suma_asegurada_tipo` int(11) NOT NULL,
  `libros_rubricados_ros_cobertura_desde` date NOT NULL,
  `libros_rubricados_ros_cobertura_hasta` date NOT NULL,
  `libros_rubricados_ros_tipo` int(11) NOT NULL,
  `libros_rubricados_ros_flota` int(11) NOT NULL,
  `libros_rubricados_ros_operacion_origen` int(11) NOT NULL,
  `timestamp` datetime NOT NULL,
  PRIMARY KEY (`libros_rubricados_ros_id`),
  KEY `productor_id` (`productor_id`),
  KEY `poliza_id` (`poliza_id`),
  CONSTRAINT `libros_rubricados_ros_ibfk_1` FOREIGN KEY (`productor_id`) REFERENCES `productor` (`productor_id`) ON DELETE NO ACTION,
  CONSTRAINT `libros_rubricados_ros_ibfk_2` FOREIGN KEY (`poliza_id`) REFERENCES `poliza` (`poliza_id`)
) ENGINE=InnoDB DEFAULT CHARSET=utf8 COLLATE=utf8_unicode_ci;


DROP TABLE IF EXISTS `localidad`;
CREATE TABLE `localidad` (
  `localidad_id` int(11) NOT NULL AUTO_INCREMENT,
  `localidad_nombre` varchar(500) COLLATE utf8_unicode_ci NOT NULL,
  `localidad_cp` varchar(8) COLLATE utf8_unicode_ci NOT NULL,
  PRIMARY KEY (`localidad_id`)
) ENGINE=InnoDB DEFAULT CHARSET=utf8 COLLATE=utf8_unicode_ci;

INSERT INTO `localidad` (`localidad_id`, `localidad_nombre`, `localidad_cp`) VALUES
(1,	'AGUSTINA',	'6001'),
(2,	'ARANA',	'1909'),
(3,	'BARRIO FERRINI',	'1617'),
(4,	'BARRIO FERROVIARIO',	'1882'),
(5,	'ARROYO CANELON',	'1625'),
(6,	'AERODROMO ALBATROS',	'1722'),
(7,	'BARRIO FLORENCIO VARELA',	'6620'),
(8,	'BARRIO FLORENTINO AMEGHINO',	'7600'),
(9,	'ARROYO CARPINCHO (PDO. SAN FERNANDO)',	'1649'),
(10,	'BARRIO 9 DE JULIO (SAN NICOLAS-PDO. SAN NICOLAS)',	'2900'),
(11,	'ARROYO LAS BALDOSAS',	'1649'),
(12,	'BARRIO ESTACION DOLORES',	'7100'),
(13,	'ARROYO ROMERO',	'1649'),
(14,	'BARRIO FRINO',	'1665'),
(15,	'BARRIO GARIN NORTE',	'1623'),
(16,	'BARRIO GASTRONOMICO',	'7600'),
(17,	'ARROYO RAMALLO',	'1649'),
(18,	'BARRIO GENERAL BELGRANO (BERAZATEGUI-PDO. BERAZATE',	'1884'),
(19,	'ACEILAN',	'7003'),
(20,	'BARRIO GENERAL BELGRANO (FLORENCIO VARELA-PDO.F.VA',	'1888'),
(21,	'BARRIO GENERAL BELGRANO (LONGCHAMPS-PDO. A. BROWN)',	'1854'),
(22,	'BARRIO GENERAL G▄EMES',	'1746'),
(23,	'BARRIO AERONAUTICO',	'1714'),
(24,	'ARROYO INCA',	'1649'),
(25,	'BARRIO ACEVEDO',	'2700'),
(26,	'BARRIO GENERAL JOSE M. PAZ',	'1772'),
(27,	'AZUCENA',	'7005'),
(28,	'BARRIO GENERAL MANUEL BELGRANO',	'2700'),
(29,	'BARRIO GENERAL MANUEL SAVIO',	'2901'),
(30,	'BARRIO 9 DE JULIO (JOSE C. PAZ-PDO. GRAL. SARMIENT',	'1665'),
(31,	'BARRIO GENERAL PUEYRREDON',	'1642'),
(32,	'BARRIO GENERAL ROCA',	'7600'),
(33,	'ABEL',	'6450'),
(34,	'BARRIO GENERAL SAN MARTIN',	'6000'),
(35,	'BANFIELD',	'1828'),
(36,	'ARROYO DURAZNO',	'1649'),
(37,	'BARRIO GORRITI',	'1856'),
(38,	'BARRIO ESPERANZA',	'1763'),
(39,	'ARROYO CUEVAS MALAS',	'1649'),
(40,	'BAIGORRITA',	'6013'),
(41,	'ARROYO CARABELAS',	'1649'),
(42,	'ARROYO CHIQUERO',	'1649'),
(43,	'BARRIO GRANDE',	'1842'),
(44,	'ARROYO PARAGUAY',	'1649'),
(45,	'BARRIO GUADALUPE (RAFAEL CALZADA-PDO. A. BROWN)',	'1847'),
(46,	'BARRIO GUADALUPE (SAN FRANCISCO SOLANO PDO. QUILME',	'1881'),
(47,	'BARRIO ENRIQUE DELFINO',	'1617'),
(48,	'ARROYO DE LOS HUESOS',	'7301'),
(49,	'BARRIO HORNOS',	'1878'),
(50,	'BARRIO EMIR RAMON JUAREZ',	'7600'),
(51,	'ARROYO NEGRO (TIGRE-PDO. CAMPANA)',	'1649'),
(52,	'BARRIO IGNACIO ARIETA',	'1763'),
(53,	'BARRIO INDEPENDENCIA',	'1759'),
(54,	'BARRIO INDIO TROMPA',	'6400'),
(55,	'BARRIO EL ZORZAL',	'1617'),
(56,	'CARLOS SALAS',	'6453'),
(57,	'BELLOCQ',	'6535'),
(58,	'BARRIO TROCHA',	'2700'),
(59,	'BARRIO VILLA ALTUBE',	'1665'),
(60,	'BARRIO SAN ALEJO',	'1629'),
(61,	'BARRIO RODRIGUEZ',	'1617'),
(62,	'BARRIO ROSI',	'7630'),
(63,	'ARGUEDAS (DESVIO)',	'8164'),
(64,	'BARRIO BAIRES',	'1611'),
(65,	'PARISH',	'7316'),
(66,	'PARQUE CARILO',	'7167'),
(67,	'LAS SALADAS',	'2707'),
(68,	'PARQUE EL CORTIJO',	'1663'),
(69,	'PARQUE LELOIR',	'1713'),
(70,	'PARQUE GAONA',	'1744'),
(71,	'PARQUE SAN MARTIN (PDO. MERLO)',	'1722'),
(72,	'MOORE',	'6230'),
(73,	'PARQUE SAN LORENZO',	'1617'),
(74,	'PARQUE MITRE',	'1832'),
(75,	'PARRAVICINI',	'7100'),
(76,	'PORVENIR',	'6077'),
(77,	'MERCEDES',	'6600'),
(78,	'PARQUE SUMAMPA',	'1713'),
(79,	'PARQUE SAN MARTIN (VIRREY DEL PINO- PDO.LA MATANZA',	'1763'),
(80,	'MERCEDES BENZ',	'1763'),
(81,	'PASMAN',	'7547'),
(82,	'PASCO (APEADERO FCGB)',	'1834'),
(83,	'MERCADO CENTRAL',	'1771'),
(84,	'LOS LAURELES (ESTACION FCGB)',	'6230'),
(85,	'MERIDIANO V░',	'6239'),
(86,	'MONTES DE OCA',	'8136'),
(87,	'MOREA',	'6507'),
(88,	'LOS BOSQUES',	'6018'),
(89,	'PASO ALSINA',	'8142'),
(90,	'LOS HUESOS',	'6015'),
(91,	'LAS SUIZAS',	'7007'),
(92,	'MORENO',	'1744'),
(93,	'LOS INDIOS (CURARU-PDO.CARLOS TEJEDOR)',	'6451'),
(94,	'PONTEVEDRA',	'1761'),
(95,	'PONTAUT',	'7535'),
(96,	'LOZANO',	'1741'),
(97,	'MARCOS PAZ',	'1727'),
(98,	'LAS TAHONAS',	'1917'),
(99,	'MARCELINO UGARTE',	'2741'),
(100,	'LOS INDIOS (PDO. ROJAS)',	'2709'),
(101,	'LUCAS MONTEVERDE',	'6661'),
(102,	'MEMBRILLAR',	'6748'),
(103,	'LOUGE',	'7545'),
(104,	'MERLO',	'1722'),
(105,	'PASO CRAMER',	'8134'),
(106,	'PARDO',	'7212'),
(107,	'POLVAREDAS',	'7267'),
(108,	'MAR DEL TUYU',	'7108'),
(109,	'MI BARRIO',	'1744'),
(110,	'MELCHOR ROMERO',	'1903'),
(111,	'MAR DEL PLATA',	'7600'),
(112,	'MAR DEL SUD',	'7607'),
(113,	'MARI LAUQUEN',	'6400'),
(114,	'MONTE VIEJO',	'1642'),
(115,	'MICAELA CASCALLARES',	'7507'),
(116,	'LOS COLONIALES',	'6555'),
(117,	'MONTE VELOZ',	'1917'),
(118,	'LAS TONINAS',	'7106'),
(119,	'PALMITAS',	'7221'),
(120,	'LOS MARINO',	'1981'),
(121,	'LOS MANZANOS',	'1885'),
(122,	'POURTALE',	'7400'),
(123,	'PANAME',	'2931'),
(124,	'LAS TOSCAS',	'6453'),
(125,	'MAR DE AJO',	'7109'),
(126,	'LAS TORTUGAS',	'7116'),
(127,	'MAR AZUL',	'7165'),
(128,	'MORON',	'1708'),
(129,	'MAQUINISTA FRANCISCO SAVIO',	'1620'),
(130,	'MIGUELETE (PARADA FCGM)',	'1650'),
(131,	'LOS CALDENES',	'6242'),
(132,	'MORSE',	'6013'),
(133,	'LOS AROMOS',	'1816'),
(134,	'POCITO',	'6430'),
(135,	'PANCHO DIAZ',	'1921'),
(136,	'LUIS CHICO',	'1917'),
(137,	'LAS TRES FLORES',	'6435'),
(138,	'LOS MERINOS',	'1980'),
(139,	'POBLET',	'1905'),
(140,	'MAPIS',	'6557'),
(141,	'MAORI',	'7633'),
(142,	'PLUMACHO',	'2703'),
(143,	'MANUEL OCAMPO',	'2713'),
(144,	'LOS CALLEJONES (ESTACION FCGM)',	'6062'),
(145,	'PASO DEL MEDANO',	'7511'),
(146,	'MANZANARES',	'1629'),
(147,	'LUIS GUILLON',	'1838'),
(148,	'PARANA MINI',	'1649'),
(149,	'MANZONE',	'1629'),
(150,	'MANZO Y NIÐO',	'2718'),
(151,	'PLOMER',	'1741'),
(152,	'MANUEL JOSE GARCIA',	'6608'),
(153,	'MANUEL J. COBO',	'7116'),
(154,	'PASO DEL REY',	'1742'),
(155,	'PALEMON HUERGO',	'6628'),
(156,	'MOURAS',	'6471'),
(157,	'PLAZA MONTERO',	'7201'),
(158,	'MARIA IGNACIA',	'7003'),
(159,	'PALANTELEN',	'6640'),
(160,	'MUELLE PUERTO BELGRANO',	'8111'),
(161,	'LUMB',	'7639'),
(162,	'PLAYA SERENA',	'7609'),
(163,	'MEDANOS',	'8132'),
(164,	'PLAYA SAN BERNARDO',	'7111'),
(165,	'PLAYA LAS MARGARITAS',	'7109'),
(166,	'MULCAHY',	'6501'),
(167,	'PLAYA CHAPADMALAL',	'7609'),
(168,	'LOS ALTOS',	'6075'),
(169,	'LAS VASCONGADAS',	'8181'),
(170,	'LOS CHILCOS',	'7116'),
(171,	'LUJAN',	'6700'),
(172,	'PLATANOS',	'1885'),
(173,	'LOS MOLLES',	'7503'),
(174,	'LAS VAQUERIAS',	'7500'),
(175,	'LOS ANGELES',	'2741'),
(176,	'PLA Y ROGNONI',	'7607'),
(177,	'MEDANO BLANCO',	'7630'),
(178,	'PASO MAYOR',	'8115'),
(179,	'LOS CARDALES',	'2814'),
(180,	'PLA',	'6634'),
(181,	'MUÐIZ',	'1663'),
(182,	'MUÐOZ',	'7404'),
(183,	'MINISTRO RIVADAVIA',	'1852'),
(184,	'LOS GAUCHOS (APEADERO FCDFS)',	'6343'),
(185,	'MANUEL B. GONNET',	'1897'),
(186,	'MUNRO',	'1605'),
(187,	'MANUEL ALBERTI (APEADERO FCGB)',	'1667'),
(188,	'MARIA LUCILA',	'6465'),
(189,	'PABLO ACOSTA',	'7301'),
(190,	'PABLO PODESTA',	'1657'),
(191,	'MEDALAND',	'7163'),
(192,	'MUTTI',	'2909'),
(193,	'PIRUCO',	'2705'),
(194,	'MIRA PAMPA',	'6403'),
(195,	'PAPIN',	'6411'),
(196,	'PIROVANO',	'6551'),
(197,	'PIRIAS',	'1981'),
(198,	'PARAJE STARACHE',	'1915'),
(199,	'OTOÐO (ESTACION FCGR)',	'7545'),
(200,	'LOS ORTIZ',	'7601'),
(201,	'OTAMENDI',	'2802'),
(202,	'MECHONGUE',	'7605'),
(203,	'CORONEL MARTINEZ DE HOZ',	'6533'),
(204,	'CAÐADA SECA',	'6105'),
(205,	'CAMPO AGUIRREZABALA',	'2915'),
(206,	'CHACRA EXPERIMENTAL',	'2700'),
(207,	'CANAL VILLANUEVA',	'1649'),
(208,	'CAILOMUTA',	'6339'),
(209,	'CLAROMECO',	'7505'),
(210,	'CANAL URION',	'1649'),
(211,	'CORONEL MARCELINO FREYRE',	'6555'),
(212,	'CADRET',	'6535'),
(213,	'COLONIA FERRARI',	'7172'),
(214,	'CLARAZ',	'7005'),
(215,	'CAMPO CRISOL',	'2754'),
(216,	'CASTELAR',	'1712'),
(217,	'CORONEL MALDONADO',	'8000'),
(218,	'COLONIA ZAMBUNGO',	'6628'),
(219,	'CIUDADELA',	'1702'),
(220,	'CIUDAD EVITA',	'1778'),
(221,	'CASTELLI',	'7114'),
(222,	'CAPILLA DEL SEÐOR',	'2812'),
(223,	'CARABELAS',	'2703'),
(224,	'CURA MALAL',	'7548'),
(225,	'CIUDAD DEL LIBERTADOR GRAL. SAN MARTIN',	'1650'),
(226,	'CURARU',	'6451'),
(227,	'CITY BELL',	'1896'),
(228,	'CASTILLA',	'6616'),
(229,	'COLONIA EL BALDE',	'6403'),
(230,	'COMAHUE OESTE',	'6601'),
(231,	'COCHRANE',	'8118'),
(232,	'CANAL TRES',	'1649'),
(233,	'CURUMALAN',	'7548'),
(234,	'CORONEL ISLEÐO',	'2747'),
(235,	'CASBAS',	'6417'),
(236,	'CASCADA',	'7547'),
(237,	'COMANDANTE GIRIBONE',	'7135'),
(238,	'COLONIA DOCTOR GOBERNADOR UDAONDO',	'8180'),
(239,	'CORONEL GRANADA',	'6062'),
(240,	'CANAL UNO',	'1649'),
(241,	'COLONIA PONTEVEDRA',	'1763'),
(242,	'CLAUDIO C. MOLINA',	'7500'),
(243,	'CLAVERIE',	'7163'),
(244,	'CLAYPOLE',	'1849'),
(245,	'COMANDANTE NICANOR OTAMENDI',	'7603'),
(246,	'COBO',	'7612'),
(247,	'CASEROS (PDO. 3 DE FEBRERO)',	'1678'),
(248,	'CANAL UNION',	'1649'),
(249,	'CORONEL FRANCISCO LYNCH',	'1672'),
(250,	'DAIREAUX',	'6555'),
(251,	'CAMPO FUNCKE',	'7247'),
(252,	'COLONIA EL PINCEN',	'8181'),
(253,	'DALMIRA SAENZ (APEADERO FCGB)',	'1901'),
(254,	'CASEY',	'6417'),
(255,	'COLONIA EL GUANACO',	'8142'),
(256,	'CORONEL FALCON',	'8118'),
(257,	'DARAGUEIRA',	'8183'),
(258,	'COLONIA CUARENTA Y TRES',	'8136'),
(259,	'DE BARY',	'6348'),
(260,	'DE BRUYN',	'6031'),
(261,	'DE LA CANAL',	'7013'),
(262,	'DE LA GARMA',	'7515'),
(263,	'COLONIA DE VACACIONES CHAPADMALAL',	'7609'),
(264,	'COMODORO PY',	'6641'),
(265,	'DEFERRARI',	'7521'),
(266,	'BULLRICH',	'1870'),
(267,	'DEL CARRIL',	'7265'),
(268,	'DEL VALLE',	'6509'),
(269,	'DEL VISO',	'1669'),
(270,	'CAMPOS SALLES',	'2903'),
(271,	'DELFIN HUERGO',	'8185'),
(272,	'PARADA PASCO',	'1834'),
(273,	'OLASCOAGA',	'6652'),
(274,	'MARIANO J. HAEDO',	'1706'),
(275,	'LOS TOLDOS',	'6015'),
(276,	'MAXIMO PAZ',	'1812'),
(277,	'OLAVARRIA',	'7400'),
(278,	'PINAMAR',	'7167'),
(279,	'NUEVA ROMA',	'8117'),
(280,	'LOMAS DE CASASCO',	'1744'),
(281,	'PEDRO GAMEN',	'6451'),
(282,	'MOLL',	'6627'),
(283,	'NUEVA PLATA',	'6451'),
(284,	'PARAJE EL PELIGROSO',	'1903'),
(285,	'MAGDALA',	'6451'),
(286,	'PUAN',	'8180'),
(287,	'MAGALLANES',	'7151'),
(288,	'PEDRO P. LASSALLE',	'7515'),
(289,	'LOS DOS AMIGOS',	'2903'),
(290,	'PEDRO NICOLAS ESCRIBANO',	'7135'),
(291,	'PEDRO LURO',	'8148'),
(292,	'PEHUAJO',	'6450'),
(293,	'LOS EUCALIPTOS',	'1395'),
(294,	'LLAVALLOL',	'1836'),
(295,	'NUEVA HERMOSURA',	'1907'),
(296,	'PILLAHUINCO',	'7530'),
(297,	'MARTIN FIERRO (PDO. TRENQUE LAUQUEN)',	'6400'),
(298,	'PUEBLITOS',	'6661'),
(299,	'MASUREL',	'6439'),
(300,	'MARTIN FIERRO (CHILLAR-PDO.AZUL)',	'7311'),
(301,	'PEHUELCHES',	'6409'),
(302,	'LOBERIA',	'7635'),
(303,	'MONES CAZON',	'6469'),
(304,	'PUEBLO BALNEARIO RETA',	'7511'),
(305,	'MONASTERIO',	'7116'),
(306,	'PEHUEN CO',	'8109'),
(307,	'LOMA VERDE (PDO. GRAL. PAZ)',	'1981'),
(308,	'PELICURA',	'8117'),
(309,	'NICOLAS DESCALZI',	'8151'),
(310,	'MONSALVO',	'7119'),
(311,	'NUEVA ESPAÐA',	'6553'),
(312,	'PELLEGRINI',	'6346'),
(313,	'MONROE',	'2743'),
(314,	'LOS SANTOS VIEJOS',	'1921'),
(315,	'MASCOTA',	'8134'),
(316,	'LOS PINOS',	'7623'),
(317,	'LOBOS',	'7240'),
(318,	'NEWTON',	'7223'),
(319,	'PILAR',	'1629'),
(320,	'NICANOR OLIVERA',	'7637'),
(321,	'LOS TALAS',	'1923'),
(322,	'PILA',	'7116'),
(323,	'MARUCHA (ESTACION FCGM)',	'6451'),
(324,	'LOS PERALES',	'1667'),
(325,	'NORUMBEGA',	'6501'),
(326,	'MARTINEZ',	'1640'),
(327,	'PIGUE',	'8170'),
(328,	'PERALTA',	'7530'),
(329,	'PIERINI',	'7517'),
(330,	'PIERES',	'7633'),
(331,	'PEREYRA (PDO. BERAZATEGUI)',	'1894'),
(332,	'PUEBLO MARTINEZ DE HOZ',	'6533'),
(333,	'PEREYRA (HURLINGHAM- PDO.3 DE FEBRERO)',	'1686'),
(334,	'NORBERTO DE LA RIESTRA',	'6663'),
(335,	'LOS CUATRO CAMINOS',	'7263'),
(336,	'LOMA VERDE (ESCOBAR-PDO.ESCOBAR)',	'1625'),
(337,	'NICOLAS LEVALLE',	'8134'),
(338,	'MONTARAZ',	'1893'),
(339,	'MONTE',	'7220'),
(340,	'PIEDRITAS',	'6241'),
(341,	'PUEBLO NUEVO (GRAL. RODRIGUEZ- PDO.GRAL. RODRIGUEZ',	'1748'),
(342,	'PEREZ MILLAN',	'2933'),
(343,	'PUEBLO NUEVO (GUILLERMO E. HUDSON- PDO.BERAZATEGUI',	'1885'),
(344,	'PUEBLO NUEVO (JUNIN- PDO.JUNIN)',	'6000'),
(345,	'PUEBLO NUEVO (OLAVARRIA- PDO.OLAVARRIA)',	'7400'),
(346,	'LOS EUCALIPTUS (APEADERO FCGB)',	'7220'),
(347,	'PUEBLO OTERO',	'2700'),
(348,	'PUEBLO PERALTA RAMOS OESTE',	'7600'),
(349,	'PERGAMINO',	'2700'),
(350,	'MANANTIALES',	'2717'),
(351,	'LOMA DE SALOMON',	'7100'),
(352,	'NIEVES',	'7316'),
(353,	'LOMA FLORIDA',	'1722'),
(354,	'LOMA GRANDE',	'1722'),
(355,	'MONTE CHINGOLO',	'1825'),
(356,	'MARTINEZ DE HOZ',	'6533'),
(357,	'PUEBLO SAN JOSE',	'7541'),
(358,	'PUEBLO SANTA MARIA',	'7541'),
(359,	'PUEBLO SANTA TRINIDAD',	'7541'),
(360,	'PARAJE 19 DE NOVIEMBRE',	'1903'),
(361,	'LOMA PARTIDA',	'7203'),
(362,	'PUEBLO VIEJO',	'1885'),
(363,	'LOMA NEGRA',	'7403'),
(364,	'MARTIN COLMAN',	'7201'),
(365,	'NECOL (ESTACION FCGM)',	'6077'),
(366,	'PARAGUIL',	'7412'),
(367,	'NECOCHEA',	'7630'),
(368,	'NUEVA SUIZA (ESTACION FCGM)',	'6077'),
(369,	'MARTIN CORONADO',	'1682'),
(370,	'NAVARRO',	'6605'),
(371,	'NUEVO PUERTO TIGRE',	'1648'),
(372,	'MARTIN BERRAONDO',	'6667'),
(373,	'PUENTE BATALLA',	'6620'),
(374,	'LIN-CALEL',	'7505'),
(375,	'LINCOLN',	'6070'),
(376,	'PUENTE CAÐETE',	'2740'),
(377,	'LOS POZOS',	'8512'),
(378,	'PUENTE CASTEX',	'2760'),
(379,	'LOMAS DE GARONE',	'1759'),
(380,	'MAGDALENA',	'1913'),
(381,	'MANANTIALES GRANDES',	'2717'),
(382,	'OLMOS',	'1901'),
(383,	'MAGUIRE',	'2718'),
(384,	'LOMAS DE SAN JOSE',	'1744'),
(385,	'LOMAS DE MARILO',	'1663'),
(386,	'MONTE GRANDE',	'1842'),
(387,	'LOMAS DE YARAVI',	'1744'),
(388,	'LOMAS DE ZAMORA',	'1832'),
(389,	'LOS POLVORINES',	'1613'),
(390,	'PUENTE EL OCHENTA',	'7225'),
(391,	'PUENTE EZCURRA',	'1763'),
(392,	'LOMAS DEL MIRADOR',	'1752'),
(393,	'MATHEU',	'1627'),
(394,	'PUENTE LAS OSCURAS',	'8115'),
(395,	'MARISCAL SUCRE',	'6708'),
(396,	'LIBRES DEL SUD',	'7135'),
(397,	'OCHANDIO',	'7521'),
(398,	'PIEDRA ECHADA (APEADERO FCGR)',	'8117'),
(399,	'PICHINCHA',	'6051'),
(400,	'LONGCHAMPS',	'1854'),
(401,	'LIBERTAD',	'1716'),
(402,	'MOCTEZUMA',	'6531'),
(403,	'PARADA ROBLES',	'6703'),
(404,	'O HIGGINS',	'6748'),
(405,	'MAURICIO HIRSCH',	'6531'),
(406,	'LICENCIADO MATIENZO',	'7007'),
(407,	'NAPOSTA',	'8122'),
(408,	'PARADA TATAY',	'6725'),
(409,	'LOS CERROS',	'7635'),
(410,	'LIERRA ADJEMIRO',	'2718'),
(411,	'LIMA',	'2806'),
(412,	'MAXIMO FERNANDEZ',	'6645'),
(413,	'MAIPU',	'7160'),
(414,	'PUENTE SAAVEDRA',	'1602'),
(415,	'PIEDRA ANCHA (DESVIO)',	'8117'),
(416,	'MARIANO ROLDAN',	'7517'),
(417,	'CAMINERA NAPALEOFU',	'7007'),
(418,	'CAÐUELAS',	'1814'),
(419,	'CAMINERA SAMBOROMBON',	'7130'),
(420,	'CAMPO PELAEZ',	'7623'),
(421,	'CARLOS CASARES',	'6530'),
(422,	'CAMINERA LUJAN',	'6700'),
(423,	'CAMINERA JUAREZ',	'7020'),
(424,	'CAMINERA AZUL',	'7300'),
(425,	'CARLOS BEGUERIE',	'7247'),
(426,	'COLONIA MAURICIO',	'6531'),
(427,	'CHILLAR',	'7311'),
(428,	'BRAVO DEL DOS',	'6411'),
(429,	'CARDENAL CAGLIERO',	'8506'),
(430,	'CANONIGO GORRITI',	'8185'),
(431,	'COLONIA N║ 1 (CORONEL SUAREZ)',	'7541'),
(432,	'CAMBACERES',	'6516'),
(433,	'COLONIA MURATURE',	'6341'),
(434,	'CORTI',	'8118'),
(435,	'CORTINES',	'6712'),
(436,	'CANTERA ALBION',	'7000'),
(437,	'COLONIA MIGUEL ESTEVERENA',	'8508'),
(438,	'CANTERA LA FEDERACION BUENOS AIRES',	'7000'),
(439,	'COLONIA NACIONAL DE MENCRES',	'1727'),
(440,	'COLONIA SAN MARTIN',	'8164'),
(441,	'CARILO',	'7167'),
(442,	'CARI LARQUEA',	'7119'),
(443,	'CAMET',	'7612'),
(444,	'COLONIA SAN FRANCISCO (SAN EMILIO-PDO. GRAL. VIAMO',	'6017'),
(445,	'CARHUE',	'6430'),
(446,	'CANTERAS DE GREGORINI',	'7401'),
(447,	'COLONIA N║ 3 (CORONEL SUAREZ)',	'7541'),
(448,	'COLONIA NACIONAL DE ALIENADOS',	'6708'),
(449,	'COSTA AZUL',	'7112'),
(450,	'CANTERA SAN LUIS',	'7000'),
(451,	'COSTA BONITA',	'7631'),
(452,	'COSTA BRAVA',	'2914'),
(453,	'CARLOS LEMEE',	'2812'),
(454,	'CARLOS KEEN',	'6701'),
(455,	'COLONIA SAN FRANCISCO (JUAN A. PRADERE-DPTO. PATAG',	'8142'),
(456,	'COLONIA SAN MIGUEL',	'7403'),
(457,	'COLONIA SAN FERMIN',	'2703'),
(458,	'COSTA DE SARANDI',	'1872'),
(459,	'COSTA DE VILLA DOMINICO',	'1874'),
(460,	'COLONIA NAVEIRA',	'6341'),
(461,	'COLONIA SAN PEDRO',	'8164'),
(462,	'CAMINERA SAN NICOLAS',	'2900'),
(463,	'BRAGADO',	'6640'),
(464,	'CERRO DE LA GLORIA',	'7101'),
(465,	'CHICLANA',	'6476'),
(466,	'COLONIA SAN RAMON',	'6437'),
(467,	'CANNING',	'1804'),
(468,	'CAMINO CALCHAQUI (KM. 17,300 AL 22,900)',	'1879'),
(469,	'CAPDEPONT',	'6612'),
(470,	'CAMINO CENTENARIO KM. 11,500',	'1896'),
(471,	'CARLOS MARIA NAON',	'6515'),
(472,	'CAMINO CALCHAQUI (KM. 23 AL 24,500)',	'1888'),
(473,	'COLONIA NIEVES',	'7318'),
(474,	'CAMINO GRAL. BELGRANO (KM. 12 AL 17,400-LADO ESTE)',	'1879'),
(475,	'CERRO DE LA GLORIA',	'5500'),
(476,	'CAMINO GRAL. BELGRANO (KM. 11 AL 11,900)',	'1876'),
(477,	'COLONIA LOS BOSQUES',	'6018'),
(478,	'COLONIA LOS ALAMOS',	'8142'),
(479,	'CAMPAMENTO',	'7613'),
(480,	'CERRO DE LOS LEONES',	'7000'),
(481,	'COLONIA LOS CHIVATOS',	'1802'),
(482,	'COLONIA LOS HORNOS',	'6007'),
(483,	'CANGALLO',	'7153'),
(484,	'CAPILLA',	'2812'),
(485,	'COLONIA LOS HUESOS',	'6018'),
(486,	'COLONIA LOS TOLDOS',	'2751'),
(487,	'CAMPO LA TRIBU',	'6015'),
(488,	'BOULOGNE SUR MER',	'1609'),
(489,	'BOULOGNE',	'1609'),
(490,	'CERRITO',	'6237'),
(491,	'CAMINO GRAL. BELGRANO (KM. 27 AL 30,900)',	'1886'),
(492,	'CAMINO GRAL. BELGRANO (KM. 31 AL 35)',	'1890'),
(493,	'COLONIA LOS TRES USTARIS',	'2760'),
(494,	'CAMINO GRAL. BELGRANO ( KM. 24,600 AL 26,900)',	'1888'),
(495,	'CAMINO GRAL. BELGRANO (KM. 19,100 AL 21,400)',	'1888'),
(496,	'CAMINO GRAL. BELGRANO (KM. 14 AL 17,400-LADO OESTE',	'1881'),
(497,	'CAMINO GRAL. BELGRANO (KM. 17,500 AL 19)',	'1888'),
(498,	'COLONIA SAN EDUARDO',	'6646'),
(499,	'COLONIA LAS YESCAS',	'6513'),
(500,	'CARLOS SPEGAZZINI',	'1813'),
(501,	'COVELLO',	'7305'),
(502,	'CARLOS T. SOURIGUES',	'1886'),
(503,	'CAMARON CHICO',	'7116'),
(504,	'CAMPO LA PLATA',	'7623'),
(505,	'CAMPO LA NENA',	'2764'),
(506,	'CARMEN DE ARECO',	'6725'),
(507,	'CARLOS TEJEDOR',	'6455'),
(508,	'CALVO',	'8154'),
(509,	'COLONIA LABORDEBOY',	'2751'),
(510,	'CHENAUT',	'2764'),
(511,	'CARAZA',	'1822'),
(512,	'COLONIA SANTA MARIA',	'6535'),
(513,	'COLONIA LAS MERCEDES',	'1763'),
(514,	'COLONIA LAPIN',	'8185'),
(515,	'CRISTIANO MUERTO',	'7503'),
(516,	'CHIVILCOY',	'6620'),
(517,	'CRISTINO BENAVIDEZ',	'1913'),
(518,	'CAMPO LA LIMA',	'8150'),
(519,	'CENTRO AGRICOLA EL PATO',	'1893'),
(520,	'CROTTO',	'7307'),
(521,	'COLONIA SANTA MARIANA',	'8185'),
(522,	'CRUCE VARELA SUCURSAL',	'1887'),
(523,	'CRUCECITA',	'1870'),
(524,	'BUCHANAN',	'1903'),
(525,	'COLONIA LA VASCONGADA',	'8183'),
(526,	'COLONIA LA VANGUARDIA',	'2711'),
(527,	'CENTRAL GUERRERO',	'7114'),
(528,	'COLONIA LA VALENTINA',	'1802'),
(529,	'CARMEN DE PATAGONES',	'8504'),
(530,	'CERRO LEONES',	'7001'),
(531,	'CAMPOMAR (VIÐEDO)',	'1625'),
(532,	'DELGADO',	'6007'),
(533,	'CAPITAN SARMIENTO',	'2752'),
(534,	'DENNEHY',	'6516'),
(535,	'CAMPODONICO',	'7305'),
(536,	'CORONEL DORREGO',	'8150'),
(537,	'CAMPO DE MAYO',	'1659'),
(538,	'CASALINS',	'7225'),
(539,	'CAMPO ARISTIMUÐO',	'6474'),
(540,	'CABILDO',	'8118'),
(541,	'CONDARCO',	'6233'),
(542,	'CORONEL CHARLONE',	'6223'),
(543,	'CANAL PICARDO',	'1649'),
(544,	'CANAL A',	'1649'),
(545,	'CORONEL BRANDSEN',	'1980'),
(546,	'CONESA',	'2907'),
(547,	'CANAL 15',	'7101'),
(548,	'CAPITAN LOZANO (APEADERO FCGU)',	'1661'),
(549,	'CANAL N║ 5',	'1649'),
(550,	'CORONEL BOERR',	'7200'),
(551,	'COLEGIO SAN PABLO',	'2752'),
(552,	'DESTILERIA FISCAL',	'1925'),
(553,	'COOPER',	'7639'),
(554,	'CHALA QUILCA',	'7406'),
(555,	'COLONIA BARON HIRSCH',	'6441'),
(556,	'CANAL N║ 4',	'1649'),
(557,	'CACHARI',	'7214'),
(558,	'DESVIO EL CHINGOLO',	'6031'),
(559,	'CA165ADA MARTA',	'2740'),
(560,	'DESVIO KILOMETRO 234',	'6503'),
(561,	'CHANCAY',	'6017'),
(562,	'CAPITAN CASTRO',	'6461'),
(563,	'CANAL MARTIN IRIGOYEN',	'2800'),
(564,	'COPETONAS',	'7511'),
(565,	'COLMAN',	'7201'),
(566,	'CAMPO DEL NORTE AMERICANO',	'8185'),
(567,	'DESVIO SANDRINI',	'8109'),
(568,	'CAÐADA LA RICA',	'6625'),
(569,	'CABEZA DE BUEY',	'8132'),
(570,	'CABAÐA SPINDOLA',	'1834'),
(571,	'CANAL LEANDRO N. ALEM 2║ SECCION',	'2805'),
(572,	'CORAZZI',	'6405'),
(573,	'COLONIA BARGA',	'8142'),
(574,	'COLIQUEO',	'6743'),
(575,	'BURZACO',	'1852'),
(576,	'DIECISEIS DE JULIO',	'7313'),
(577,	'DIECISIETE DE AGOSTO',	'8129'),
(578,	'CORBETT',	'6507'),
(579,	'CANAL LEANDRO N. ALEM 1║ SECCION',	'2805'),
(580,	'CORACEROS',	'6465'),
(581,	'DIEGO GAYNOR',	'2812'),
(582,	'CANAL LAURENTINO COMAS',	'1649'),
(583,	'COLON',	'2720'),
(584,	'CANAL N║ 1',	'1649'),
(585,	'COLONIA ALBERDI',	'6034'),
(586,	'CANAL N║ 3',	'1649'),
(587,	'CAÐADA MARIANO (EMBARCADERO FCDFS)',	'8183'),
(588,	'DIONISIA',	'7603'),
(589,	'CHAÐA-MINI',	'1649'),
(590,	'CANAL N║ 2',	'1649'),
(591,	'ALTAMIRANO',	'1986'),
(592,	'BARRIO ESTACION QUEQUEN',	'7631'),
(593,	'ABASTO',	'1903'),
(594,	'BARRIO ESTEVAN ECHEVERRIA',	'1802'),
(595,	'ARROYO GALPON',	'1649'),
(596,	'ARROYO ALELI',	'2805'),
(597,	'BARRIO A.T.E.',	'1804'),
(598,	'BARRIO FARO NORTE',	'7600'),
(599,	'ARROYO CANCHA LARGA',	'1649'),
(600,	'PASOS',	'7163'),
(601,	'OSTENDE',	'7167'),
(602,	'MECHITA',	'6648'),
(603,	'LOS ACANTILADOS',	'7609'),
(604,	'MIRAMAR (PDO. GRAL. ALVARADO)',	'7607'),
(605,	'MIRAMAR (BOLIVAR-PDO.BOLIVAR)',	'6550'),
(606,	'LOS CERRILLOS',	'7226'),
(607,	'PASTEUR',	'6077'),
(608,	'ORTIZ BASUALDO',	'2703'),
(609,	'PARADA KILOMETRO 158',	'2935'),
(610,	'ORTIZ DE ROSAS',	'6660'),
(611,	'LEGARISTI',	'7130'),
(612,	'LURO',	'6439'),
(613,	'PARAJE SANTA ROSA',	'2711'),
(614,	'MECHA',	'6648'),
(615,	'PARADA KILOMETRO 76',	'1739'),
(616,	'MARIA P. MORENO',	'6337'),
(617,	'MIRANDA',	'7201'),
(618,	'MAZA',	'6343'),
(619,	'PIPINAS',	'1921'),
(620,	'PINZON',	'2703'),
(621,	'OPEN DOOR',	'6708'),
(622,	'MIRAMONTE',	'7214'),
(623,	'PIÐEYRO (PDO. CNEL. SUAREZ)',	'7540'),
(624,	'PIÐEYRO (PDO. AVELLANEDA)',	'1870'),
(625,	'PATAGONES',	'8504'),
(626,	'MACEDO',	'7163'),
(627,	'PIÐERO (ESTACION FCGU)',	'1665'),
(628,	'PATRICIOS',	'6503'),
(629,	'ORDOQUI',	'6537'),
(630,	'ORLANDO (APEADERO FCGU)',	'2812'),
(631,	'ORIENTE',	'7509'),
(632,	'ORENSE',	'7503'),
(633,	'LOS PARAISOS',	'1716'),
(634,	'LEANDRO N. ALEM',	'6032'),
(635,	'PIÐEIRO (DESVIO PARTICULAR FCGR)',	'1921'),
(636,	'PAULA',	'6557'),
(637,	'LEZAMA',	'7116'),
(638,	'LOPEZ LECUBE',	'8117'),
(639,	'LEUBUCO',	'6338'),
(640,	'LERTORA',	'6400'),
(641,	'PARAJE LA AURORA',	'8158'),
(642,	'LOPEZ MOLINARI',	'2718'),
(643,	'OMBUCTA',	'8142'),
(644,	'MARIANO ACOSTA',	'1723'),
(645,	'MAYOR JOSE ORELLANO',	'6053'),
(646,	'LOPEZ',	'7021'),
(647,	'LIBANO',	'7407'),
(648,	'PAY CARABI',	'1649'),
(649,	'PRADERE',	'6231'),
(650,	'MAYOR BURATOVICH',	'8146'),
(651,	'MAYOL',	'7519'),
(652,	'OMBU',	'7545'),
(653,	'LOS PATOS',	'7603'),
(654,	'LOPEZ CAMELO',	'1617'),
(655,	'LEZICA Y TORREZURI (APEADERO FCDFS)',	'6700'),
(656,	'PAVON',	'2812'),
(657,	'LOPEZ ARIAS',	'2903'),
(658,	'PRESIDENTE DERQUI',	'1635'),
(659,	'NAHUEL RUCA',	'7613'),
(660,	'PRESIDENTE QUINTANA',	'6621'),
(661,	'OLIVOS',	'1636'),
(662,	'MAMAGUITA',	'6661'),
(663,	'OLIVEIRA CEZAR',	'2931'),
(664,	'PEARSON',	'2711'),
(665,	'MARIANO H. ALFONZO',	'2718'),
(666,	'OLIDEN',	'1981'),
(667,	'PAZOS KANKI',	'6058'),
(668,	'MARIANO BENITEZ',	'2701'),
(669,	'OLIVERA',	'6608'),
(670,	'PEDERNALES',	'6665'),
(671,	'NAPALEOFU',	'7007'),
(672,	'PRIMERA JUNTA',	'6422'),
(673,	'MONTE HERMOSO',	'8153'),
(674,	'CERRO NEGRO',	'7403'),
(675,	'COLONIA OCAMPO',	'8132'),
(676,	'COLONIA SANTA ROSA',	'1816'),
(677,	'CHOIQUE',	'8000'),
(678,	'CENTENARIO',	'6535'),
(679,	'COLONIA LA REINA',	'2751'),
(680,	'CAMPO LA ELISA',	'2752'),
(681,	'COLONIA TAPATTA',	'8142'),
(682,	'COLONIA LA NENA',	'2751'),
(683,	'COLONIA LA NORIA',	'2751'),
(684,	'CAMPANA',	'2804'),
(685,	'CAMPO BUENA VISTA',	'2700'),
(686,	'CALFUCURA',	'7612'),
(687,	'COLONIA LA MERCED',	'8105'),
(688,	'COLONIA STEGMAN',	'2751'),
(689,	'CAÐADA DE ARIAS',	'6700'),
(690,	'CARAPACHAY',	'1606'),
(691,	'COLONIA SERE',	'6459'),
(692,	'CHASCOMUS',	'7130'),
(693,	'CHASICO',	'8117'),
(694,	'CAMPO ROJAS',	'7303'),
(695,	'COLONIA LA INVERNADA',	'2751'),
(696,	'CUADRILLA 1011 (FGCSM. SUBDIVISION ALIANZA)',	'1676'),
(697,	'CHAS',	'7223'),
(698,	'COLONIA LA GRACIELA',	'8142'),
(699,	'CAPILLA DE LOS INGLESES',	'1888'),
(700,	'COLONIA LA CAPILLA',	'1888'),
(701,	'CUARTEL 11║',	'1987'),
(702,	'CUARTEL 6║',	'7136'),
(703,	'CUARTEL 8║',	'7135'),
(704,	'CUARTEL IV',	'6700'),
(705,	'CUARTELES CARABELAS',	'1649'),
(706,	'CUATREROS',	'8105'),
(707,	'COLONIA LA CELINA',	'8508'),
(708,	'CUATRO BOCAS',	'1649'),
(709,	'COLONIA LA CATALINA',	'8136'),
(710,	'COLONIA LA ESPERANZA',	'6531'),
(711,	'CERRO SOTUYO',	'7403'),
(712,	'CALDERON',	'8101'),
(713,	'COLONIA LA ALICIA',	'2905'),
(714,	'CALERA AVELLANEDA (DESVIO PARTICULAR FCGR)',	'7400'),
(715,	'CUATRO DE NOVIEMBRE',	'2705'),
(716,	'CAZON',	'7265'),
(717,	'COLONIA PALANTELEN',	'6643'),
(718,	'CORONEL SUAREZ',	'7540'),
(719,	'CORONEL SEGUI',	'6628'),
(720,	'COLONIA INCHAUSTI',	'6667'),
(721,	'CORONEL RODOLFO BUNGE',	'7020'),
(722,	'COLONIA JUAN COUSTE',	'8136'),
(723,	'CHAPAR',	'7020'),
(724,	'COLONIA VELAZ',	'2933'),
(725,	'CORONEL PRINGLES',	'7530'),
(726,	'COLONIA HINOJO',	'7318'),
(727,	'COLONIA HIPOLITO YRIGOYEN',	'8181'),
(728,	'CUCHA CUCHA',	'6746'),
(729,	'CAMPO COLIQUEO',	'6015'),
(730,	'CHACABUCO',	'6740'),
(731,	'CHAPADMALAL',	'7605'),
(732,	'COLONIA HOGAR RICARDO GUTIERREZ',	'1727'),
(733,	'CHAPALEUFU',	'7203'),
(734,	'CANCHA DE POLLO',	'1987'),
(735,	'CAMPO SAN JUAN',	'8185'),
(736,	'CORONEL MOM',	'6628'),
(737,	'COLONIA RUSA',	'7318'),
(738,	'COLONIA ESCUELA ARGENTINA',	'7136'),
(739,	'CUCULLU',	'6723'),
(740,	'CUENCA',	'6231'),
(741,	'BALSA',	'6070'),
(742,	'BARRIO IPARRAGUIRRE',	'1615'),
(743,	'BARRIO EL TREBOL',	'1849'),
(744,	'BARRIO IRIGOIN',	'1665'),
(745,	'ARROYO DE LAS GAVIOTAS',	'1649'),
(746,	'BARRIO EL SOL (PUENTE EZCURRA-PDO. LA MATANZA)',	'1763'),
(747,	'BARRIO EL SOL (PONTEVEDRA-PDO. MERLO)',	'1761'),
(748,	'BARRIO JACARANDA',	'1884'),
(749,	'BARRIO JARDIN',	'7400'),
(750,	'ARROYO HERMANA SEGUNDA',	'1649'),
(751,	'A. A. FERNANDEZ',	'1825'),
(752,	'BARRIO EL RETIRO',	'2741'),
(753,	'ARBUCO (DESVIO FCGR)',	'1915'),
(754,	'ALMACEN CASTRO',	'2751'),
(755,	'BARRIO JARDINES DE MORENO',	'1744'),
(756,	'BARRIO JHONSON',	'1686'),
(757,	'ALTA VISTA',	'8180'),
(758,	'BARRIO EL REFUGIO',	'1882'),
(759,	'ALVARO BARROS',	'7403'),
(760,	'BARRIIO ALFREDO L. PALACIOS',	'1714'),
(761,	'BARRIO ALFAR',	'7600'),
(762,	'BARRIO JORGE NEWBERY (BELLA VISTA-PDO. GRAL. SARMI',	'1661'),
(763,	'BARRIO JORGE NEWBERY (G. LAFERRERE-PDO. LA MATANZA',	'1757'),
(764,	'BARRIO JOSE A. CORTEJARENA',	'1744'),
(765,	'ARROYO CHIQUERITO',	'1649'),
(766,	'BARRIO JOSE HERNANDEZ',	'2700'),
(767,	'BARRIO JOSE INGENIEROS',	'1778'),
(768,	'BARRIO JOSE MANUEL ESTRADA',	'7600'),
(769,	'BARRIO ALMAFUERTE (BAHIA BLANCA-PDO. BAHIA BLANCA)',	'8000'),
(770,	'BARRIO JUAN GREGORIO DE LAS HERAS',	'7600'),
(771,	'BALNEARIO (PARADA)',	'8109'),
(772,	'ATALAYA',	'1913'),
(773,	'BARRIO JULIO DE VEDIA',	'6500'),
(774,	'BARRIO JURAMENTO',	'7600'),
(775,	'AEROPUERTO EZEIZA',	'1802'),
(776,	'BARRIO KILOMETRO 5',	'8000'),
(777,	'BARRIO KM. 48',	'1619'),
(778,	'ARROYO MORANCITO',	'1649'),
(779,	'BARRIO LA CABAÐA',	'1708'),
(780,	'ARROYO CAMACHO',	'1649'),
(781,	'BARRIO LA CARLOTA',	'1852'),
(782,	'BARRIO LA CAROLINA',	'1891'),
(783,	'BARRIO LA CUMBRE',	'1852'),
(784,	'BARRIO LA DOLLY',	'1980'),
(785,	'BARRIO LA ELVIRA',	'1763'),
(786,	'BARRIO LA ENCARNACION',	'1759'),
(787,	'ARROYO MENDEZ CHICO',	'1649'),
(788,	'BARRIO LA ESMERALDA',	'1888'),
(789,	'BARRIO LA ESTRELLA',	'1663'),
(790,	'BARRIO LA FALDA',	'8000'),
(791,	'ALDEA ROMANA',	'8101'),
(792,	'ADOLFO SOURDEAUX',	'1612'),
(793,	'BARRIO LA FLORESTA',	'1763'),
(794,	'ARROYO SARANDI',	'1647'),
(795,	'BARRIO LA FRAGATA',	'1765'),
(796,	'ARROYO DEL CANAL',	'1649'),
(797,	'BARRIO LA GLORIA',	'1847'),
(798,	'ARROYO PORFIADO',	'1649'),
(799,	'BARRIO LA GRANJA',	'1667'),
(800,	'BARRIO ALMAFUERTE (TABLADA-PDO. LA MATANZA)',	'1766'),
(801,	'BARRIO LA JOVITA',	'1849'),
(802,	'BARRIO LA JUSTINA',	'1759'),
(803,	'BARRIO ALMAFUERTE (GLEW-PDO. ALTE. BROWN)',	'1856'),
(804,	'BARRIO LA LOMA',	'1884'),
(805,	'ALMACEN EL CRUCE',	'2751'),
(806,	'BARRIO LA LUISA',	'7400'),
(807,	'BARRIO LA MERCEDES',	'1763'),
(808,	'BARRIO LA MORITA',	'1842'),
(809,	'BARRIO LA PERLA',	'1894'),
(810,	'ATUCHA',	'2808'),
(811,	'BARRIO LA PORTEÐA (MORENO-PDO. MORENO)',	'1744'),
(812,	'BARRIO LA PORTEÐA (TRISTAN SUARE-PDO. E. ECHEVERRI',	'1806'),
(813,	'BARRIO LA PROVIDENCIA',	'1746'),
(814,	'BARRIO LA QUERENCIA',	'1667'),
(815,	'BARRIO LA RECOLETA',	'1763'),
(816,	'BARRIO LA RECONQUISTA',	'1742'),
(817,	'BARRIO LA REFORMA',	'1856'),
(818,	'BARRIO LA REJA GRANDE',	'1746'),
(819,	'BARRIO LA SIRENA',	'1888'),
(820,	'BARRIO LA TABLADA',	'1846'),
(821,	'BARRIO LA TEJA',	'1761'),
(822,	'ARROYO GUAZU NAMBI',	'1649'),
(823,	'BARRIO LA TRAICION',	'1746'),
(824,	'BARRIO LA UNION',	'1765'),
(825,	'BARRIO LA VICTORIA',	'1744'),
(826,	'ARROYO MENDEZ GRANDE',	'1649'),
(827,	'ARROYO CANALETON',	'1649'),
(828,	'BARRIO LANDA',	'1842'),
(829,	'ALMIRANTE BROWN',	'1846'),
(830,	'BARRIO LAS ACACIAS (CAMPANA-PDO. CAMPANA)',	'2804'),
(831,	'BARRIO LAS ACACIAS (JOSE C. PAZ-PDO. GRAL. SARMIEN',	'1665'),
(832,	'BARRIO LAS ACHIRAS',	'1772'),
(833,	'BARRIO LAS CANALETAS',	'2930'),
(834,	'ALTO VERDE',	'2801'),
(835,	'AEROPUERTO EZEIZA ESTAFETA NO 1',	'1802'),
(836,	'BARRIO LAS HERAS',	'1665'),
(837,	'BARRIO LAS HERMANAS',	'1890'),
(838,	'BARRIO LAS LOMAS',	'2900'),
(839,	'ARROYO MORAS',	'1649'),
(840,	'BARRIO LAS MALVINAS',	'1849'),
(841,	'BARRIO LAS MANDARINAS',	'1980'),
(842,	'BACACAY',	'6516'),
(843,	'BARRIO LAS MARGARITAS (EL ROCIO-PDO. FLORENCIO VAR',	'1889'),
(844,	'BARRIO LAS MARGARITAS (QUILMES OESTE-PDO. QUILMES)',	'1879'),
(845,	'BARRIO LAS MORENAS',	'1838'),
(846,	'BARRIO LAS NIEVES',	'1759'),
(847,	'ARROYO LAGUNA',	'1649'),
(848,	'BARRIO LAS ROSAS',	'1744'),
(849,	'BARRIO EL PORVENIR',	'1746'),
(850,	'BARRIO LAS TUNAS',	'1849'),
(851,	'ARROYO NARANJO BORCHES',	'1649'),
(852,	'BARRIO LELOIR DE QUIROGA',	'1763'),
(853,	'ARROYO CARNICERO',	'1649'),
(854,	'BARRIO LIBERTADOR',	'1655'),
(855,	'ARROYO BALDOSAS',	'1649'),
(856,	'ARROYO PAICARABICITO',	'1649'),
(857,	'BARRIO LINDO',	'1838'),
(858,	'BARRIO LOMA PARAGUAYA',	'8000'),
(859,	'BARRIO LOMA VERDE',	'1846'),
(860,	'BALNEARIO SAUCE GRANDE',	'8153'),
(861,	'BARRIO LOS ALAMOS',	'1854'),
(862,	'BARRIO LOS ANDES',	'7600'),
(863,	'BARRIO LOS CACHORROS',	'1669'),
(864,	'BARRIO LOS CEDROS',	'1765'),
(865,	'ARROYO TOLEDO (PARANA MINI)',	'1649'),
(866,	'BARRIO LOS CUATRO VIENTOS',	'1744'),
(867,	'BARRIO LOS EUCALIPTOS (FRANCISCO ALVAREZ-PDO. MORE',	'1746'),
(868,	'BARRIO LOS EUCALIPTOS (QUILMES OESTE-PDO. QUILMES)',	'1879'),
(869,	'BARRIO LOS EUCALIPTOS (SAN MIGUEL-PDO. GRAL. SARMI',	'1663'),
(870,	'BARRIO LOS EUCALIPTOS (LUIS GUILLON-PDO. ECHEVERRI',	'1838'),
(871,	'BARRIO LOS GALLITOS',	'1667'),
(872,	'ARROYO PANTANOSO',	'1649'),
(873,	'BARRIO LOS LIMONES',	'1744'),
(874,	'BARRIO LOS MANZANOS',	'1884'),
(875,	'BARRIO ALTO VERDE (LAVALLOL-PDO. LOMAS DE ZAMORA)',	'1836'),
(876,	'ARROYO RINCONADA',	'1649'),
(877,	'BARRIO LOS NOGALES',	'1663'),
(878,	'ARROYO CUARENTA',	'1649'),
(879,	'ARROYO MEDINA',	'1649'),
(880,	'BARRIO LOS PARAISOS (LIBERTAD-PDO. MERLO)',	'1716'),
(881,	'BARRIO LOS PARAISOS (TRUJUI-PDO. MORENO)',	'1664'),
(882,	'ATILIO PESSAGNO',	'7116'),
(883,	'BARRIO LOS PINOS (LLAVALLOL-PDO. LOMAS DE ZAMORA)',	'1836'),
(884,	'BARRIO LOS PINOS (PDO. BERAZATEGUI)',	'1884'),
(885,	'BARRIO LOS PINOS (S.MIGUEL ESTAF.N║6 PDO. G.SARMIE',	'1663'),
(886,	'BARRIO LOS TRONCOS',	'1884'),
(887,	'BARRIO LOS TRONCOS DEL TALAR',	'1617'),
(888,	'BARRIO LOS VASCOS',	'1722'),
(889,	'ARROYO NARANJO',	'1649'),
(890,	'ARROYO TUYURAPE',	'1649'),
(891,	'BARRIO LUBO',	'2804'),
(892,	'BARRIO LUCHETTI',	'1884'),
(893,	'BARRIO LUJAN',	'1806'),
(894,	'ARROYO PAYCARABI',	'1649'),
(895,	'AGUARA',	'8105'),
(896,	'BARRIO MALDONADO',	'8000'),
(897,	'ANTONIO CARBONI',	'7243'),
(898,	'BARRIO MALVINAS ARGENTINAS',	'2700'),
(899,	'BARRIO ALTOS DE JOSE C. PAZ',	'1665'),
(900,	'BARRIO MANZANAR DE KAISER',	'1708'),
(901,	'BARRIO MAR DE AJO NORTE',	'7109'),
(902,	'BARRIO MARAVILLA DEL OESTE',	'1746'),
(903,	'BARRIO MARCONI',	'1765'),
(904,	'ARROYO CARANCHO',	'1649'),
(905,	'CAMPO LEITE',	'7623'),
(906,	'ARROYO GRANDE (CNEL. VIDAL-PDO. MAR CHIQUITA)',	'7174'),
(907,	'BARRIO ALTO VERDE (SAN NICOLAS-PDO. SAN NICOLAS)',	'2900'),
(908,	'ARROYO FONTANA',	'1649'),
(909,	'BARRIO MARIANO MORENO (BANFIELD-PDO. LOMAS DE ZAMO',	'1828'),
(910,	'BARRIO MARIANO MORENO (HURLINGHAM-PDO. MORON)',	'1686'),
(911,	'BARRIO MARIANO MORENO (SAN MIGUEL-PDO. GRAL. SARMI',	'1663'),
(912,	'BARRIO MARIANO MORENO (VALENTIN ALSINA-PDO. LANUS)',	'1822'),
(913,	'BARRIO MARINA',	'1714'),
(914,	'BARRIO MARITIMO',	'1885'),
(915,	'ARROYO CIERVO',	'1649'),
(916,	'BARRIO MARTIN FIERRO (SAN MIGUEL-PDO. GRAL. SARMIE',	'1663'),
(917,	'BARRIO MARTIN FIERRO (VILLA LOMA HERMOSA-PDO.SN. M',	'1657'),
(918,	'BARRIO MARTINEZ MORENO',	'1842'),
(919,	'ARROYO CARLOS M.NOEL',	'1649'),
(920,	'BALNEARIO RETA',	'7511'),
(921,	'BALCARCE',	'7620'),
(922,	'BARRIO MAYOR IRUSTA',	'1661'),
(923,	'ARROYO CARABALLO',	'1649'),
(924,	'ARROYO LOS NEGROS',	'1649'),
(925,	'ARROYO DORADO',	'1649'),
(926,	'ARROYO GUTIERREZ',	'1649'),
(927,	'ARROYO TOLEDO (PALMAS)',	'1649'),
(928,	'ADOLFO F. ORMA (APEADERO FCGB)',	'1901'),
(929,	'BARRIO MITRE (SAN MIGUEL-PDO. GRAL. SARMIENTO)',	'1663'),
(930,	'BARRIO MITRE (SAN NICOLAS-PDO. SAN NICOLAS)',	'2900'),
(931,	'BARRIO MONTE CHICO',	'1842'),
(932,	'BARRIO MONTE CUDINE',	'1888'),
(933,	'BARRIO MONTECARLO',	'1842'),
(934,	'BARRIO MONTEVERDE',	'1888'),
(935,	'ARROYO BUENA VISTA',	'1649'),
(936,	'BARRIO NAHUEL',	'1759'),
(937,	'ARROYO PANTANOCITO',	'1649'),
(938,	'ARROYO ÐACURUTU CHICO',	'2805'),
(939,	'ALBARIÐO',	'6405'),
(940,	'BARRIO NOBILE',	'1888'),
(941,	'BARRIO NOROESTE',	'8000'),
(942,	'ARROYO CAGUANE',	'1649'),
(943,	'ALVAREZ JONTE',	'1921'),
(944,	'BARRIO NORTE SARMIENTO',	'1663'),
(945,	'BARRIO NOVAMUR',	'2900'),
(946,	'BARRIO NUESTRAS MALVINAS',	'1842'),
(947,	'BARRIO NUESTRO HOGAR',	'7630'),
(948,	'ALMIRANTE SOLIER',	'8109'),
(949,	'ALSINA',	'2938'),
(950,	'BARRIO NUEVA POMPEYA',	'7630'),
(951,	'ACHUPALLAS',	'6627'),
(952,	'BARRIO ALTO DE TRISTAN SUAREZ',	'1806'),
(953,	'BARRIO NUEVO',	'1716'),
(954,	'BARRIO ALTOS DE LAFERRERE',	'1757'),
(955,	'BARRIO OBLIGADO',	'1661'),
(956,	'ARROYO LA BARQUITA',	'1649'),
(957,	'AGUSTIN MOSCONI',	'6667'),
(958,	'BARRIO OBRERO (NECOCHEA-PDO. NECOCHEA)',	'7630'),
(959,	'BARRIO OBRERO (PEHUAJO-PDO. PEHUAJO)',	'6450'),
(960,	'BARRIO OBRERO FERROVIARIO',	'1607'),
(961,	'BARRIO OBRERO VILLA AVELLANEDA',	'1874'),
(962,	'BARRIO OESTE',	'7607'),
(963,	'ARROYO CHILENO',	'1649'),
(964,	'AGOTE',	'6608'),
(965,	'ABRA DE HINOJO',	'8170'),
(966,	'BARRIO OLAECHEA',	'1761'),
(967,	'BARRIO EL PERICON',	'1722'),
(968,	'BARRIO 9 DE JULIO (FLORENCIO VARELA-PDO. FLOR. VAR',	'1888'),
(969,	'BARRIO ORO VERDE',	'1763'),
(970,	'AZUL',	'7300'),
(971,	'ARROYO EDUARDO',	'1649'),
(972,	'BARRIO PALERMO CHICO',	'1888'),
(973,	'ARROYO HERMANA GRANDE',	'1649'),
(974,	'BARRIO PAMPA CHICA',	'6600'),
(975,	'BARRIO PARA JEFES Y OFICIALES GENERAL SAN MARTIN',	'1650'),
(976,	'ARROYO LAS NACIONES',	'1649'),
(977,	'BARRIO PARADA GALLO',	'1686'),
(978,	'BARRIO PARQUE',	'2900'),
(979,	'ARROYO GAMBADO',	'1649'),
(980,	'BARRIO PARQUE ALVEAR',	'1613'),
(981,	'ARROYO BORASSO',	'1649'),
(982,	'BARRIO PARQUE BARON',	'1832'),
(983,	'BARRIO EL PEREJIL',	'1617'),
(984,	'BARRIO PARQUE BRISTOL',	'7607'),
(985,	'BARRIO PARQUE CAMET',	'7600'),
(986,	'BARRIO EL PATRONATO',	'1849'),
(987,	'BARRIO ANTARTIDA ARGENTINA',	'1665'),
(988,	'BARRIO PARQUE EL OMBU',	'1665'),
(989,	'BARRIO PARQUE FLORIDA',	'8000'),
(990,	'ALTAMIRA',	'6601'),
(991,	'BARRIO PARQUE IPONA',	'1856'),
(992,	'BARRIO PARQUE KANMAR',	'1667'),
(993,	'BARRIO PARQUE LA FLORIDA',	'7600'),
(994,	'BARRIO PARQUE LA GLORIA',	'1663'),
(995,	'BARRIO PARQUE LAMBARE',	'1623'),
(996,	'ARROYO CANELONES',	'1649'),
(997,	'BARRIO PARQUE LURO',	'7600'),
(998,	'BARRIO PARQUE MARIANO MORENO',	'1849'),
(999,	'BARRIO 9 DE JULIO (MAR DEL PLATA-PDO. GRAL PUEYRRE',	'7600'),
(1000,	'BARRIO PARQUE PATAGONIA',	'8000'),
(1001,	'BARRIO PARQUE PELUFFO',	'1708'),
(1002,	'BARRIO PARQUE PERO',	'1669'),
(1003,	'BARRIO PARQUE QUIRNO',	'1686'),
(1004,	'BARRIO ARCO IRIS',	'1742'),
(1005,	'BARRIO PARQUE ROMA',	'1856'),
(1006,	'BARRIO PARQUE SAMBRIZZI',	'1744'),
(1007,	'BARRIO PARQUE SAN MIGUEL',	'1665'),
(1008,	'ARROYO CHANACITO',	'1649'),
(1009,	'BARRIO EL PARQUE',	'1891'),
(1010,	'BARRIO PARQUE UNION Y FRATERNIDAD',	'1828'),
(1011,	'BARRIO PASCO',	'1876'),
(1012,	'AZOPARDO',	'8181'),
(1013,	'BARRIO PEDRO J. ROCCO',	'7109'),
(1014,	'AUTOCAMPING EL PINAR',	'7165'),
(1015,	'BARRIO PEDRO PICO',	'8000'),
(1016,	'BARRIO ARGITAL',	'1665'),
(1017,	'BARRIO PINARES',	'7600'),
(1018,	'BARRIO PINAZO',	'1669'),
(1019,	'BARRIO PINTEMAR',	'1714'),
(1020,	'BARRIO PITALUGA',	'1759'),
(1021,	'AGUSTIN FERRARI',	'1723'),
(1022,	'BAHIA BLANCA',	'8000'),
(1023,	'ALGARROBO',	'2935'),
(1024,	'BARRIO PRESIDENTE SARMIENTO',	'1772'),
(1025,	'BARRIO PRESIDENTE URQUIZA',	'1772'),
(1026,	'BARRIO PRIMERA JUNTA',	'7600'),
(1027,	'ARISTOBULO DEL VALLE',	'1602'),
(1028,	'BARRIO PRIMERO DE MAYO',	'1814'),
(1029,	'AMEGHINO',	'6064'),
(1030,	'BARRIO PROGRESO',	'1804'),
(1031,	'ARROYO EL CHINGOLO',	'6437'),
(1032,	'ARAUJO',	'6643'),
(1033,	'ALEGRE',	'1987'),
(1034,	'BARRIO PROVINCIAS UNIDAS',	'1828'),
(1035,	'BARRIO PROVINCIAS UNIDAS',	'8300'),
(1036,	'ARROYO DESENGAÐO',	'1649'),
(1037,	'ARROYO BANCO',	'1649'),
(1038,	'BARRIO PUENTE ROCA',	'1713'),
(1039,	'ARROYO TELA',	'1649'),
(1040,	'ANASAGASTI',	'6607'),
(1041,	'BARRIO EL ONCE',	'1884'),
(1042,	'BARRIO QUESADA PACHECO',	'1613'),
(1043,	'ALMIRANTE IRIZAR',	'1629'),
(1044,	'BARRIO RAYO DE SOL (BERAZATEGUI-PDO. BERAZATEGUI)',	'1884'),
(1045,	'BARRIO RAYO DE SOL (LONGCHAMPS-PDO. ALMIRANTE BROW',	'1854'),
(1046,	'BARRIO EL OMBU (PONTEVEDRA-PDO. MERLO)',	'1761'),
(1047,	'BARRIO ASUNCION',	'1847'),
(1048,	'ALVAREZ DE TOLEDO',	'7267'),
(1049,	'ARROYO FULMINANTE',	'1649'),
(1050,	'BARRIO RESIDENCIAL ESTANCIA GENERAL PACHECO',	'1617'),
(1051,	'AMALIA',	'6516'),
(1052,	'BARRIO RESIDENCIAL SAN EMILIO',	'1888'),
(1053,	'BARRIO ARZENO',	'1852'),
(1054,	'BARRIO RICARDO ROJAS (EL ROCIO-PDO. FLORENCIO VARE',	'1889'),
(1055,	'BARRIO RICARDO ROJAS (GENERAL PACHECO-PDO. TIGRE)',	'1617'),
(1056,	'BARADERO',	'2942'),
(1057,	'ARROYO NOGAL',	'1649'),
(1058,	'ALTO DEL TALAR',	'1617'),
(1059,	'BARRIO EL OMBU (LOS POLVORINES-PDO. GRAL. SARMIENT',	'1613'),
(1060,	'BARRIO BANCO PROVINCIA',	'7630'),
(1061,	'ARROYO LA RAYA',	'1649'),
(1062,	'BARKER',	'7005'),
(1063,	'ARROYO CURUBICA',	'1649'),
(1064,	'ARROYO LAGUNA GRANDE',	'1649'),
(1065,	'ARROYO CARABELITAS',	'2805'),
(1066,	'BARRIO ROSARIO SUD',	'8000'),
(1067,	'ARROYO DE LOS NOGALES',	'1649'),
(1068,	'ARROYO CORTO (PDO. SAAVEDRA)',	'8172'),
(1069,	'ARTURO SEGUI',	'1895'),
(1070,	'BARRIO SAKURA',	'1852'),
(1071,	'ARROYO SANTO DOMINGO',	'1649'),
(1072,	'ARROYO GRANDE (TIGRE-PDO. SAN FERNANDO)',	'1649'),
(1073,	'BARRIO SAN BLAS',	'8000'),
(1074,	'BARRIO AVIACION',	'1708'),
(1075,	'BARRIO SAN CARLOS (ISIDRO CASANOVA-PDO. LA MATANZA',	'1765'),
(1076,	'BARRIO SAN JUAN (ITUZAINGO-PDO. MORON)',	'1714'),
(1077,	'BARRIO SAN JUAN (MAR DEL PLATA-PDO. GRAL. PUEYRRED',	'7600'),
(1078,	'BARRIO SAN JUAN (TEMPERLEY-PDO. LOMAS DE ZAMORA)',	'1834'),
(1079,	'ARROYO SURUBI',	'1649'),
(1080,	'ARROYO PRIMERA HERMANA',	'1649'),
(1081,	'ARROYO DOS PUNTAS',	'1649'),
(1082,	'BARRIO AVELLANEDA (PDO. BAHIA BLANCA)',	'8000'),
(1083,	'ARROYO SEGUNDA HERMANA',	'1649'),
(1084,	'BARRIO SAN LUCAS',	'1849'),
(1085,	'BARRIO SAN LUIS',	'1665'),
(1086,	'ALASTUEY (APEADERO FCGU)',	'6703'),
(1087,	'BALNEARIO MAR CHIQUITA',	'7609'),
(1088,	'BARRIOI SAN MARIANO',	'1763'),
(1089,	'ADELA',	'7136'),
(1090,	'ALMACEN LA COLONIA',	'2740'),
(1091,	'BARRIO SAN MARTIN (PDO. BAHIA BLANCA)',	'8000'),
(1092,	'BARRIO SAN MARTIN (PDO. GENERAL MADARIAGA)',	'7163'),
(1093,	'BALNEARIO CASCALLARES',	'1744'),
(1094,	'BARRIO SAN MIGUEL',	'1765'),
(1095,	'BARRIO SAN NICOLAS',	'1888'),
(1096,	'AYACUCHO',	'7150'),
(1097,	'BARRIO SAN PABLO',	'1862'),
(1098,	'BARRIO SAN PEDRO (LAFERREREPDO. LA MATANZA)',	'1757'),
(1099,	'BARRIO SAN PEDRO (PUENTE EZCURRA-PDO. LA MATANZA)',	'1763'),
(1100,	'BARRIO SAN PEDRO (RAFAEL CALZADA-PDO. ALMIRANTE BR',	'1847'),
(1101,	'BARRIO BARILARI',	'1663'),
(1102,	'ARROYO TIBER',	'1649'),
(1103,	'BARRIO SAN ROQUE (BAHIA BLANCA-PDO. BAHIA BLANCA)',	'8000'),
(1104,	'BARRIO SAN ROQUE (BERAZATEGUI-PDO. BERAZATEGUI)',	'1884'),
(1105,	'BARRIO SAN ROQUE (JOSE C. PAZ-PDO. GRAL. SARMIENTO',	'1665'),
(1106,	'BARRIO SAN SEBASTIAN',	'1776'),
(1107,	'ARROYO BURGOS',	'2935'),
(1108,	'ADOLFO GONZALES CHAVES',	'7513'),
(1109,	'ARROYO RODEO',	'1649'),
(1110,	'BARRIO SANTA AMELIA',	'1763'),
(1111,	'ARROYO MELINDRE',	'1649'),
(1112,	'BARRIO SANTA BRIGIDA',	'1663'),
(1113,	'BARRIO SANTA CATALINA (LAVALLOL-PDO. LOMAS DE ZAMO',	'1836'),
(1114,	'BARRIO STA. CATALINA (SN. FRANCISCO SOLANO-PDO. QU',	'1881'),
(1115,	'BARRIO EL MOJON',	'1759'),
(1116,	'BARRIO SANTA CLARA',	'1849'),
(1117,	'ARROYO MACHADO',	'1649'),
(1118,	'BARRIO SANTA ISABEL (MARIANO ACOSTA-PDO. MERLO)',	'1723'),
(1119,	'BARRIO STA. ISABEL (MTE. GRANDE-PDO. ESTBAN. ECHEV',	'1842'),
(1120,	'BARRIO SANTA ISABEL (SAN FRANCISCO SOLANO-PDO. QUI',	'1881'),
(1121,	'BARRIO SANTA LUCIA',	'1615'),
(1122,	'ARROYO DE LA LUNA',	'2752'),
(1123,	'BARRIO SANTA MAGDALENA',	'1862'),
(1124,	'BARRIO BATAN',	'7601'),
(1125,	'BARRIO SANTA MARIA',	'1759'),
(1126,	'BARRIO SANTA MARATA (LUJAN-PDO. LUJAN)',	'6700'),
(1127,	'BARRIO STA. MARTA (TRISTAN SUAREZ-ESTEBAN ECHEVERR',	'1806'),
(1128,	'BARRIO SANTA PAULA',	'1665'),
(1129,	'AGUSTIN ROCA',	'6001'),
(1130,	'BARRIO EL MANZANAR',	'1765'),
(1131,	'BARRIO SANTA TERESA',	'1620'),
(1132,	'ARROYO ESPERA GRANDE',	'1649'),
(1133,	'ALZAGA',	'7513'),
(1134,	'BARRIO SANTO DOMINGO',	'1879'),
(1135,	'BARRIO SANTO TOMAS',	'1888'),
(1136,	'BARRIO SANTOS VEGA',	'1881'),
(1137,	'BARRIO SANZ',	'1849'),
(1138,	'ARROYO POLVORA',	'1649'),
(1139,	'BARRIO SARGENTO CABRAL CAMPO DE MAYO',	'1659'),
(1140,	'ARROYO EL TORO',	'1647'),
(1141,	'BARRIO EL LUCURO',	'1613'),
(1142,	'ARROYO DURAZNITO',	'1649'),
(1143,	'ARROYO GAVIOTAS',	'1649'),
(1144,	'BARRIO SATELITE',	'1772'),
(1145,	'ARROYO BUSTO',	'1649'),
(1146,	'BARRIO EL JAGUEL',	'1613'),
(1147,	'BARRIO SIDERURGIA',	'2901'),
(1148,	'BARRIO SIGLO XX',	'1842'),
(1149,	'BARRIO SNIAFA',	'1885'),
(1150,	'BARRIO SOFIA BOZAN',	'1763'),
(1151,	'BARRIO SOL DE ORO',	'1804'),
(1152,	'BARRIO SOLAR DEL NORTE',	'1663'),
(1153,	'ARROYO ESTUDIANTE',	'1649'),
(1154,	'BARRIO SOMISA',	'2901'),
(1155,	'BARRIO STELLA MARIS',	'1607'),
(1156,	'ALFEREZ SAN MARTIN',	'8117'),
(1157,	'BARRIO EL HUECO',	'7130'),
(1158,	'ARROYO EL RODEO',	'1649'),
(1159,	'BARRIO SUPER USINA',	'2900'),
(1160,	'BARRIO EL HORNERO',	'1852'),
(1161,	'ARROYO MANZANO DE MEDINA',	'1649'),
(1162,	'ALBERTI',	'6634'),
(1163,	'ALTONA',	'7303'),
(1164,	'BARRIO EL GAUCHO (MAR DEL PLATA-PDO. GRAL. PUEYRRE',	'7600'),
(1165,	'ARROYO CRUZ DEL SAUCE',	'1649'),
(1166,	'BARRIO TECHO ROJO',	'1888'),
(1167,	'ARROYO RICO',	'1649'),
(1168,	'BARRIO TIERRA DE ORO',	'7600'),
(1169,	'ARROYO LAS ROSAS (TIGRE-PDO. TIGRE)',	'1649'),
(1170,	'BARRIO TIRO FEDERAL ((BAHIA BLANCA-PDO. BAHIA BLAN',	'8000'),
(1171,	'BARRIO TIRO FEDERAL (MAR DEL PLATA-PDO. GRAL. PUEY',	'7600'),
(1172,	'ARROYO LA LINDA',	'1649'),
(1173,	'BARRIO BELIERA',	'1619'),
(1174,	'ARROYO VICO',	'1649'),
(1175,	'ARROYO CIEGUITO',	'1649'),
(1176,	'ARROYO SANTA ROSA',	'1649'),
(1177,	'ARROYO ESPERA',	'1649'),
(1178,	'ARROYO ARROYON DE FELICARIA',	'1649'),
(1179,	'BARRIO TRONCOS DEL TALAR',	'1617'),
(1180,	'ARROYO FREDES',	'1649'),
(1181,	'BARRIO U.O.C.R.A.',	'6000'),
(1182,	'ARROYO CORRENTOSO (BARCA GRANDE)',	'1649'),
(1183,	'ARROYO PATI',	'1649'),
(1184,	'ARIEL',	'7301'),
(1185,	'ARROYO NARANJITO',	'1649'),
(1186,	'BARRIO VEINTISEIS DE ABRIL',	'1825'),
(1187,	'ADOLFO ALSINA',	'6430'),
(1188,	'BARRIO VICENTE LOPEZ Y PLANES',	'1772'),
(1189,	'ARROYO CONFITERO',	'1649'),
(1190,	'BARRIO VILLA ALBERDI',	'1714'),
(1191,	'BARRIO BOSQUE ALEGRE',	'7600'),
(1192,	'BARRIO BOATING CLUB',	'1642'),
(1193,	'ATAHUALPA',	'6471'),
(1194,	'BARRIO VILLA ANGELICA',	'1888'),
(1195,	'BARRIO VILLA ANITA',	'1744'),
(1196,	'ARROYO LAS CASAS',	'1649'),
(1197,	'BARRIO VILLA CARMEN',	'1759'),
(1198,	'ASCENSION',	'6003'),
(1199,	'ALAGON',	'6463'),
(1200,	'BARRIO VILLA CLELIA',	'7109'),
(1201,	'ARROYO ÐACURUTU',	'2800'),
(1202,	'ARROYO BOTIJA FALSA',	'2800'),
(1203,	'ASAMBLEA',	'6640'),
(1204,	'ALEJANDRO KORN',	'1864'),
(1205,	'ARROYO LAS VIBORAS',	'1649'),
(1206,	'ANDANT',	'6555'),
(1207,	'ARROYO PAJARITO',	'1649'),
(1208,	'ARROYO DESAGUADERO DE BORCHES',	'1649'),
(1209,	'BARRIO EL GAUCHO (BURZACO-PDO. ALMIRANTE BROWN)',	'1852'),
(1210,	'ARROYO ROMANCITO',	'1649'),
(1211,	'ARROYO GUAYRACA',	'1649'),
(1212,	'BARRIO VILLA ESCOBAR',	'1746'),
(1213,	'ARROYO DULCE',	'2743'),
(1214,	'BARRIO VILLA GAUCHO',	'7000'),
(1215,	'BARRIO VILLA GENERAL BALCARCE',	'1826'),
(1216,	'BARRIO VILLA HARAS MYRIAM',	'1713'),
(1217,	'APARICIO',	'8158'),
(1218,	'BANDERALO',	'6244'),
(1219,	'ARROYO CAMACHITO',	'1649'),
(1220,	'BARRIO VILLA LA PAZ',	'1834'),
(1221,	'BARRIO VILLA LAURA',	'1847'),
(1222,	'BARRIO EL FARO',	'1663'),
(1223,	'ARROYO TAJIBER',	'2805'),
(1224,	'ALMACEN PIATTI',	'2711'),
(1225,	'BARRIO VILLA MAGDALENA',	'1613'),
(1226,	'BARRIO VILLA MAILIN',	'7400'),
(1227,	'BARRIO VILLA MAIPU',	'1828'),
(1228,	'BARRIO VILLA MARIA',	'1842'),
(1229,	'BARRIO EL EMBRUJO',	'1617'),
(1230,	'BARRIO VILLA MARIA DE LOS REMEDIOS DE ESCALADA',	'1657'),
(1231,	'BARRIO CALDERON DE LA BARCA',	'1759'),
(1232,	'BARRIO VILLA MUÐIZ',	'8000'),
(1233,	'BARRIO VILLA NUEVA',	'2804'),
(1234,	'BARRIO VILLA OFELIA',	'1825'),
(1235,	'BARRIO VILLA ORTEGA',	'6000'),
(1236,	'6ARROYO LOS TIGRES',	'2805'),
(1237,	'ARROYO MORAN',	'1649'),
(1238,	'ARROYO DE LOS TIGRES',	'1649'),
(1239,	'ALMACEN DEL DESCANSO',	'2752'),
(1240,	'BARRIO VILLA PRIMAVERA',	'1640'),
(1241,	'ARROYO HERMANA PRIMERA',	'1649'),
(1242,	'BARRIO VILLA SALADILLO',	'7260'),
(1243,	'AGUA DE ORO',	'1746'),
(1244,	'BARRIO EL DORADO (QUIMES OESTE-PDO. QUILMES)',	'1879'),
(1245,	'ARROYO CARAGUATA',	'1649'),
(1246,	'ARROYO LOS LOBOS (PDO. SSAN FERNANDO)',	'1649'),
(1247,	'ARROYO LA CASTILLA',	'1649'),
(1248,	'ARROYO GLORIETA',	'1649'),
(1249,	'BALNEARIO PUNTA LARA',	'1931'),
(1250,	'BARRIO VILLA SEQUICENTENARIO',	'6070'),
(1251,	'ARROYO CAPITANCITO',	'1649'),
(1252,	'ARROYO DOMINGUITO',	'1649'),
(1253,	'BARRIO EL DORADO (GONZALEZ CATAN-PDO. LA MATANZA)',	'1759'),
(1254,	'BARRIO VISTA ALEGRE (BAHIA BLANCA-PDO. B. BLANCA)',	'8000'),
(1255,	'BARRIO VISTA ALEGRE (TRISTAN SUAREZ-PDO. E. ECHEVE',	'1806'),
(1256,	'BARRIO VUCETICH',	'1665'),
(1257,	'BARRIO EL DESTINO',	'1686'),
(1258,	'AZCUENAGA',	'6721'),
(1259,	'BARRIO YEI-PORA',	'1667'),
(1260,	'ARROYO MALVINAS',	'1649'),
(1261,	'BARRIO ZABALA',	'1847'),
(1262,	'BARRIO ZONA SUPER USINA',	'2900'),
(1263,	'ANGEL ETCHEVERRY',	'1901'),
(1264,	'ARROYO LA NEGRA',	'1649'),
(1265,	'ARROYO LAZARO',	'1649'),
(1266,	'BARROW',	'7519'),
(1267,	'BARTOLOME BAVIO',	'1911'),
(1268,	'BARRIO CARCEL',	'2900'),
(1269,	'ARROYO ESPERITA',	'1649'),
(1270,	'BARRIO EL CORTIJO',	'1663'),
(1271,	'BARTOLOME MITRE (ESTACION FCGM)',	'1636'),
(1272,	'ARROYO DEL PESCADO',	'1923'),
(1273,	'ARROYO DE LA CRUZ',	'2812'),
(1274,	'BARRIO EL CASTILLO',	'8109'),
(1275,	'ARROYO LAS BOGAS',	'1649'),
(1276,	'BARRIO EL BOYERO',	'1617'),
(1277,	'ARROYO PAREJA',	'8111'),
(1278,	'ARROYO CHIVICO',	'1649'),
(1279,	'BASE AERONAVAL COMANDANTE ESPORA',	'8107'),
(1280,	'BASE AERONAVAL DE PUNTA INDIO',	'1919'),
(1281,	'AGUIRREZABALA',	'2915'),
(1282,	'BARRIO EL ATALAYA',	'1765'),
(1283,	'ARROYO CARAPUATI',	'1649'),
(1284,	'BARRIO CASCALLARES',	'1744'),
(1285,	'ARROYO SABALOS',	'1649'),
(1286,	'ACEVEDO',	'2717'),
(1287,	'BASE NAVAL MAR DEL PLATA',	'7600'),
(1288,	'ARROYO MARTINEZ (TIGRE-DPTO. TIGRE)',	'1649'),
(1289,	'ALDECON',	'7406'),
(1290,	'ARROYO CONFITERITO PALMAS',	'1649'),
(1291,	'ABBOTT',	'7228'),
(1292,	'BAJO HONDO',	'8115'),
(1293,	'ADELA CORTI',	'8000'),
(1294,	'BARRIO CAROSIO',	'6000'),
(1295,	'ARROYO PACIFICO (CAPITAN)',	'1649'),
(1296,	'ARROYO CRUZ DEL CAMBADO',	'1649'),
(1297,	'BATERIAS',	'8113'),
(1298,	'BATHURST',	'7540'),
(1299,	'BARRIO 25 DE MAYO',	'2700'),
(1300,	'BAUDRIX',	'6643'),
(1301,	'BARRIO EL 36',	'1889'),
(1302,	'ARENAZA',	'6075'),
(1303,	'ARROYO PINERAL',	'1649'),
(1304,	'BAYAUCA',	'6078'),
(1305,	'ARROYO LA HORCA',	'1649'),
(1306,	'ARROYO REYES',	'1649'),
(1307,	'ARROYO LAS ROSAS (ESCOBAR-PDO. ESCOBAR)',	'1625'),
(1308,	'BARRIO DREYMAR II',	'1881'),
(1309,	'ARROYO TORO',	'1649'),
(1310,	'ALBERDI',	'6034'),
(1311,	'BARRIO CENTENARIO',	'1884'),
(1312,	'ARROYO CORRENTINO',	'1649'),
(1313,	'ARROYO CHURRASCO',	'1649'),
(1314,	'ARROYO MANZANO DE LA BARCA',	'1649'),
(1315,	'AVELLANEDA SUCURSAL N║1',	'1870'),
(1316,	'BECCAR',	'1643'),
(1317,	'ARROYO EL PLATA',	'1649'),
(1318,	'ACASSUSO',	'1640'),
(1319,	'ARROYO PESQUERA',	'2805'),
(1320,	'ARROYO FELIPE',	'1649'),
(1321,	'BELEN DE ESCOBAR',	'1625'),
(1322,	'ASTURIAS',	'6469'),
(1323,	'ARROYO NACIONES',	'1649'),
(1324,	'AGUAS CORRIENTES',	'2701'),
(1325,	'ARROYO PACIFICO (DE LA SERNA)',	'1649'),
(1326,	'BARRIO DRAIMAR',	'1881'),
(1327,	'ARROYO MALO',	'1649'),
(1328,	'ARROYO LIMA',	'1649'),
(1329,	'ARROYO DEL POBRE',	'1649'),
(1330,	'ARROYO AGUAS BLANCAS',	'8174'),
(1331,	'BAHIA SAN BLAS',	'8506'),
(1332,	'ARROYO ANDRESITO',	'1649'),
(1333,	'ARROYO LA MAZA',	'1923'),
(1334,	'ARROYO LAS VIUDAS',	'1649'),
(1335,	'ANDERSON',	'6621'),
(1336,	'ALEJANDRO PETION APEADERO FCGR',	'1808'),
(1337,	'ARROYO ESTUDIANTE CHICO',	'1649'),
(1338,	'ALFREDO DEMARCHI',	'6533'),
(1339,	'ARROYO DIABLO',	'1649'),
(1340,	'ARROYO CARACOLES',	'1649'),
(1341,	'BARRIO DOÐA SOL',	'1852'),
(1342,	'BARRIO CENTRAL',	'2741'),
(1343,	'ARROYO CAPITAN CHICO',	'1649'),
(1344,	'BELLA VISTA (BAHIA BLANCA-PDO. BAHIA BLANCA)',	'8000'),
(1345,	'ARROYO PACIENCIA',	'1649'),
(1346,	'BARRIO CENTRO',	'7630'),
(1347,	'AUTOCAMPING SAN CLEMENTE',	'7105'),
(1348,	'ARROYO SAN SALVADOR',	'1649'),
(1349,	'BALNEARIO POPULAR',	'1802'),
(1350,	'ALFALAD',	'6555'),
(1351,	'BARRIO CINCO ESQUINAS',	'1888'),
(1352,	'ARROYO GELVEZ',	'1649'),
(1353,	'ARROYO TIBURON',	'1649'),
(1354,	'BELLA VISTA (PDO. GRAL. SARMIENTO)',	'1661'),
(1355,	'ARROYO LA CASILLA',	'1649'),
(1356,	'ARROYO LOS GRILLOS',	'1649'),
(1357,	'AMERICA',	'6237'),
(1358,	'ARROYO ARROYON',	'1649'),
(1359,	'ARROYO ESPADAÐA',	'1649'),
(1360,	'BARRIO CHURRUCA',	'1657'),
(1361,	'AMBROSIO P. LEZICA',	'8508'),
(1362,	'BARRIO CHELITO',	'1667'),
(1363,	'BADANO',	'6403'),
(1364,	'ARROYO VEINTICINCO DE NOVIEMBRE',	'1649'),
(1365,	'ARROYO SASUCE LLORON',	'1649'),
(1366,	'BENAVIDEZ',	'1621'),
(1367,	'ARROYO VENADO',	'6437'),
(1368,	'BENITEZ',	'6632'),
(1369,	'ARROYO VERON',	'1649'),
(1370,	'BENITO JUAREZ',	'7020'),
(1371,	'BAHIA BLANCA',	'8000'),
(1372,	'ARROYO CIEGO DEL ESTUDIANTE',	'1649'),
(1373,	'ARROYO TRES SARGENTOS',	'1649'),
(1374,	'ARROYO FERMIN',	'1649'),
(1375,	'ARROYO FELIX',	'1649'),
(1376,	'BERAZATEGUI',	'1884'),
(1377,	'BERDIER',	'2743'),
(1378,	'ARGERICH',	'8134'),
(1379,	'BERISSO',	'1923'),
(1380,	'ARROYO PACU',	'1649'),
(1381,	'ARROYO CIEGO',	'1649'),
(1382,	'BARRIO DON ORIONE SUCURSAL',	'1850'),
(1383,	'BERMUDEZ',	'6071'),
(1384,	'ARROYO TARARIRAS',	'1649'),
(1385,	'ARROYO GALLO FIAMBRE',	'1649'),
(1386,	'BERNAL',	'1876'),
(1387,	'ARROYO BALTICO',	'1649'),
(1388,	'ARROYO EL CAZADOR',	'1649'),
(1389,	'ARROYO CRUCES',	'1649'),
(1390,	'BARRIO DON LUIS',	'1854'),
(1391,	'BERNARDO VERA Y PINTADO',	'7313'),
(1392,	'BARRIO CIUDAD ATLANTIDA',	'8109'),
(1393,	'ARROYO LAS CAÐAS',	'1649'),
(1394,	'BERRAONDO',	'8124'),
(1395,	'ARROYO CHANA',	'1649'),
(1396,	'BARRIO COBOS',	'2930'),
(1397,	'BERUTTI',	'6424'),
(1398,	'ALDO BONZI',	'1770'),
(1399,	'BAHIA BLANCA',	'8100'),
(1400,	'ARENALES',	'6005'),
(1401,	'ARROYO LARGO',	'1649'),
(1402,	'ANDRES VACCAREZZA',	'6634'),
(1403,	'ARROYO EL AHOGADO',	'2805'),
(1404,	'ARROYO BORCHES',	'1649'),
(1405,	'BALNEARIO CLAROMECO',	'7505'),
(1406,	'ARROYO TORITO',	'1649'),
(1407,	'ARTURO VATTEONE',	'6433'),
(1408,	'ARROYO CORTO (TIGRE-PDO. CAMPANA)',	'1649'),
(1409,	'BARRIO DON BOSCO',	'7600'),
(1410,	'ARROYO GUAZUCITO',	'1649'),
(1411,	'BLANCAGRANDE',	'6561'),
(1412,	'ARROYO DESAGUADERO DEL SAUCE',	'1649'),
(1413,	'ANCON',	'6451'),
(1414,	'ARROYO IDAHONE',	'1649'),
(1415,	'BLANDENGUES',	'6032'),
(1416,	'BLAQUIER',	'6065'),
(1417,	'ARROYO NUEVE DE JULIO',	'1649'),
(1418,	'BLAS DURAÐONA',	'6661'),
(1419,	'BLONDEAU',	'2805'),
(1420,	'ARROYO GALLITO',	'1649'),
(1421,	'BOCA CARABELAS',	'1649'),
(1422,	'BOCA DE LA CRUZ COLORADA',	'1649'),
(1423,	'ARROYO TOLEDITO',	'1647'),
(1424,	'ARROYO LA GLORIETA',	'1649'),
(1425,	'ARROYO FELICARA',	'1649'),
(1426,	'BOCA DEL ARROYO ESTUDIANTE',	'1649'),
(1427,	'ARROYO LEIVA',	'1649'),
(1428,	'ARROYO DENTUDO',	'1649'),
(1429,	'ARROYO CORREA',	'1649'),
(1430,	'ARBOLEDAS',	'6557'),
(1431,	'BOCA DEL TORO',	'1649'),
(1432,	'ARROYO PAJAL',	'1649'),
(1433,	'BARRIO DON ANTONIO',	'2914'),
(1434,	'BARRIO CONSTITUCION',	'7600'),
(1435,	'ARROYO LAS PIEDRAS',	'1649'),
(1436,	'BOCAYUBA',	'6348'),
(1437,	'ALDEA SAN ANDRES',	'8126'),
(1438,	'ARROYO CHANACILIO',	'1649'),
(1439,	'BARRIENTOS',	'7247'),
(1440,	'BARRIO DOCTOR RICARDO GUTIERREZ',	'1611'),
(1441,	'BARRIO CORTEZ',	'1888'),
(1442,	'BOLIVAR',	'6550'),
(1443,	'BARRIO CORTIJO NUEVO',	'1663'),
(1444,	'ADROGU╔',	'1846'),
(1445,	'ARRECIFES',	'2740'),
(1446,	'ARROYO REMANCITO (CARABELAS)',	'1649'),
(1447,	'ARROYO EL NEGRO',	'1649'),
(1448,	'BONIFICIO',	'6439'),
(1449,	'BONNEMENT (APEADERO FCGR)',	'7223'),
(1450,	'ARROYO REMANCITO (MENDEZ GRANDE)',	'1649'),
(1451,	'ARRIBEÐOS',	'6007'),
(1452,	'ARANO',	'6443'),
(1453,	'BARRIO DEVOTO',	'1615'),
(1454,	'ARROYO LAS ROSAS (COMPANA-PDO. CAMPANA)',	'2805'),
(1455,	'ARROYO CRUZ COLORADA',	'1649'),
(1456,	'ALAMOS',	'6437'),
(1457,	'BARRIO DESTILERIA',	'2900'),
(1458,	'ARROYO FRANCISCO',	'1649'),
(1459,	'BORDENAVE',	'8187'),
(1460,	'BORDEU',	'8000'),
(1461,	'BARRIO DE LA MERCED',	'1708'),
(1462,	'BALNEARIO OCEANO',	'7511'),
(1463,	'BARRIO DEL PLATA',	'1806'),
(1464,	'BORGES',	'1636'),
(1465,	'ARROYO NEGRO (ZARATE-PDO. ZARATE)',	'2800'),
(1466,	'BOSCHI',	'7620'),
(1467,	'ARROYO BOCA FALSA',	'1649'),
(1468,	'BOSQUES',	'1889'),
(1469,	'BARRIO DE SUBOFICIALES SARGENTO CABRAL (APEADERO F',	'1659'),
(1470,	'AVESTRUZ',	'8183'),
(1471,	'LA VERDE (PDO. MERCEDES)',	'6601'),
(1472,	'LA CATALINA',	'8136'),
(1473,	'LA LOMA (GONZALEZ CATAN-PDO.LA MATANZA)',	'1759'),
(1474,	'KILOMETRO 88 (APEADERO FCGR.,URIBELARREA, PDO.LOBO',	'1815'),
(1475,	'LA LOMA (DEL VISO-PDO.GRAL. SARMIENTO)',	'1669'),
(1476,	'JUAN ATUCHA',	'7245'),
(1477,	'LA VICTORIA (DESVIO)',	'6627'),
(1478,	'KILOMETRO 128 (APEADERO FCGB.)',	'7221'),
(1479,	'LA ESPERANZA (NAPALEOFU-PDO.BALCARCE)',	'7007'),
(1480,	'LA TIGRA',	'7500'),
(1481,	'KILOMETRO 88 (DESVIO PARTICULAR FCGM.CAMPANA, PDO.',	'2804'),
(1482,	'LA COTORRA',	'6461'),
(1483,	'JOSE VERGE',	'1896'),
(1484,	'LA ESPERANZA (ROSAS-PDO.LAS FLORES)',	'7205'),
(1485,	'KILOMETRO 184 (APEADERO FCGM.)',	'2946'),
(1486,	'LAS CANALETAS',	'2930'),
(1487,	'LA MARGARITA (SALADILLO-PDO.SALADILLO)',	'7260'),
(1488,	'LA MARGARITA (LA CARRETA-PDO.TRENQUE LAUQUEN)',	'6471'),
(1489,	'LA VICTORIA (MAR DE AJO-PDO.DE LA COSTA)',	'7109'),
(1490,	'LA VICTORIA (PDO. PILA)',	'7225'),
(1491,	'LA CENTRAL',	'6725'),
(1492,	'LA VERDE (GRAL. BELGRANO-PDO.GRAL. BELGRANO)',	'7223'),
(1493,	'LA MARGARITA (EL SOCORRO-PDO.PERGAMINO)',	'2715'),
(1494,	'LA ESPERANZA (GRAL. MADARIAGA-PDO.GRAL. J. MADARIA',	'7163'),
(1495,	'KILOMETRO 172',	'2935'),
(1496,	'LA BAROUITA',	'1649'),
(1497,	'LA ESPERANZA (GRAL. BELGRANO-PDO.GRAL. BELGRANO)',	'7223'),
(1498,	'LA SORTIJA',	'7500'),
(1499,	'JOAQUIN GORINA',	'1896'),
(1500,	'LA CAUTIVA',	'6403'),
(1501,	'JOSE SANTOS AREVALO',	'7243'),
(1502,	'JOSE R. SOJO',	'7260'),
(1503,	'LA MARIA',	'6640'),
(1504,	'JOHN F. KENNEDY',	'1886'),
(1505,	'LA TOBIANA',	'7174'),
(1506,	'LA LIMPIA (PDO. BRAGADO)',	'6645'),
(1507,	'LA SOFIA',	'6535'),
(1508,	'LA SOBERANA',	'8154'),
(1509,	'LA BEBA',	'6003'),
(1510,	'JOSE C. PAZ ESTAFETA NO.2',	'1665'),
(1511,	'JOSE MARMOL',	'1846'),
(1512,	'JOSE MARIA MICHEO',	'7263'),
(1513,	'JOSE C. PAZ ESTAFETA NO.3',	'1665'),
(1514,	'JOSE C. PAZ ESTAFETA NO.4',	'1665'),
(1515,	'LAS BRUSCAS',	'7130'),
(1516,	'LA COSTA',	'1872'),
(1517,	'JOSE C. PAZ ESTAFETA NO.14',	'1665'),
(1518,	'KILOMETRO 146 (APEADERO FCGR.)',	'7226'),
(1519,	'LA SOMBRA',	'8136'),
(1520,	'JOSE C. PAZ',	'1665'),
(1521,	'LA VIOLETA',	'2751'),
(1522,	'LAS CHACRAS (MELCHOR ROMERO-PDO.LA PLATA)',	'1903'),
(1523,	'LA CELINA',	'8136'),
(1524,	'LAS CHACRAS (PDO. LOBOS)',	'7241'),
(1525,	'KILOMETRO 158 (APEADERO FCGR.)',	'7135'),
(1526,	'JOSE C. PAZ ESTAFETA NO.1',	'1665'),
(1527,	'JOSE C. PAZ ESTAFETA NO.13',	'1665'),
(1528,	'JOSE C. PAZ ESTAFETA NO.12',	'1665'),
(1529,	'JOSE A. GUISASOLA',	'8156'),
(1530,	'JOSE B. CASAS',	'8506'),
(1531,	'LA BARRANCOSA',	'7260'),
(1532,	'JORGE NEWBERY (PARADA FCGU)',	'1686'),
(1533,	'LA LIMPIA (CHASCOMUS-PDO.CHASCOMUS)',	'7130'),
(1534,	'JOSE MARTI',	'1607'),
(1535,	'LAS CHILCAS (CNEL. VIDAL-PDO.MAR CHIQUITA)',	'7174'),
(1536,	'LAS CHILCAS (PILA-PDO.PILA)',	'7116'),
(1537,	'KILOMETRO 92 (APEADERO FCGR)',	'1911'),
(1538,	'LA SIRENA',	'8150'),
(1539,	'JOSE HERNANDEZ',	'1903'),
(1540,	'JOSE MARIA BOSCH',	'1682'),
(1541,	'JOSE MARIA BLANCO',	'6409'),
(1542,	'JOSE FERRARI',	'1905'),
(1543,	'JOSE C. PAZ ESTAFETA NO.5',	'1665'),
(1544,	'JOSE C. PAZ ESTAFETA NO.9',	'1665'),
(1545,	'JOSE C. PAZ ESTAFETA NO.6',	'1665'),
(1546,	'KILOMETRO 9 SUD (APEADERO FCGR.)',	'8010'),
(1547,	'JOSE LEON SUAREZ',	'1655'),
(1548,	'KILOMETRO 90 (APEADERO FCGB)',	'6605'),
(1549,	'JOSE INGENIEROS (ESTACION FCGB. QUERANDI, PDO.LA M',	'1778'),
(1550,	'JOSE INGENIEROS (PDO. 3 DE FEBRERO)',	'1702'),
(1551,	'JUAN JOSE PASO',	'6474'),
(1552,	'LA BLANQUEADA',	'7243'),
(1553,	'LA AURORA (NICOLAS DESCALZI-PDO.CNEL. DORREGO)',	'8151'),
(1554,	'LA VIRGINIA',	'8115'),
(1555,	'KILOMETRO 27',	'1888'),
(1556,	'LA LONJA',	'1669'),
(1557,	'LA SAUDADE',	'8174'),
(1558,	'LA ESTRELLA (TRUJUI-PDO.GRAL. SARMIENTO)',	'1663'),
(1559,	'LA AURORA (IRAOLA-PDO.TANDIL)',	'7009'),
(1560,	'LAS CORTADERAS',	'7300'),
(1561,	'LA ESTRELLA (SLERRAS BAYAS-PDO.OLAVARRIA)',	'7403'),
(1562,	'LA AURORA (LA NIÐA-PDO.9 DE JULIO)',	'6513'),
(1563,	'LA SARITA',	'2751'),
(1564,	'LA COLORADA (AZUL-PDO.AZUL)',	'7300'),
(1565,	'LA SARA (SUIPACHA-PDO.SUIPACHA)',	'6612'),
(1566,	'LA SARA (RAMOS OTERO-PDO.BALCARCE)',	'7621'),
(1567,	'LA VITICOLA',	'8122'),
(1568,	'LA MARTINA',	'8109'),
(1569,	'KILOMETRO 282 (APEADERO FCDFS.)',	'6017'),
(1570,	'KILOMETRO 26',	'1611'),
(1571,	'LA YESCA',	'6513'),
(1572,	'LA COLORADA CHICA',	'8126'),
(1573,	'LA LARGA',	'6555'),
(1574,	'LA ESTRELLA (DOLORES-PDO.DOLORES)',	'7100'),
(1575,	'LAS CUATRO HERMANAS',	'6437'),
(1576,	'LAS CUATRO PUERTAS',	'2741'),
(1577,	'JUAN JOSE ALMEYRA',	'6603'),
(1578,	'LA MASCOTA (SANTO DOMINGO-PDO.GRAL. LAVALLE)',	'7119'),
(1579,	'LA MASCOTA (PDO. VILLARINO)',	'8132'),
(1580,	'LA SALADA',	'1774'),
(1581,	'LA AZOTEA GRANDE',	'7130'),
(1582,	'LA AZOTEA',	'7007'),
(1583,	'JUAN G. PUJOL',	'2909'),
(1584,	'LA ZANJA',	'6400'),
(1585,	'JUAN E. BARRA',	'7517'),
(1586,	'LA TOMASA',	'7403'),
(1587,	'JUAN F. IBARRA',	'6551'),
(1588,	'JARILLA',	'8508'),
(1589,	'LA CARRETA',	'6471'),
(1590,	'JAUREGUI',	'6706'),
(1591,	'LAS BAHAMAS',	'2916'),
(1592,	'LA MATILDE',	'2931'),
(1593,	'LA ROSALIA',	'8187'),
(1594,	'JUAN COUSTE',	'7136'),
(1595,	'LA BALLENERA',	'7603'),
(1596,	'KILOMETRO 234',	'6503'),
(1597,	'LA LOMA (LUJAN-PDO.LUJAN)',	'6700'),
(1598,	'LA LATA (APEADERO FCGU)',	'2812'),
(1599,	'LA ROSADA',	'2812'),
(1600,	'JUAN BAUTISTA ALBERDI ESTAFETA NO.1',	'6034'),
(1601,	'LA BLANCA',	'8136'),
(1602,	'JUAN BAUTISTA DE LA SALLE (PARADA FCGU)',	'1686'),
(1603,	'LA LARGA NUEVA',	'7116'),
(1604,	'LA CONSTANCIA',	'7153'),
(1605,	'LA ROSA',	'1755'),
(1606,	'JUAN BLAQUIER',	'7267'),
(1607,	'LA ZARATEÐA',	'6077'),
(1608,	'JUAN B. JUSTO (ESTACION FCGM. FLORIDA, PDO. V. LOP',	'1602'),
(1609,	'KILOMETRO 88 (APEADERO FCGB. GDOR. UDAONDO, PDO. C',	'7221'),
(1610,	'KILOMETRO 95 (DESVIO EL CHINGOLO, PDO. GRAL. ARENA',	'6031'),
(1611,	'LA RICA',	'6623'),
(1612,	'LA RINCONADA',	'7245'),
(1613,	'KILOMETRO 82 (APEADERO FCGR., CNEL. BRANDSEN, PDO.',	'1980'),
(1614,	'LAS ESCOBAS',	'8132'),
(1615,	'KILOMETRO 82 (APEADERO FCGR., POBLET, PDO.LA PLATA',	'1905'),
(1616,	'LAS ARMAS',	'7172'),
(1617,	'KILOMETRO 83',	'6605'),
(1618,	'JUAN A. DE LA PEÐA',	'2717'),
(1619,	'JEPPENER',	'1986'),
(1620,	'LAS FLORES',	'7200'),
(1621,	'KILOMETRO 95 (EMBARCADERO FCGR., ALTAMIRANO, PDO.G',	'1986'),
(1622,	'LA COPETA',	'7545'),
(1623,	'LA AZUCENA',	'7005'),
(1624,	'JUAN A. PRADERE',	'8142'),
(1625,	'LABARDEN',	'7161'),
(1626,	'JUAN BAUTISTA ALBERDI',	'6034'),
(1627,	'LA TORRECITA',	'6553'),
(1628,	'LA CORA',	'2700'),
(1629,	'LA RESERVA',	'7536'),
(1630,	'LA MERCED',	'8105'),
(1631,	'LAFERRERE',	'1757'),
(1632,	'LA EMILIA',	'2901'),
(1633,	'KILOMETRO 30',	'1612'),
(1634,	'LA LUCIA',	'7603'),
(1635,	'KILOMETRO 79 (APEADERO FCGB.)',	'1741'),
(1636,	'LA LUCILA',	'1636'),
(1637,	'LA EVA',	'8136'),
(1638,	'LA BOLSA',	'2933'),
(1639,	'LA FABRICA',	'1888'),
(1640,	'LA REFORMA CHASCOMUS',	'7130'),
(1641,	'ITUZAINGO ESTAFETA NO.1',	'1714'),
(1642,	'JUAN N. FERNANDEZ',	'7011'),
(1643,	'ITUZAINGO ESTAFETA NO.2',	'1714'),
(1644,	'LA CARLOTA',	'6628'),
(1645,	'ITUZAINGO ESTAFETA NO.3',	'1714'),
(1646,	'LA REFORMA (PDO. ROQUE PEREZ)',	'7245'),
(1647,	'KILOMETRO 77 (LA CHOZA, PDO. GRAL. LAS HERAS)',	'1737'),
(1648,	'LAS GUASOUITAS',	'6400'),
(1649,	'JUAN MARIA GUTIERREZ',	'1890'),
(1650,	'LAS HERAS',	'1741'),
(1651,	'LA REJA',	'1744'),
(1652,	'ITUZAINGO ESTAFETA NO.7',	'1714'),
(1653,	'KILOMETRO 31 (APEADERO FCGM.)',	'1617'),
(1654,	'LAS HERMANAS',	'7414'),
(1655,	'ITUZAINGO ESTAFETA NO.5',	'1714'),
(1656,	'ITUZAINGO ESTAFETA NO.4',	'1714'),
(1657,	'KILOMETRO 34 (ING. PABLO NOGUES, PDO.GRAL.SARMIENT',	'1613'),
(1658,	'JUAN VUCETICH (APEADERO FCGU)',	'6663'),
(1659,	'LA REFORMA (CMTE. NICANOR OTAMENDI-PDO.GRAL. ALVAR',	'7603'),
(1660,	'LA JOSEFA',	'1901'),
(1661,	'KILOMETRO 352 (APEADERO FCDFS.)',	'6075'),
(1662,	'KILOMETRO 356 (APEADERO FCDFS.)',	'6075'),
(1663,	'LA MOSCA',	'1870'),
(1664,	'LA LUCILA DEL MAR',	'7113'),
(1665,	'KILOMETRO 36 (EMBARCADERO FCGB., EL ROCIO, PDO.F.V',	'1889'),
(1666,	'KILOMETRO 36 (EMBARCADERO FCGM., ROJAS, PDO. ROJAS',	'2705'),
(1667,	'JUAN V. CILLEY',	'6430'),
(1668,	'JUAN VELA',	'6663'),
(1669,	'KILOMETRO 34 (APEADERO FCDFS., SANTA MARTA, PDO.L.',	'1832'),
(1670,	'JUAN TRONCONI',	'7247'),
(1671,	'LAS ISLETAS',	'8148'),
(1672,	'LA ARGENTINA',	'1865'),
(1673,	'KILOMETRO 77 (APEADERO FCGB) (LOMA VERDE, PDO. GRA',	'1981'),
(1674,	'LA RAZON',	'7260'),
(1675,	'LA NACION',	'2707'),
(1676,	'LA FELICIANA',	'7503'),
(1677,	'LAS JUANITAS',	'6476'),
(1678,	'KILOMETRO 321 (APEADERO FCDFS.)',	'6070'),
(1679,	'ITURREGUI',	'6557'),
(1680,	'ITUZAINGO',	'1714'),
(1681,	'LA ARMONIA',	'6555'),
(1682,	'KILOMETRO 322 (APEADERO FCDFS.)',	'6533'),
(1683,	'LA NIÐA',	'6513'),
(1684,	'LA NORIA',	'1814'),
(1685,	'LA QUERENCIA',	'2912'),
(1686,	'LA COLMENA',	'7603'),
(1687,	'KILOMETRO 393 (APEADERO FCDFS.)',	'6467'),
(1688,	'ISLAS',	'6667'),
(1689,	'KILOMETRO 70 (APEADERO FCGB.)',	'1981'),
(1690,	'LA NELIDA',	'2740'),
(1691,	'JUAREZ',	'7020'),
(1692,	'LA LUISA',	'2752'),
(1693,	'KILOMETRO 386 (APEADERO FCDFS.)',	'6457'),
(1694,	'LA BUENA MOZA',	'2930'),
(1695,	'LA NEVADA',	'7545'),
(1696,	'KILOMETRO 38 (PDO. GRAL. SARMIENTO)',	'1615'),
(1697,	'KILOMETRO 116 (APEADERO FCGR.)',	'6605'),
(1698,	'LA TRINIDAD',	'6003'),
(1699,	'LARTIGAU',	'7531'),
(1700,	'LA DELFINA',	'6017'),
(1701,	'LA RABIA',	'6667'),
(1702,	'LA NEGRA',	'7005'),
(1703,	'LA NARCISA',	'7403'),
(1704,	'LA FLORIDA',	'8185'),
(1705,	'KRABBE',	'7530'),
(1706,	'LAGUNA ALSINA',	'6439'),
(1707,	'LAS LOMAS',	'7603'),
(1708,	'KILOMETRO 38 (APEADERO FCGB.,MARIANO ACOSTA, PDO.M',	'1723'),
(1709,	'LA DELIA',	'2740'),
(1710,	'LA LUNA',	'8150'),
(1711,	'LA NUEVA HERMOSURA',	'1907'),
(1712,	'ISONDU',	'7163'),
(1713,	'JUANCHO',	'7169'),
(1714,	'KILOMETRO 117 (APEADERO FCGB.)',	'6603'),
(1715,	'LA ELMA',	'7603'),
(1716,	'LA DESPIERTA',	'7116'),
(1717,	'KILOMETRO 36 (GRAND BOURG, PDO. GRAL. SARMIENTO)',	'1615'),
(1718,	'LARREA',	'6634'),
(1719,	'LA AMISTAD',	'7130'),
(1720,	'LA VANGUARDIA',	'2715'),
(1721,	'LA PROTEGIDA (ESPIGAS-PDO.OLAVARRIA)',	'6561'),
(1722,	'LA PROVIDENCIA',	'7403'),
(1723,	'LA PROTEGIDA (PDO. AZUL)',	'7311'),
(1724,	'LA VALEROSA (ESTACION FCGB)',	'6601'),
(1725,	'LA PALA',	'6341'),
(1726,	'JULIO ARDITI',	'1913'),
(1727,	'LAS MALVINAS (PARADA FCDFS)',	'1748'),
(1728,	'LARRAMENDY',	'6451'),
(1729,	'LA INVENCIBLE',	'2745'),
(1730,	'LA PROTECCION',	'7112'),
(1731,	'ISLA SANTIAGO',	'1929'),
(1732,	'LAS MARIANAS',	'6607'),
(1733,	'LAS MARTINETAS',	'7406'),
(1734,	'ISLA PAULINO',	'1929'),
(1735,	'LA CALABRIA',	'1755'),
(1736,	'LA ANGELITA',	'6003'),
(1737,	'ISLA PEÐA',	'8504'),
(1738,	'LA AMORILLA',	'7119'),
(1739,	'ISLA SAN MARTIN',	'8504'),
(1740,	'LA COLINA',	'7408'),
(1741,	'LA ORIENTAL',	'6022'),
(1742,	'LA AMALIA',	'7130'),
(1743,	'ISLA VERDE',	'8146'),
(1744,	'LAPRIDA',	'7414'),
(1745,	'LAPLACETTE',	'6013'),
(1746,	'KILOMETRO 697 (APEADERO FCGR.)',	'8144'),
(1747,	'KILOMETRO 404',	'7005'),
(1748,	'KILOMETRO 40 (TORTUGUITAS, PDO. PILAR)',	'1667'),
(1749,	'LAGUNA CHASICO',	'8134'),
(1750,	'LA NUMANCIA',	'7000'),
(1751,	'LA NUTRIA',	'7313'),
(1752,	'LA INDIA',	'7114'),
(1753,	'KILOMETRO 40 (APEADERO FCGB, FLORENCIO VARELA)',	'1888'),
(1754,	'LA PAMPA',	'7263'),
(1755,	'KILOMETRO 440',	'7635'),
(1756,	'KILOMETRO 45 (APEADERO FCGB., MARCOS PAZ, PDO. MAR',	'1727'),
(1757,	'LAGUNA DE GOMEZ',	'6001'),
(1758,	'KILOMETRO 45 (APEADERO FCGU., PTE. DERQUI, PDO. PI',	'1635'),
(1759,	'LAGUNA DE BORCHES',	'1649'),
(1760,	'KILOMETRO 44 (APEADERO FCGB.)',	'1980'),
(1761,	'KILOMETRO 433',	'7313'),
(1762,	'LA PRIMAVERA (ALVAREZ JONTE-PDO.MAGDALENA)',	'1921'),
(1763,	'KILOMETRO 666 (APEADERO FCGR.)',	'8105'),
(1764,	'LA MANUELA',	'6439'),
(1765,	'KILOMETRO 44 (PARADA FCGR.)',	'1980'),
(1766,	'LA MADRECITA',	'7603'),
(1767,	'LAS MOSTAZAS',	'7530'),
(1768,	'LAS MULAS',	'7130'),
(1769,	'LAGUNA DE LA BARCA',	'1649'),
(1770,	'ISLA MARTIN GARCIA',	'1601'),
(1771,	'LAS NEGRAS',	'6507'),
(1772,	'LA ALAMEDA',	'7130'),
(1773,	'LAS NIEVES',	'7316'),
(1774,	'LA FRATERNIDAD',	'1748'),
(1775,	'LAS NUTRIAS',	'7623'),
(1776,	'ISLA MACIEL',	'1871'),
(1777,	'ISLA LOS LAURELES',	'2931'),
(1778,	'LAS OSCURAS',	'8115'),
(1779,	'LAGUNA DE LOBOS',	'7240'),
(1780,	'LA PRADERA',	'6453'),
(1781,	'KILOMETRO 112 (APEADERO FCGR.)',	'7240'),
(1782,	'LANUS',	'1824'),
(1783,	'LA PALMA',	'7007'),
(1784,	'LAGUNA DE LOS PADRES',	'7601'),
(1785,	'LA ALCIRA',	'7116'),
(1786,	'LA PRIMITIVA',	'7630'),
(1787,	'JUNIN',	'6000'),
(1788,	'KILOMETRO 46 (PARADA FCGB.)',	'1881'),
(1789,	'LAS PALMAS (ESTACION FCGM)',	'2806'),
(1790,	'JUNIN ESTAFETA NO.2',	'6000'),
(1791,	'JUNIN ESTAFETA NO.1',	'6000'),
(1792,	'LA PRIMAVERA (PDO. CNEL. SUAREZ)',	'7543'),
(1793,	'LA FORTUNA',	'1865'),
(1794,	'KILOMETRO 66 (APEDADERO FCGR.)',	'1903'),
(1795,	'JUNIN ESTAFETA NO.3',	'6000'),
(1796,	'JUNIN ESTAFETA NO.6',	'6000'),
(1797,	'JUNIN ESTAFETA NO.5',	'6000'),
(1798,	'JUNIN ESTAFETA NO.4',	'6000'),
(1799,	'JUNIN ESTAFETA NO.7',	'6000'),
(1800,	'LA PALMIRA',	'7403'),
(1801,	'JUNIN SUCURSAL NO.1',	'6000'),
(1802,	'JUSTO VILLEGAS (PARADA FCGB.)',	'1778'),
(1803,	'LAGUNA DEL CURA',	'6501'),
(1804,	'LAGUNA DEL MONTE',	'6435'),
(1805,	'LA PASTORA (PDO. TANDIL)',	'7001'),
(1806,	'KILOMETRO 652 (APEADERO FCGR.)',	'8109'),
(1807,	'LANGUEYU',	'7151'),
(1808,	'JUNIN SUCURSAL NO.2',	'6000'),
(1809,	'KILOMETRO 11 (APEADERO FCGR.)',	'8010'),
(1810,	'LA PORTEÐA (MORENO - PDO.MORENO)',	'1744'),
(1811,	'LA PORTEÐA (EL TRIGO-PDO.LAS FLORES)',	'7207'),
(1812,	'LA DORMILONA',	'6628'),
(1813,	'LA HUAYQUERIA',	'6005'),
(1814,	'LAGUNA DEL SOLDADO',	'7600'),
(1815,	'KENNY',	'2745'),
(1816,	'LA MANTEQUERIA',	'7300'),
(1817,	'LA HORQUETA (TRES ARROYOS-PDO.TRES ARROYOS)',	'7500'),
(1818,	'LA POSTA',	'7112'),
(1819,	'LAS PARVAS',	'6022'),
(1820,	'LA PORTEÐA (PDO. TRENQUE LAUQUEN)',	'6407'),
(1821,	'LAGUNA LAGUNITA',	'1649'),
(1822,	'KILOMETRO 5 (ESTACION FCGR.)',	'1870'),
(1823,	'ISLA CATARELLI',	'8111'),
(1824,	'LA HORQUETA (PDO. CHASCOMUS)',	'7130'),
(1825,	'LA DULCE',	'7637'),
(1826,	'LA PORTEÐA (PDO. LOBOS)',	'7241'),
(1827,	'LA HORQUETA (PDO. CAMPANA)',	'2805'),
(1828,	'KILOMETRO 61 (APEADERO FCGB.)',	'1629'),
(1829,	'LA GARITA',	'1814'),
(1830,	'LA PERLA',	'6550'),
(1831,	'LA PEREGRINA',	'7601'),
(1832,	'ISIDRO CASANOVA ESTAFETA NO.3',	'1765'),
(1833,	'LA CHUMBEADA (PDO. GRAL. BELGRANO)',	'7223'),
(1834,	'ISIDRO CASANOVA ESTAFETA NO.2',	'1765'),
(1835,	'ISIDRO CASANOVA',	'1765'),
(1836,	'KILOMETRO 54 (APEADERO FCGR.)',	'1931'),
(1837,	'KILOMETRO 108',	'6723'),
(1838,	'LA PAZ CHICA',	'7247'),
(1839,	'LA GRACIELITA',	'1623'),
(1840,	'LA GLORIA',	'6665'),
(1841,	'KILOMETRO 55 (APEADERO FCGB.)',	'1981'),
(1842,	'LAGUNA LAS MULITAS',	'6660'),
(1843,	'LA PERLITA',	'1744'),
(1844,	'LAS PIEDRITAS (MECHONGUE-PDO.GRAL. ALVARADO)',	'7605'),
(1845,	'LAS PIEDRITAS (OLAVARRIA-PDO.OLAVARRIA)',	'7400'),
(1846,	'LA DORITA',	'6538'),
(1847,	'LAS PIPINAS',	'1921'),
(1848,	'LA GLEVA',	'8134'),
(1849,	'LAGUNA MEDINA',	'7214'),
(1850,	'LA PLAYA',	'7631'),
(1851,	'LA PLATA',	'1900'),
(1852,	'LA PASTORA (TRES ARROYOS-PDO.T. ARROYOS)',	'7500'),
(1853,	'KILOMETRO 563',	'8151'),
(1854,	'ISIDRO CASANOVA ESTAFETA NO.5',	'1765'),
(1855,	'KILOMETRO 53 (PARADA FCGB.)',	'1727'),
(1856,	'KILOMETRO 103 (APEADERO FCGR)',	'1915'),
(1857,	'LA GREGORIA',	'6437'),
(1858,	'LA CALIFORNIA ARGENTINA',	'6616'),
(1859,	'ISIDRO CASANOVA ESTAFETA NO.4',	'1765'),
(1860,	'ISIDRO CASANOVA ESTAFETA NO.6',	'1765'),
(1861,	'KILOMETRO 58 (APEADERO FCGB.)',	'1981'),
(1862,	'KILOMETRO 59 (APEADERO FCGR.)',	'1814'),
(1863,	'KILOMETRO 52,350 (APEADERO FCGSM.)',	'1629'),
(1864,	'LA CHUMBEADA (AZUL-PDO.AZUL)',	'7316'),
(1865,	'LA POCHOLA',	'8124'),
(1866,	'LAS QUINTAS (PDO. LA PLATA)',	'1901'),
(1867,	'LAS QUINTAS (VILLA DOMINICO-PDO.AVELLANEDA)',	'1874'),
(1868,	'LA PAZ',	'7245'),
(1869,	'LA CHOZA',	'1737'),
(1870,	'LA CALETA',	'7609'),
(1871,	'LA ADELAIDA',	'7243'),
(1872,	'LA PIEDRA',	'7116'),
(1873,	'LA GRANJA',	'1901'),
(1874,	'LAGUNA REDONDA',	'6400'),
(1875,	'LA HERMINIA',	'6437'),
(1876,	'KILOMETRO 102',	'2763'),
(1877,	'LA PINTA',	'6007'),
(1878,	'DORBIGNY',	'7541'),
(1879,	'ESCALADA',	'2801'),
(1880,	'GENERAL ARENALES',	'6005'),
(1881,	'GUADALUPE',	'1613'),
(1882,	'FORTIN NECOCHEA',	'7406'),
(1883,	'GENERAL ARENALES ESTAFETA NO.1',	'6005'),
(1884,	'FORTIN MERCEDES',	'8148'),
(1885,	'FORTIN IRENE',	'7316'),
(1886,	'FORTIN LAVALLE',	'7404'),
(1887,	'FORTIN PAUNERO',	'6417'),
(1888,	'EDMUNDO B. PERKINS (ESTACION FCGSM)',	'6030'),
(1889,	'ERRAMOUSPE',	'1808'),
(1890,	'FORTIN OLAVARRIA',	'6403'),
(1891,	'EDUARDO COSTA',	'6064'),
(1892,	'EGAÐA',	'7013'),
(1893,	'DUSSAUD',	'6050'),
(1894,	'ERNESTINA',	'6665'),
(1895,	'ERIZE',	'8181'),
(1896,	'GUAMINI',	'6435'),
(1897,	'EMPALME SAN VICENTE',	'1864'),
(1898,	'EREZCANO',	'2903'),
(1899,	'FORTIN VIEJO',	'8148'),
(1900,	'GUANACO',	'6476'),
(1901,	'DUGGAN',	'2764'),
(1902,	'DUHAU',	'6405'),
(1903,	'FORTIN VIGILANCIA',	'6073'),
(1904,	'EL MIRADOR',	'7305'),
(1905,	'EPUMER',	'6443'),
(1906,	'GENERAL BELGRANO',	'7223'),
(1907,	'EL TALAR',	'1617'),
(1908,	'FORTIN TIBURCIO',	'6001'),
(1909,	'DUFAUR',	'8164'),
(1910,	'GRUNBEIN',	'8101'),
(1911,	'GRISOLIA',	'6627'),
(1912,	'FRANCISCO ALVAREZ ESTAFETA NO.1',	'1746'),
(1913,	'FRANCISCO ALVAREZ',	'1746'),
(1914,	'ENSENADA ESTAFETA NO.1',	'1925'),
(1915,	'GREGORIO VILLAFAÐE',	'6740'),
(1916,	'DURAÐONA',	'7401'),
(1917,	'EL CARRETERO',	'7500'),
(1918,	'FRANCISCO MAGNANO',	'6475'),
(1919,	'FRANCISCO MADERO',	'6472'),
(1920,	'EL SOCORRO',	'7215'),
(1921,	'GUARDIA DEL MONTE',	'7220'),
(1922,	'EL PARQUE',	'6341'),
(1923,	'EL CRISTIANO',	'7503'),
(1924,	'ENRIQUE LAVALLE',	'6467'),
(1925,	'EL MARTILLO',	'7600'),
(1926,	'DOS NACIONES',	'7007'),
(1927,	'GENERAL CERRI',	'8105'),
(1928,	'FRANCISCO J. MEEKS',	'7301'),
(1929,	'FRANCISCO DE VITORIA',	'6403'),
(1930,	'EL CRUCE',	'1665'),
(1931,	'EL CARPINCHO',	'6537'),
(1932,	'ENSENADA',	'1925'),
(1933,	'FRANCISCO ALVAREZ ESTAFETA NO.4',	'1746'),
(1934,	'FRANCISCO ALVAREZ ESTAFETA NO.3',	'1746'),
(1935,	'FRANCISCO A. BERRA',	'7221'),
(1936,	'FRANCISCO AYERZA',	'2700'),
(1937,	'EL PARCHE',	'7263'),
(1938,	'EL PARAISO (PDO. RAMALLO)',	'2916'),
(1939,	'GENERAL CONESA',	'7101'),
(1940,	'EL PARAISO (TTE. ORIGONE, PDO. VILLARINO)',	'8144'),
(1941,	'FRANCISCO CASAL',	'1808'),
(1942,	'EL SOL',	'1613'),
(1943,	'DOS HERMANOS',	'6042'),
(1944,	'DOS HERMANOS',	'3358'),
(1945,	'DRABBLE',	'6230'),
(1946,	'FRANCISCO MURATURE',	'6341'),
(1947,	'DRYSDALE',	'6455'),
(1948,	'DOYLE',	'2935'),
(1949,	'ENRIQUE FYNN',	'1741'),
(1950,	'GRAND DOCK',	'1925'),
(1951,	'GRAND BOURG ESTAFETA NO.4',	'1615'),
(1952,	'FRANKLIN',	'6614'),
(1953,	'DUCOS',	'8170'),
(1954,	'GUAZU Y MANZANO',	'1649'),
(1955,	'GUAZU Y NARANJO',	'1649'),
(1956,	'EMPORIO STROEDER',	'8508'),
(1957,	'GUERNICA',	'1862'),
(1958,	'GUERNICA ESTAFETA NO.1',	'1862'),
(1959,	'DUDIGNAC',	'6505'),
(1960,	'GUERRERO',	'7116'),
(1961,	'ENRIQUE BELL',	'1896'),
(1962,	'EL SOLDADO',	'7600'),
(1963,	'GUERRICO',	'2717'),
(1964,	'GRAND BOURG ESTAFETA NO.3',	'1615'),
(1965,	'GUIDO SPANO',	'2707'),
(1966,	'GUILLERMO E. HUDSON',	'1885'),
(1967,	'EL CARMEN DE LANGUEYU',	'7203'),
(1968,	'EL CORRENTOSO',	'1649'),
(1969,	'FRENCH',	'6516'),
(1970,	'GUNTHER',	'6053'),
(1971,	'ENCINA',	'6077'),
(1972,	'GRAND BOURG ESTAFETA NO.2',	'1615'),
(1973,	'GUTIERREZ',	'7163'),
(1974,	'GUZMAN',	'7205'),
(1975,	'GRAND BOURG ESTAFETA NO.1',	'1615'),
(1976,	'FRIGORIFICO LAS PALMAS',	'2806'),
(1977,	'FRIGORIFICO ARMOUR',	'1923'),
(1978,	'GRAND BOURG',	'1615'),
(1979,	'HAEDO',	'1706'),
(1980,	'GENERAL DANIEL CERRI',	'8105'),
(1981,	'HALCEY',	'6064'),
(1982,	'HALE',	'6511'),
(1983,	'HAM',	'6005'),
(1984,	'ENERGIA',	'7641'),
(1985,	'HARAS ARGENTINA',	'1808'),
(1986,	'HARAS CHACABUCO',	'7223'),
(1987,	'HARAS CHAPADMALAL',	'7605'),
(1988,	'HARAS EL 14',	'6050'),
(1989,	'HARAS EL CARMEN',	'6627'),
(1990,	'HARAS EL CENTINELA',	'2701'),
(1991,	'HARAS EL CISNE',	'7020'),
(1992,	'HARAS EL MORO',	'7631'),
(1993,	'HARAS EL OMBU',	'2916'),
(1994,	'HARAS EL PELADO',	'2720'),
(1995,	'HARAS EL SALASO',	'7245'),
(1996,	'HARAS LA ELVIRA',	'6612'),
(1997,	'EL CORTA PIE',	'8117'),
(1998,	'HARAS LA LULA',	'7011'),
(1999,	'EL SILENCIO',	'2752'),
(2000,	'HARAS LOS CARDALES',	'2752'),
(2001,	'FORTIN ACHA',	'6031'),
(2002,	'HARAS NACIONAL',	'7631'),
(2003,	'HARAS OJO DE AGUA',	'7620'),
(2004,	'EMPALME PIEDRA ECHADA (APEADERO FCGR)',	'8117'),
(2005,	'HARAS PRIMERO DE MAYO',	'7174'),
(2006,	'HARAS RATAPLAN',	'1984'),
(2007,	'HARAS R. DE LA PARVA',	'7263'),
(2008,	'EL MANGRULLO',	'7260'),
(2009,	'HARAS SAN IGNACIO',	'7136'),
(2010,	'HARAS SAN JACINTO',	'2705'),
(2011,	'EMPALME QUERANDIES',	'7401'),
(2012,	'HARAS TRUJUI',	'6075'),
(2013,	'ESCOBAR',	'1625'),
(2014,	'FORTIN CHACO',	'8160'),
(2015,	'EL SIASGO',	'7223'),
(2016,	'EJERCITO DE LOS ANDES (PARADA FCGU)',	'1686'),
(2017,	'HEAVY',	'6723'),
(2018,	'FORTABAT',	'7403'),
(2019,	'ESCUELA AGRICOLA SALESIANA',	'6509'),
(2020,	'HENDERSON',	'6465'),
(2021,	'HENRY BELL',	'6621'),
(2022,	'HEREFORD',	'6233'),
(2023,	'FONTEZUELA',	'2700'),
(2024,	'EL LUCHADOR',	'7313'),
(2025,	'ESCUELA AGRICOLA DON BOSCO',	'1815'),
(2026,	'EL TATU',	'2801'),
(2027,	'EL LUCERO',	'7513'),
(2028,	'ESCUELA AGRICOLA RURAL N. EZEIZA',	'7174'),
(2029,	'DON VICENTE',	'7116'),
(2030,	'DON TORCUATO',	'1611'),
(2031,	'GENERAL ALVEAR',	'7263'),
(2032,	'EMPALME MAGDALENA',	'1913'),
(2033,	'HERRERA VEGAS',	'6557'),
(2034,	'EMPALME LOBOS',	'7249'),
(2035,	'GENERAL GUIDO',	'7118'),
(2036,	'GRACIARENA (PDO. SALLIQUELO)',	'6335'),
(2037,	'ESCUELA AGRICOLA SALESIANA (C. G. UNZUE)',	'6003'),
(2038,	'FLORIDA ESTAFETA NO.1',	'1602'),
(2039,	'EL SESENTA',	'7100'),
(2040,	'EL TEJAR',	'6515'),
(2041,	'GRACIARENA (NICOLAS LEVALLE, PDO. VILLARINO)',	'8134'),
(2042,	'EL PROGRESO',	'1759'),
(2043,	'GENERAL HORNOS',	'1739'),
(2044,	'EL CARMEN (VIÐA-PDO. PERGAMINO)',	'2754'),
(2045,	'GOYENECHE',	'7220'),
(2046,	'ESCUELA AGRICOLA SANTO TOMAS DE AQUINO',	'1759'),
(2047,	'HILARIO ASCASUBI',	'8142'),
(2048,	'FLORIDA',	'1602'),
(2049,	'DOMSELAAR',	'1984'),
(2050,	'GENERAL ALVARADO',	'7607'),
(2051,	'HINOJALES',	'7163'),
(2052,	'GOYENA',	'8175'),
(2053,	'HINOJO',	'7318'),
(2054,	'HINOJO ESTAFETA NO. 1',	'7318'),
(2055,	'GENERAL LA MADRID',	'7406'),
(2056,	'ESCUELA NAVAL MILITAR RIO SANTIAGO',	'1927'),
(2057,	'GOWLAND',	'6608'),
(2058,	'FLORENCIO VARELA',	'1888'),
(2059,	'FLORENCIO VARELA',	'1888'),
(2060,	'ESPADAÐA',	'7163'),
(2061,	'GOUIN',	'6727'),
(2062,	'ESCUELA SUBOFICIALES SARGENTO CABRAL (APEADERO FCG',	'1659'),
(2063,	'FLORENCIO VARELA ESTAFETA NO.4',	'1888'),
(2064,	'FLORENCIO VARELA ESTAFETA NO.3',	'1888'),
(2065,	'ESCUELA PROFESIONAL GENERAL LEMOS',	'1659'),
(2066,	'FLORENCIO VARELA ESTAFETA NO.5',	'1888'),
(2067,	'FLORENCIO VARELA ESTAFETA NO.6',	'1888'),
(2068,	'FLORENCIO VARELA ESTAFETA NO.7',	'1888'),
(2069,	'DON CIPRIANO',	'7135'),
(2070,	'HOGAR MARIANO ORTIZ BASUALDO',	'7172'),
(2071,	'HOGAR RICARDO GUTIERREZ',	'1727'),
(2072,	'HOGG',	'1808'),
(2073,	'FLAMENCO',	'2763'),
(2074,	'ESPARTILLAR (GRAL. PAZ, PDO. GRAL. PAZ)',	'1987'),
(2075,	'GENERAL LAS HERAS',	'1741'),
(2076,	'ESPARTILLAR (PDO. SAAVEDRA)',	'8171'),
(2077,	'EL CARMEN (PDO. LA PLATA)',	'1907'),
(2078,	'EL DESCANSO',	'2935'),
(2079,	'DOMINGO FAUSTINO SARMIENTO',	'1706'),
(2080,	'GOROSTIAGA',	'6632'),
(2081,	'FUERTE ARGENTINO',	'8160'),
(2082,	'GOROSO',	'7163'),
(2083,	'GORNATTI',	'2717'),
(2084,	'GENERAL LAVALLE',	'7103'),
(2085,	'FUERTE BARRAGAN',	'1825'),
(2086,	'EL LENGUARAZ',	'7635'),
(2087,	'FIORITO',	'1822'),
(2088,	'GORCHS',	'7226'),
(2089,	'GENARO VALDEZ',	'7503'),
(2090,	'HORNOS',	'1739'),
(2091,	'EL PELIGRO',	'1894'),
(2092,	'HORNOS DEL SERRANO',	'1901'),
(2093,	'GOÐI',	'7163'),
(2094,	'HORTENSIA',	'6537'),
(2095,	'FUNKE (APEADERO FCGB)',	'7220'),
(2096,	'HOSPITAL NECOCHEA',	'7630'),
(2097,	'GENERAL MADARIAGA',	'7163'),
(2098,	'GENERAL MANSILLA',	'1911'),
(2099,	'HOSPITAL SANATORIO DE LLANURA',	'2700'),
(2100,	'HOSPITAL VICENTE LOPEZ Y PLANES',	'1748'),
(2101,	'FERRE',	'6003'),
(2102,	'GENERAL MADARIAGA ESTAFETA NO.1',	'7163'),
(2103,	'EL SANTIAGO',	'6463'),
(2104,	'FELIPE SOLA',	'8129'),
(2105,	'GONZALEZ RISOS',	'6605'),
(2106,	'ESPERON',	'7163'),
(2107,	'FERNANDO MARTI',	'6223'),
(2108,	'GONZALEZ MORENO',	'6239'),
(2109,	'ESPIGAS',	'6561'),
(2110,	'DOLORES',	'7100'),
(2111,	'GONZALEZ CHAVES',	'7513'),
(2112,	'GONZALEZ CATAN ESTAFETA NO.6',	'1763'),
(2113,	'EMITA',	'6634'),
(2114,	'EL JUNCO',	'7620'),
(2115,	'GONZALEZ CATAN ESTAFETA NO.4',	'1759'),
(2116,	'DOCTOR RICARDO ROJAS',	'1617'),
(2117,	'GONZALEZ CATAN ESTAFETA NO.3',	'1759'),
(2118,	'GONZALEZ CATAN ESTAFETA NO.1',	'1759'),
(2119,	'EL PELADO',	'2720'),
(2120,	'EL JUPITER',	'2916'),
(2121,	'DOCTOR RICARDO LEVENE',	'1894'),
(2122,	'FULTON',	'7007'),
(2123,	'EL SAUCE',	'7303'),
(2124,	'GONZALEZ CATAN',	'1759'),
(2125,	'EMPALME',	'1633'),
(2126,	'GONDRA',	'6241'),
(2127,	'GENERAL O\'BRIEN',	'6646'),
(2128,	'EMMA',	'7263'),
(2129,	'EL ARBOLITO',	'2721'),
(2130,	'GOMEZ DE LA VEGA',	'1983'),
(2131,	'FATIMA',	'1633'),
(2132,	'FATRALO',	'6430'),
(2133,	'EL PEREGRINO',	'6053'),
(2134,	'EL CENTINELA',	'7607'),
(2135,	'HUANGUELEN',	'7545'),
(2136,	'FAUZON',	'6500'),
(2137,	'EMILIO LAMARCA',	'6508'),
(2138,	'EMILIO AYARZA',	'6628'),
(2139,	'EL DESTINO',	'7116'),
(2140,	'FARO SEGUNDA BARRANCA',	'8504'),
(2141,	'FARO SAN ANTONIO',	'7103'),
(2142,	'FARO RECALADA',	'8150'),
(2143,	'FARO QUERANDI',	'7165'),
(2144,	'FARO PUNTA MOGOTES',	'7600'),
(2145,	'EL PENSAMIENTO',	'7531'),
(2146,	'EMILIO V. BUNGE',	'6241'),
(2147,	'EL PAMPERO',	'1865'),
(2148,	'GOMEZ',	'1983'),
(2149,	'EL QUEMADO (LA VIOLETA, PDO. PERGAMINO)',	'2751'),
(2150,	'EL TREBAÐON',	'6437'),
(2151,	'DOCTOR DOMINGO CABRED',	'6708'),
(2152,	'GAHAN',	'2745'),
(2153,	'FARO',	'8150'),
(2154,	'EL JAGUEL (GUIDO SPANO, PDO. ROJAS)',	'2707'),
(2155,	'EL JAGUEL (PDO. ESTEBAN ECHEVERRIA)',	'1842'),
(2156,	'EL JABALI',	'6531'),
(2157,	'GENERAL PACHECO',	'1617'),
(2158,	'DOCTOR DOMINGO HAROSTEGUY',	'7212'),
(2159,	'EMILIANO REYNOSO (ESTACION FCGB)',	'7260'),
(2160,	'GOLDNEY',	'6614'),
(2161,	'GENERAL PACHECO ESTAFETA NO.2',	'1617'),
(2162,	'EL MORO',	'7623'),
(2163,	'GENERAL PACHECO ESTAFETA NO.1',	'1617'),
(2164,	'FACUNDO QUIROGA',	'6533'),
(2165,	'GENERAL PACHECO ESTAFETA NO.4',	'1617'),
(2166,	'GENERAL PACHECO ESTAFETA NO.3',	'1617'),
(2167,	'EL TRIGO',	'7207'),
(2168,	'FAIR',	'7153'),
(2169,	'ESPORA',	'6601'),
(2170,	'EZEIZA ESTAFETA NO.3',	'1804'),
(2171,	'EL TRIANGULO',	'7500'),
(2172,	'HUESO CLAVADO',	'7500'),
(2173,	'HUETEL',	'6511'),
(2174,	'GENERAL PAZ',	'1987'),
(2175,	'GENERAL PACHECO ESTAFETA NO.5',	'1617'),
(2176,	'EZPELETA',	'1882'),
(2177,	'EZEIZA ESTAFETA NO.4',	'1804'),
(2178,	'EL PALOMAR ESTAFETA NO.4',	'1684'),
(2179,	'EL PALOMAR',	'1684'),
(2180,	'ELORDI',	'6242'),
(2181,	'ESTRUGAMOU',	'7207'),
(2182,	'ESTRELLA NACIENTE',	'6725'),
(2183,	'EL RECADO',	'6474'),
(2184,	'ESTOMBA',	'8118'),
(2185,	'ESTINGANA',	'2346'),
(2186,	'ESTHER',	'7260'),
(2187,	'GOBOS',	'7163'),
(2188,	'ELVIRA',	'7243'),
(2189,	'ETCHEGOYEN',	'6703'),
(2190,	'EUFEMIO UBALLES',	'7301'),
(2191,	'EL DIVISORIO',	'7531'),
(2192,	'EL TRIUNFO',	'6073'),
(2193,	'EL PALOMAR ESTAFETA NO.3',	'1684'),
(2194,	'HUNTER',	'2707'),
(2195,	'EL TRIO',	'6467'),
(2196,	'GALERA DE TORRES',	'7203'),
(2197,	'HURLINGHAM',	'1686'),
(2198,	'HURLINGHAM ESTAFETA NO.1',	'1686'),
(2199,	'HURLINGHAM ESTAFETA NO.2',	'1686'),
(2200,	'HURLINGHAM ESTAFETA NO.4',	'1686'),
(2201,	'HURLINGHAM ESTAFETA NO.5',	'1686'),
(2202,	'HURLINGHAM ESTAFETA NO.6',	'1686'),
(2203,	'HURLINGHAM ESTAFETA NO.7',	'1686'),
(2204,	'ESQUINA CROTTO',	'7100'),
(2205,	'HUSARES',	'6455'),
(2206,	'EZEIZA ESTAFETA NO.2',	'1804'),
(2207,	'EL HERVIDERO',	'7007'),
(2208,	'EL PALOMAR ESTAFETA NO.2',	'1684'),
(2209,	'EZEIZA ESTAFETA NO.1',	'1804'),
(2210,	'EZEIZA',	'1804'),
(2211,	'IBAÐEZ',	'7223'),
(2212,	'EXALTACION DE LA CRUZ',	'2812'),
(2213,	'EL PALOMAR ESTAFETA NO.1',	'1684'),
(2214,	'ELIAS ROMERO',	'1727'),
(2215,	'EL TROPEZON',	'1888'),
(2216,	'DOCE DE AGOSTO',	'2701'),
(2217,	'GENERAL PINTO',	'6050'),
(2218,	'GOBERNADOR UGARTE',	'6621'),
(2219,	'GOBERNADOR UDAONDO',	'7221'),
(2220,	'GENERAL PIRAN',	'7172'),
(2221,	'ESTELA',	'8127'),
(2222,	'EL PESCADO',	'1907'),
(2223,	'EL DORADO',	'6031'),
(2224,	'GOBERNADOR OBLIGADO',	'1981'),
(2225,	'ESTEBAN DIAZ',	'6607'),
(2226,	'IGARZABAL',	'8512'),
(2227,	'ESQUINA NEGRA',	'1901'),
(2228,	'EL CARBON',	'7135'),
(2229,	'ESTEBAN DE LUCA',	'6475'),
(2230,	'IGNACIO CORREAS',	'1909'),
(2231,	'EL NACIONAL',	'2740'),
(2232,	'EL GUALICHO',	'7200'),
(2233,	'GOBERNADOR MONTEVERDE',	'1888'),
(2234,	'DOCK CENTRAL',	'1925'),
(2235,	'EL PINAR',	'1755'),
(2236,	'ESTANCIAS',	'2909'),
(2237,	'DOCK SUD',	'1871'),
(2238,	'ESTEBAN A. GASCON',	'8185'),
(2239,	'DOCTOR ALBERT SCHWEITZER (PARADA FCGM)',	'1644'),
(2240,	'DOCTOR ANTONIO CETRANGOLO (PARADA FCGM)',	'1602'),
(2241,	'ELDIA',	'6241'),
(2242,	'EL PINO',	'1907'),
(2243,	'INDACOCHEA',	'6623'),
(2244,	'GOBERNADOR LUIS GARCIA (APEADERO FCGB)',	'1901'),
(2245,	'EL ROSARIO',	'1921'),
(2246,	'EL REFUGIO',	'7612'),
(2247,	'ESTANCIA VIEJA',	'7225'),
(2248,	'EL DURAZNO',	'1735'),
(2249,	'GENERAL RODRIGUEZ',	'1748'),
(2250,	'INDIO RICO',	'7501'),
(2251,	'EL NILO',	'6437'),
(2252,	'INES INDART',	'2747'),
(2253,	'ESTANCIA SAN ANTONIO',	'6075'),
(2254,	'EL ZORRO',	'8150'),
(2255,	'ESTANCIA SANTA CATALINA',	'2761'),
(2256,	'ESTANCIA SAN RAFAEL',	'7130'),
(2257,	'ESTANCIA SAN CLAUDIO',	'6537'),
(2258,	'GARRO',	'8103'),
(2259,	'INGENIERO ANDRES VILLANUEVA (APEADERO FCGB)',	'1901'),
(2260,	'INGENIERO BALBIN',	'6051'),
(2261,	'ESTABLECIMIENTO SAN MIGUEL',	'1629'),
(2262,	'EL PALENQUE',	'1667'),
(2263,	'INGENIERO BEAUGEY',	'6457'),
(2264,	'GENERAL ROJO',	'2905'),
(2265,	'EL PORVENIR (BOLIVAR, PDO. BOLIVAR)',	'6550'),
(2266,	'EL EMBRUJO',	'1617'),
(2267,	'INGENIERO BUDGE',	'1773'),
(2268,	'EL CHAJA',	'7163'),
(2269,	'GALO LLORENTE',	'6513'),
(2270,	'GENERAL RONDEAU',	'8124'),
(2271,	'EL CHUNBIAO',	'7263'),
(2272,	'EL GRANADERO',	'1748'),
(2273,	'ESTANCIA MITIKILI',	'6075'),
(2274,	'GOBERNADOR EDUARDO ARANA (APEADERO FCGB)',	'1901'),
(2275,	'GARRE',	'6411'),
(2276,	'GENERAL SARMIENTO',	'1663'),
(2277,	'INGENIERO JUAN ALLAN',	'1891'),
(2278,	'EL PITO (ENERGIA, PDO. NECOCHEA)',	'7641'),
(2279,	'EL ESPINILLO',	'2946'),
(2280,	'GALVAN',	'8101'),
(2281,	'INGENIERO MASCHWITZ',	'1623'),
(2282,	'ESTACION ASCENSION',	'6003'),
(2283,	'EL BOQUERON',	'7601'),
(2284,	'EL ROCIO',	'1889'),
(2285,	'INGENIERO MONETA',	'2935'),
(2286,	'ESTANCIA LAS GAMAS',	'2723'),
(2287,	'INGENIERO PABLO NOGUES',	'1613'),
(2288,	'EL BOMBERO',	'7507'),
(2289,	'INGENIERO RODOLFO MORENO (APEADERO FCGB)',	'1901'),
(2290,	'INGENIERO ROMULO OTAMENDI',	'2802'),
(2291,	'INGENIERO SILVEYRA',	'6743'),
(2292,	'INGENIERO THOMPSON',	'6337'),
(2293,	'INGENIERO URCELAY (ESTACION FCGB)',	'2907'),
(2294,	'INGENIERO WHITE',	'8103'),
(2295,	'INGENIERO WILLIAMS',	'6003'),
(2296,	'EL RINCON (CHASCOMUS, PDO. CHASCOMUS)',	'7130'),
(2297,	'GENERAL VILLEGAS',	'6230'),
(2298,	'DIQUE LUJAN',	'1623'),
(2299,	'GARIN',	'1619'),
(2300,	'EL VERANO',	'7620'),
(2301,	'GENERAL VIAMONTE',	'6015'),
(2302,	'GOBERNADOR CASTRO',	'2946'),
(2303,	'GARIN',	'1619'),
(2304,	'EL PITO (MIRAMAR, PDO. GRAL. ALVARADO)',	'7607'),
(2305,	'GENERAL VILLEGAS ESTAFETA NO.1',	'6230'),
(2306,	'ESTACION BARADERO',	'2942'),
(2307,	'EL VENCE',	'7116'),
(2308,	'EL RINCON (MAYOR BURATOVICH, PDO. VILLARINO)',	'8146'),
(2309,	'GOBERNADOR ARIAS',	'6531'),
(2310,	'EL FENIX',	'2804'),
(2311,	'GOBERNADOR ANDONAEGUI',	'2764'),
(2312,	'GAMBIER',	'1900'),
(2313,	'GNECCO',	'6451'),
(2314,	'EL RETIRO (SAN EMILIO, PDO. GRAL. VIAMONTE)',	'6017'),
(2315,	'GERLI ESTAFETA NO.1',	'1870'),
(2316,	'ESTANCIA CHICA',	'1808'),
(2317,	'ESTANCIA CHAPAR',	'7020'),
(2318,	'GERENTE CILLEY',	'6507'),
(2319,	'GARDEY',	'7003'),
(2320,	'EL EUCALIPTUS',	'7130'),
(2321,	'GERLI (PDO. AVELLANEDA)',	'1870'),
(2322,	'GARCIA DEL RIO',	'8162'),
(2323,	'INOCENCIO SOSA',	'6451'),
(2324,	'GLORIALDO',	'8129'),
(2325,	'INSTITUTO AGUSTIN R. GAMBIER',	'1903'),
(2326,	'GANDARA',	'7136'),
(2327,	'EL GALLO',	'7000'),
(2328,	'GERLI (PDO. LANUS)',	'1824'),
(2329,	'EL RETIRO (LA PLATA)',	'1901'),
(2330,	'GLEW',	'1856'),
(2331,	'GERMANIA',	'6053'),
(2332,	'GIRONDO',	'6451'),
(2333,	'EL VIGILANTE',	'7174'),
(2334,	'EL RETIRO (SALTO, PDO. SALTO)',	'2741'),
(2335,	'GIRODIAS',	'6407'),
(2336,	'EL CALLAO',	'1667'),
(2337,	'ESTACION CORONEL PRINGLES',	'7536'),
(2338,	'GIL',	'8151'),
(2339,	'ESTACION PROVINCIAL 9 DE JULIO',	'6501'),
(2340,	'EL CHEIQUE',	'7007'),
(2341,	'ESTACION SAN FRANCISCO DE BELLOCQ',	'7505'),
(2342,	'ESTACION LAGO EPECUEN',	'6431'),
(2343,	'INVERNADAS',	'7163'),
(2344,	'EL VOLANTE',	'7620'),
(2345,	'ESTACION LAZZARINO',	'7300'),
(2346,	'ESTACION LINCOLN',	'6070'),
(2347,	'ESTACION FORESTAL DOMINGO FAUSTINO SARMIENTO (DELT',	'1649'),
(2348,	'IRALA',	'6013'),
(2349,	'IRAOLA',	'7009'),
(2350,	'EL OMBU',	'1888'),
(2351,	'IRENE',	'7507'),
(2352,	'IRENEO PORTELA',	'2943'),
(2353,	'IRIARTE',	'6042'),
(2354,	'EL CAMOATI',	'6537'),
(2355,	'ESTACION GENERAL ARENALES',	'6005'),
(2356,	'VUELTA DE OBLIGADO',	'2931'),
(2357,	'VILLA ESTANISLAO S. ZEBALLOS',	'1888'),
(2358,	'VILLA LUJAN',	'1878'),
(2359,	'VILLA LORETO',	'8000'),
(2360,	'VEDIA',	'6030'),
(2361,	'VILLA TRIANGULO',	'6000'),
(2362,	'VILLA ESPIL',	'6712'),
(2363,	'VELA',	'7003'),
(2364,	'WARNES',	'6646'),
(2365,	'VELLOSO',	'7305'),
(2366,	'VILLA LOPEZ ROMERO',	'1888'),
(2367,	'VILLA SABOYA',	'6101'),
(2368,	'VUELTA DE ZAPATA',	'6435'),
(2369,	'VILLA TRANSRADIO',	'1776'),
(2370,	'VECINO',	'7118'),
(2371,	'VILLA UNION',	'1757'),
(2372,	'VASQUEZ',	'7519'),
(2373,	'VILLA TURDERA',	'1834'),
(2374,	'VOLTA',	'6064'),
(2375,	'VILLA LUCILA',	'1884'),
(2376,	'TRES SARGENTOS',	'6727'),
(2377,	'VILLA ROSAS',	'8103'),
(2378,	'VILLA ESTACION RAMALLO',	'2914'),
(2379,	'VAÐA',	'7301'),
(2380,	'VILLA RUIZ',	'6705'),
(2381,	'VOLUNTAD',	'7412'),
(2382,	'VALLIMANCA',	'6557'),
(2383,	'VIBORAS',	'8180'),
(2384,	'VILLA LYNCH (PDO. GRAL. SAN MARTIN)',	'1672'),
(2385,	'TRES LAGUNAS',	'6443'),
(2386,	'WILDE ESTE',	'1875'),
(2387,	'WILDE ESTAFETA N71',	'1875'),
(2388,	'VILLA URBANA',	'1773'),
(2389,	'VILLA LYNCH (URDAMPILLETA, PDO. BOLIVAR)',	'6553'),
(2390,	'VILLA ELVIRA (LA PLATA, PDO.LA PLATA)',	'1900'),
(2391,	'TRISTAN SUAREZ',	'1806'),
(2392,	'VILLA ELVIRA (BANFIELD, PDO.LOMAS DE ZAMORA)',	'1828'),
(2393,	'VICENTE CASARES',	'1808'),
(2394,	'VICEALMIRANTE E. MONTES',	'1611'),
(2395,	'WILDE',	'1875'),
(2396,	'VICTORIA',	'1644'),
(2397,	'VILLA LIBRES',	'8000'),
(2398,	'VICENTE PEREDA',	'7300'),
(2399,	'VICENTE LOPEZ',	'1638'),
(2400,	'VILLA SAENZ PEÐA ESTAFETA N║2',	'1674'),
(2401,	'VERONICA',	'1917'),
(2402,	'VILLA LUZURIAGA',	'1754'),
(2403,	'VILLA SAENZ PEÐA ESTAFETA N║1',	'1674'),
(2404,	'TRIGALES',	'6053'),
(2405,	'TRES LOMAS',	'6409'),
(2406,	'VILLA LOMA HERMOSA',	'1657'),
(2407,	'VILLA SAENZ PEÐA',	'1674'),
(2408,	'VILLA ROSA',	'1631'),
(2409,	'VILLA TERESA',	'2944'),
(2410,	'VENANCIO',	'8117'),
(2411,	'VILLA ESMERALDA',	'1878'),
(2412,	'VILLA ESPAÐA',	'1884'),
(2413,	'TRES PICOS',	'8162'),
(2414,	'VILLA LYNCH ESTAFETA N║1',	'1672'),
(2415,	'WILLIAM C. MORRIS (PARADA FCGSM)',	'1686'),
(2416,	'VILLA SAN ALBERTO (ISIDRO CASANOVA, PDO.LA MATANZA',	'1765'),
(2417,	'VILLA SAN ALBERTO (PDO. SAN ANDRES DE GILES)',	'6720'),
(2418,	'VERGARA',	'7135'),
(2419,	'VILLA ESCOBAR',	'1746'),
(2420,	'VILLA LEANDRA',	'2946'),
(2421,	'VILLA ELISA ESTAFETA N║2',	'1894'),
(2422,	'VILLA RIVERA',	'1900'),
(2423,	'VILLA VERDE',	'1629'),
(2424,	'VILLA FLANDRIA',	'6706'),
(2425,	'VILLA 11 DE SEPTIEMBRE',	'1657'),
(2426,	'VILLA LAURA (RAFAEL CALZADA, PDO.ALTE.BROWN)',	'1847'),
(2427,	'VILELA',	'7208'),
(2428,	'VILLA LEON',	'1714'),
(2429,	'VILLA VATTEONE',	'1888'),
(2430,	'VILLA RITA',	'1832'),
(2431,	'VIEYTES',	'1915'),
(2432,	'VILLA MADERO ESTAFETA N║2',	'1768'),
(2433,	'VILLA SAN ANDRES',	'1651'),
(2434,	'VILLA MADERO',	'1768'),
(2435,	'VILLA SAN ANDRES ESTAFETA N║1',	'1651'),
(2436,	'VICTORINO DE LA PLAZA',	'6411'),
(2437,	'TRIUNVIRATO',	'6071'),
(2438,	'VILLA VALLIER',	'1625'),
(2439,	'VILLA MADERO ESTAFETA N║1',	'1768'),
(2440,	'VILLA LIBERTAD',	'1650'),
(2441,	'VILLA LIA',	'2761'),
(2442,	'VILLA MAGDALENA',	'1716'),
(2443,	'TRUJUI',	'1664'),
(2444,	'VILLA LAS TUNAS',	'1617'),
(2445,	'VILLA SAN CARLOS (BERISSO, PDO.BERISSO)',	'1923'),
(2446,	'VILLA ADELINA',	'1607'),
(2447,	'VILLA TALLERES',	'6000'),
(2448,	'VILLA RIO CHICO',	'8146'),
(2449,	'VILLA FLORENTINO AMEGHINO',	'1878'),
(2450,	'TRONGE',	'6407'),
(2451,	'VILLA ELISA ESTAFETA N║1',	'1894'),
(2452,	'VILLA TALLERES ALIANZA',	'1676'),
(2453,	'VILLA MADRID',	'1773'),
(2454,	'TROPEZON (PDO. 9 DE JULIO)',	'6501'),
(2455,	'VILLA FLORESTA',	'8000'),
(2456,	'VILLA SAN ANTONIO',	'8185'),
(2457,	'VILLA RISSO',	'1676'),
(2458,	'VILLA LAURA (PUNTA ALTA, PDO. CNEL. DE MARINA L. R',	'8109'),
(2459,	'VILLA FRANCIA (VILLA FLANDRIA, PDO.LUJAN)',	'6706'),
(2460,	'VIVORATA',	'7612'),
(2461,	'VILLA AGUEDA',	'1629'),
(2462,	'VILLA MALAVER',	'1744'),
(2463,	'VILLA ALBA',	'1900'),
(2464,	'VILLA LAMADRID',	'1773'),
(2465,	'VILLA ADELINA ESTAFETA N║3',	'1607'),
(2466,	'VILLA ADELINA ESTAFETA N║4',	'1607'),
(2467,	'VILLA ADELINA ESTAFETA N║2',	'1607'),
(2468,	'VILLA SAN CARLOS (VILLA GRAL. M. CARABALLO, PDO.F.',	'1888'),
(2469,	'VILLA ADELINA ESTAFETA N║1',	'1607'),
(2470,	'VILLA LAGO DEL BOSQUE',	'1722'),
(2471,	'VILLA ADRIANA',	'1816'),
(2472,	'TRES CUERVOS',	'8183'),
(2473,	'VILLA SUSANA',	'1888'),
(2474,	'VILLA VIGNOLO',	'7600'),
(2475,	'VILLA LAS ROSAS',	'1878'),
(2476,	'VILLA ALBINO',	'1925'),
(2477,	'VILLA FOX',	'2800'),
(2478,	'VILLA RIACHUELO',	'1773'),
(2479,	'VILLA ELISA',	'1894'),
(2480,	'VILLA ALBERTINA',	'1628'),
(2481,	'VITEL',	'7130'),
(2482,	'VILLA MAIO',	'8109'),
(2483,	'VILLA ALDEANITA',	'6471'),
(2484,	'VILLA ELENA (VILLALONGA, PDO. PATAGONES)',	'8512'),
(2485,	'VILLA MAIPU',	'1650'),
(2486,	'VILLA LARGA',	'1643'),
(2487,	'VILLA MAIPU ESTAFETA N║1',	'1650'),
(2488,	'VILLA LANZONI',	'1655'),
(2489,	'VILLA FRANCIA (CNEL. GRANADA, PDO.GRAL.PINTO)',	'6058'),
(2490,	'VILLA RECREO',	'1828'),
(2491,	'VILLA LA ROSA',	'1878'),
(2492,	'VILLA ELENA (QUILMES, PDO. QUILMES)',	'1878'),
(2493,	'VILLA MARIA DE LOS REMEDIOS DE ESCALADA',	'1657'),
(2494,	'YAPEYU',	'1613'),
(2495,	'VILLA SAN ESTEBAN',	'6476'),
(2496,	'VILLA MARIA (CNEL. SEGUI, PDO. ALBERTI)',	'6628'),
(2497,	'VILLA MARGARITA',	'8185'),
(2498,	'VILLA SOLDATI',	'8000'),
(2499,	'VILLA REBASA',	'1752'),
(2500,	'VILLA REAL',	'1885'),
(2501,	'VILLA ANGUS',	'2800'),
(2502,	'TRES BOCAS',	'1649'),
(2503,	'VILLA GALICIA (PDO.LOMAS DE ZAMORA)',	'1834'),
(2504,	'VILLA LA ÐATA',	'1648'),
(2505,	'VILLA MARTELLI',	'1603'),
(2506,	'VILLA LA PAZ',	'1834'),
(2507,	'VILLA ARGENTINA (QUILMES, PDO.QUILMES)',	'1878'),
(2508,	'VILLA MARIA (QUILMES, PDO. QUILMES)',	'1878'),
(2509,	'VILLA SAN FRANCISCO',	'1884'),
(2510,	'VILLA LA PERLA',	'1834'),
(2511,	'VILLA ARGENTINA (FLORENCIO VARELA, PDO. FLORENCIO',	'1888'),
(2512,	'VILLA BARRIO ARCA',	'1832'),
(2513,	'VILLA BARRIO LAPRIDA',	'1832'),
(2514,	'TRES ALGARROBOS',	'6231'),
(2515,	'VILLA BELGRANO (CNEL. SUAREZ, PDO. CNEL. SUAREZ)',	'7540'),
(2516,	'VILLA SOL',	'1884'),
(2517,	'VILLA YORK',	'6000'),
(2518,	'VILLA BARRIO ALTUBE',	'1665'),
(2519,	'VILLA LA CHECHELA',	'1625'),
(2520,	'VILLA MASSONI',	'2800'),
(2521,	'VILLA BARILARI',	'1874'),
(2522,	'VILLA MATHEU',	'1678'),
(2523,	'VILLA SIERRA',	'8103'),
(2524,	'VILLA BARBOSA',	'1682'),
(2525,	'VILLA BARCELO',	'1825'),
(2526,	'VILLA JULIA',	'1884'),
(2527,	'VILLA MATILDE',	'1885'),
(2528,	'VILLA ZAGALA',	'1651'),
(2529,	'VILLA LA LUCILA',	'1884'),
(2530,	'TRES ARROYOS ESTAFETA N║3',	'7500'),
(2531,	'VILLA AUGUSTA',	'1878'),
(2532,	'VILLA RATTI',	'1834'),
(2533,	'VISTA ALEGRE',	'7130'),
(2534,	'VILLA AURORA',	'1888'),
(2535,	'TRES ARROYOS ESTAFETA N║1',	'7500'),
(2536,	'VILLA LA FLORIDA',	'1881'),
(2537,	'TRES ARROYOS ESTAFETA N║2',	'7500'),
(2538,	'VILLA LA DELICIA',	'1888'),
(2539,	'VILLA MARTIN CORONADO',	'1682'),
(2540,	'VILLA RAMALLO',	'2914'),
(2541,	'VILLA GALICIA (TANDIL, PDO.TANDIL)',	'7000'),
(2542,	'VILLA MARTIN FIERRO',	'1888'),
(2543,	'VILLA RAFFO',	'1674'),
(2544,	'TRES ARROYOS',	'7500'),
(2545,	'TURDERA',	'1834'),
(2546,	'VILLA BALLESTER',	'1653'),
(2547,	'VILLA AZUL',	'1923'),
(2548,	'VILLA BALLESTER ESTAFETA N║2',	'1653'),
(2549,	'VILLA BALLESTER ESTAFETA N║1',	'1653'),
(2550,	'VILLA MASIDE',	'1661'),
(2551,	'VILLA BALLESTER ESTAFETA N║3',	'1653'),
(2552,	'VILLA BALLESTER ESTAFETA N║4',	'1653'),
(2553,	'VILLA CASTELLINO',	'1870'),
(2554,	'VILLA POBLADORA',	'1870'),
(2555,	'VILLA IRUPE',	'1714'),
(2556,	'VILLA SAN LUIS',	'1888'),
(2557,	'VAGUES',	'2764'),
(2558,	'VILLA POMPEO',	'1826'),
(2559,	'VILLA GOBERNADOR UDAONDO',	'1713'),
(2560,	'VILLALONGA',	'8512'),
(2561,	'VILLAIGRILLO',	'2930'),
(2562,	'VILLA MODELO',	'1870'),
(2563,	'ZUBIAURE',	'8151'),
(2564,	'VILLA PORTEÐA',	'1923'),
(2565,	'VILLA PONZATTI',	'1900'),
(2566,	'VILLA DON BOSCO',	'1704'),
(2567,	'VILLA CATELA',	'1925'),
(2568,	'VILLA CELINA',	'1772'),
(2569,	'VILLA CELINA ESTAFETA N║1',	'1772'),
(2570,	'VILLA MITRE',	'1884'),
(2571,	'VILLA CELINA ESTAFETA N║2',	'1772'),
(2572,	'VILLA CACIQUE',	'7005'),
(2573,	'VALENTIN ALSINA',	'1822'),
(2574,	'VILLA CALZADA',	'1847'),
(2575,	'VILLA ITALIA (TANDIL, PDO.TANDIL)',	'7000'),
(2576,	'VILLA ITALIA (BAHIA BLANCA, PDO. BAHIA BLANCA)',	'8000'),
(2577,	'VILLA GIAMBRUNO',	'1886'),
(2578,	'VILLA CARAZA',	'1822'),
(2579,	'VILLA ITE',	'1874'),
(2580,	'VILLA SAUZE',	'6235'),
(2581,	'VILLA GESELL ESTAFETA N║5',	'7165'),
(2582,	'VILLA DORREGO',	'1759'),
(2583,	'VILLA GESELL ESTAFETA N║6',	'7165'),
(2584,	'VILLA SASTRE',	'1834'),
(2585,	'VILLA CARUCHA',	'7505'),
(2586,	'VALDEZ',	'6667'),
(2587,	'VILLA CAROLA',	'6555'),
(2588,	'VILLA JARDIN',	'1822'),
(2589,	'VILLA GESELL ESTAFETA N║4',	'7165'),
(2590,	'VILLA SENA',	'6403'),
(2591,	'VILLA JOSE LEON SUAREZ ESTAFETA N║4',	'1655'),
(2592,	'VIRREYES',	'1646'),
(2593,	'VILLA MAYOR',	'6000'),
(2594,	'VILLA BESADA',	'1825'),
(2595,	'VILLA GARIBALDI',	'1907'),
(2596,	'VILLA EDEN ARGENTINO',	'1826'),
(2597,	'VILLA SAN JOSE',	'2743'),
(2598,	'VILLA ECONOMIA',	'1828'),
(2599,	'VILLA BELGRANO (JUNIN, PDO.JUNIN)',	'6000'),
(2600,	'VALERIA DE MAR',	'7167'),
(2601,	'VILLA BERNARDO MONTEAGUDO',	'1650'),
(2602,	'VILLA BENQUEZ',	'1828'),
(2603,	'VALENZUELA ANTON',	'7630'),
(2604,	'TRENQUE LAUQUEN ESTAFETA N║1',	'6400'),
(2605,	'VILLA MAZA',	'6343'),
(2606,	'VILLA PROGRESO (PERGAMINO, PDO.PERGAMINO)',	'2700'),
(2607,	'VILLA BOSCH',	'1682'),
(2608,	'VILLA JOSE LEON SUAREZ',	'1655'),
(2609,	'VILLA BILLNGHURST',	'1650'),
(2610,	'TRENQUE LAUQUEN',	'6400'),
(2611,	'VILLA JOSE LEON SUAREZ ESTAFETA N║1',	'1655'),
(2612,	'VILLA JOSE LEON SUAREZ ESTAFETA N║3',	'1655'),
(2613,	'VILLA JOSE LEON SUAREZ ESTAFETA N║2',	'1655'),
(2614,	'VILLA BONICH',	'1650'),
(2615,	'VILLA PROGRESO (ROJAS, PDO.ROJAS)',	'2705'),
(2616,	'VILLA BONICH ESTAFETA N║1',	'1650'),
(2617,	'VILLA SCASSO',	'1759'),
(2618,	'VIRREY DEL PINO',	'1763'),
(2619,	'VILLA GESELL',	'7165'),
(2620,	'VILLAFAÐE',	'6740'),
(2621,	'VILLA GESELL ESTAFETA N║1',	'7165'),
(2622,	'VILLA BUENOS AIRES',	'8000'),
(2623,	'UDAQUIOLA',	'7151'),
(2624,	'VILLA ECHENAGUCIA',	'1870'),
(2625,	'VILLA PORVENIR',	'1870'),
(2626,	'VILLA BUIDE',	'1629'),
(2627,	'VILLA CABRAL',	'1826'),
(2628,	'VILLA MERCEDES TOMASA DE SAN MARTIN Y ESCALADA',	'1678'),
(2629,	'VILLA GESELL ESTAFETA N║2',	'7165'),
(2630,	'VILLA GESELL ESTAFETA N║3',	'7165'),
(2631,	'TUYUTI',	'6721'),
(2632,	'VALENTIN GOMEZ',	'6401'),
(2633,	'VILLA MERCADO',	'1870'),
(2634,	'VILLA BRANDA',	'6471'),
(2635,	'VILLA JOSE INGENIEROS',	'1702'),
(2636,	'VALENTIN ALSINA ESTAFETA N║1',	'1822'),
(2637,	'VALENTIN ALSINA ESTAFETA N║2',	'1822'),
(2638,	'VILLA PRECEPTOR MANUEL CRUZ',	'6703'),
(2639,	'VILLA BROWN',	'1888'),
(2640,	'ZAPIOLA',	'7249'),
(2641,	'UNION TRANVIARIOS',	'1657'),
(2642,	'UNION FERROVIARIA',	'1804'),
(2643,	'VILLA ILASA',	'1822'),
(2644,	'VILLA GOLF',	'1804'),
(2645,	'VILLA GOBERNADOR UDAONDO ESTAFETA N║3',	'1713'),
(2646,	'VILLA MOQUEHUA',	'6625'),
(2647,	'VILLA CIUDAD JARDIN EL LIBERTADOR',	'1657'),
(2648,	'VILLA CIUDAD JARDIN LOMAS DEL PALOMAR',	'1684'),
(2649,	'ZARATE ESTAFETA N║1',	'2800'),
(2650,	'VILLA HUE',	'1874'),
(2651,	'VILLA CLARA',	'1886'),
(2652,	'ZARATE',	'2800'),
(2653,	'VILLANUEVA (PDO. GRAL. PAZ)',	'7225'),
(2654,	'VILLA GONNET',	'1875'),
(2655,	'ZARATE ESTAFETA N║2',	'2800'),
(2656,	'VILLA CENTENARIO (PDO. LOMAS DE ZAMORA)',	'1828'),
(2657,	'VILLA GOBERNADOR UDAONDO ESTAFETA N║2',	'1713'),
(2658,	'ZARATE ESTAFETA N║3',	'2800'),
(2659,	'VILLA SANTA ROSA',	'1888'),
(2660,	'VILLA MONSEGUR',	'1744'),
(2661,	'VILLA INDEPENDENCIA (PDO. LOMAS DE ZAMORA)',	'1832'),
(2662,	'VILLA CENTENARIO (PERGAMINO, PDO. PERGAMINO)',	'2700'),
(2663,	'ZAVALIA',	'6018'),
(2664,	'YERBAS',	'7303'),
(2665,	'ZARATE ESTAFETA N║4',	'2800'),
(2666,	'VILLA INDEPENDENCIA (VILLA AZUL, PDO. BERISSO)',	'1923'),
(2667,	'VILLA GOBERNADOR UDAONDO ESTAFETA N║1',	'1713'),
(2668,	'VILLA MONROE',	'1678'),
(2669,	'UNIDAD TURISTICA MIRAMAR',	'7609'),
(2670,	'ZENON VIDELA DORNA',	'7226'),
(2671,	'VILLA CHACABUCO',	'1650'),
(2672,	'VILLA INSUPERABLE',	'1752'),
(2673,	'VILLA INDUSTRIALES',	'1824'),
(2674,	'VILLA DOMINICO ESTAFETA N║2',	'1874'),
(2675,	'ZELAYA',	'1627'),
(2676,	'VILLARS',	'1731'),
(2677,	'VILLA MONICA (PDO.FLORENCIO VARELA)',	'1888'),
(2678,	'VILLA CERRITO',	'8000'),
(2679,	'VILLA IRIS',	'8126'),
(2680,	'VILLA MONICA (HINOJO, PDO. OLAVARRIA)',	'7318'),
(2681,	'VILLA PARQUE',	'1678'),
(2682,	'VILLA SARITA',	'2930'),
(2683,	'VILLA PARIS',	'1856'),
(2684,	'VILLA PARISH ROBERTSON',	'1838'),
(2685,	'VILLA DOMINICO ESTAFETA N║1',	'1874'),
(2686,	'VILLA SANTINA',	'1759'),
(2687,	'VILLA DOMINICO',	'1874'),
(2688,	'VILLA SANZ',	'6511'),
(2689,	'VILLA SANTOS LUGARES',	'1676'),
(2690,	'ZOILO PERALTA',	'7530'),
(2691,	'VILLA CONCEPCION',	'1651'),
(2692,	'VIÐA',	'2754'),
(2693,	'VILLA NOCITO',	'8000'),
(2694,	'VILLA PENOTTI',	'6000'),
(2695,	'VILLA COPACABANA',	'7607'),
(2696,	'ZENTENA',	'7545'),
(2697,	'VILLA HUDSON',	'1889'),
(2698,	'VILLA DOMINGO PRONSATO',	'8000'),
(2699,	'UNZUE',	'6551'),
(2700,	'YUTUYACO',	'6443'),
(2701,	'VILLA DELFINA',	'8000'),
(2702,	'VILLA GRAL. SAN MARTIN (FLORENCIO VARELA, PDO.F.VA',	'1888'),
(2703,	'VILLA SANTA JULIA',	'1761'),
(2704,	'VILLA DEL PLATA',	'1888'),
(2705,	'VILLA DEL MAR',	'8109'),
(2706,	'VILLA DIAMANTINA',	'6500'),
(2707,	'VILLA NUMANCIA',	'1858'),
(2708,	'VILLA DIAZ VELEZ',	'7630'),
(2709,	'VILLA OLGA',	'8000'),
(2710,	'VILLA HARDING GREEN',	'8101'),
(2711,	'VILLA DIAMANTE',	'1822'),
(2712,	'VILLA DEYA',	'1878'),
(2713,	'VILLA GRAL. SAN MARTIN (BANFIELD, PDO.LOMAS DE ZAM',	'1828'),
(2714,	'VILLA DETRY',	'1925'),
(2715,	'VILLA DEPIETRI',	'2930'),
(2716,	'VILLA GRAND BOURG',	'1714'),
(2717,	'VILLA DE MAYO',	'1613'),
(2718,	'VILLA SANCHEZ ELIA',	'8000'),
(2719,	'VILLA OBRERA',	'8000'),
(2720,	'USINA AGUAS CORRIENTES',	'2701'),
(2721,	'VILLA GUILLERMINA',	'1804'),
(2722,	'VILLA DEL CARMEN (DEL VISO, PDO. GRAL. SARMIENTO)',	'1669'),
(2723,	'ZAMUDIO (APEADERO FCDFS)',	'1727'),
(2724,	'URQUIZA',	'2718'),
(2725,	'VILLA NUÐEZ',	'1874'),
(2726,	'VILLA SANGUINETTI',	'2740'),
(2727,	'VILLA SAN ROQUE',	'1888'),
(2728,	'VILLA DEL CARMEN (SAN FERNANDO, PDO. SAN FERNANDO)',	'1646'),
(2729,	'VILLA GRAL. ZAPIOLA',	'1742'),
(2730,	'VILLA SAN PEDRO',	'7203'),
(2731,	'URDAMPILLETA',	'6553'),
(2732,	'VILLA HIDALGO',	'1655'),
(2733,	'VILLA SANTA MARIA',	'1629'),
(2734,	'VILLA DAFONTE',	'2718'),
(2735,	'VILLA ORTIZ',	'6628'),
(2736,	'VILLA GRAL. MANUEL CARABALLO',	'1888'),
(2737,	'VILLA GRAL. JOSE TOMAS GUIDO',	'1653'),
(2738,	'VILLA DE LAS NACIONES',	'1714'),
(2739,	'VILLA ORTEGA',	'6000'),
(2740,	'VILLA OLIVERO',	'1884'),
(2741,	'VILLA HERMINIA',	'8101'),
(2742,	'VILLA HENZ',	'1836'),
(2743,	'VILLA HERMOSA',	'2901'),
(2744,	'URIBELARREA',	'1815'),
(2745,	'VILLA NUEVA (PDO.QUILMES)',	'1878'),
(2746,	'YRAIZOS',	'7605'),
(2747,	'ZANJA TAMAGNI',	'1649'),
(2748,	'TORTUGUITAS',	'1667'),
(2749,	'VILLA OTERO',	'2701'),
(2750,	'VILLA GRAL. ARIAS',	'8101'),
(2751,	'VILLA CORINA',	'1874'),
(2752,	'VILLA GRADALLI',	'1648'),
(2753,	'ZANJA GUALTIERI',	'1649'),
(2754,	'TORRES',	'6703'),
(2755,	'SANTA ROSA DE MINELLONO',	'7212'),
(2756,	'RUTA 8 KILOMETRO 77',	'6703'),
(2757,	'RUTA 8 KILOMETRO 47',	'1669'),
(2758,	'RUTA 8 KILOMETRO 41,100 AL 46',	'1669'),
(2759,	'SAN IGNACIO',	'7150'),
(2760,	'RUTA 9 KILOMETRO 72',	'2804'),
(2761,	'RUTA 8 KILOMETRO 37,500 AL 41',	'1667'),
(2762,	'TACUARI',	'2743'),
(2763,	'RUTA 8 KILOMETRO 19,500 AL 22,800',	'1657'),
(2764,	'RUTA 9 KILOMETRO 72',	'2804'),
(2765,	'RUTA 9 KILOMETRO 169,5',	'2930'),
(2766,	'RIO LUJAN (TIGRE-PDO TIGRE)',	'1649'),
(2767,	'SANTA ROSA',	'7303'),
(2768,	'RIO LUJAN (PDO CAMPANA)',	'2802'),
(2769,	'RUTA 2 KILOMETRO 56 AL 64',	'1901'),
(2770,	'RADIOFARO EL RINCON',	'8146'),
(2771,	'RUTA 2 KILOMETRO 46 AL 55,900',	'1903'),
(2772,	'RUTA 2 KILOMETRO 44,500',	'1893'),
(2773,	'TAILLADE',	'7114'),
(2774,	'RUTA 26 MAQUINISTA FRANCISCO SAVIO',	'1619'),
(2775,	'RUTA 205 KILOMETRO 57',	'1816'),
(2776,	'RUTA 205 KILOMETRO 32,500',	'1804'),
(2777,	'RUTA 200 KILOMETRO 38',	'1723'),
(2778,	'SAAVEDRA',	'8174'),
(2779,	'RUTA 3 KILOMETRO 38,100 AL 47',	'1763'),
(2780,	'RUTA 3 KILOMETRO 33 AL 38',	'1763'),
(2781,	'SANTA RITA (PERGAMINO, PDO. PERGAMINO)',	'2700'),
(2782,	'RUTA 3 KILOMETRO 29,500 AL 32,900',	'1759'),
(2783,	'RUTA 3 KILOMETRO 27 AL 29,500',	'1759'),
(2784,	'RICARDO GAVIÐA',	'7313'),
(2785,	'RAFAEL CASTILLO',	'1755'),
(2786,	'SAN ISIDRO',	'1642'),
(2787,	'RUTA 3 KILOMETRO 75,500',	'1814'),
(2788,	'RAFAEL CALZADA',	'1847'),
(2789,	'SAN GERVASIO',	'7305'),
(2790,	'RUTA 2 KILOMETRO 32 AL 36,900',	'1890'),
(2791,	'SANTA REGINA',	'6105'),
(2792,	'RIO PARANA DE LAS PALMAS',	'1649'),
(2793,	'RAFAEL OBLIGADO',	'6001'),
(2794,	'SANTO TOMAS',	'6530'),
(2795,	'SANTA RITA (ALAMOS, PDO. GUAMINI)',	'6437'),
(2796,	'RUTA 2 KILOMETRO 37 AL 45,900',	'1893'),
(2797,	'SAN MANUEL',	'7007'),
(2798,	'SANTO TOMAS CHICO',	'6538'),
(2799,	'RUTA 2 KILOMETRO 31 AL 31,900',	'1889'),
(2800,	'RUTA 2 KILOMETRO 28,100 AL 30,900',	'1889'),
(2801,	'RUTA 2 KILOMETRO 24,600 AL 28',	'1888'),
(2802,	'SANTA MARTA',	'1832'),
(2803,	'SAN MARTIN',	'1650'),
(2804,	'RIO PARANA GUAZU',	'1647'),
(2805,	'SANTOS LUGARES',	'3403'),
(2806,	'RIO PARANA MINI',	'1649'),
(2807,	'SAN MARTIN DE TOURS',	'8174'),
(2808,	'SAN ANDRES DE GILES',	'6720'),
(2809,	'SANTOS TESEI',	'1688'),
(2810,	'PUERTO DE ESCOBAR',	'1625'),
(2811,	'SANTOS UNZUE',	'6507'),
(2812,	'SANTA MARIA',	'6071'),
(2813,	'SAN JACINTO (PDO. MERCEDES)',	'6600'),
(2814,	'SAN FRANCISCO DE BELLOCQ',	'7505'),
(2815,	'RIO SAN ANTONIO',	'1649'),
(2816,	'SAN ANTONIO',	'8185'),
(2817,	'SAN MAURICIO',	'6239'),
(2818,	'SANTA LUISA',	'7401'),
(2819,	'SAN MAYOL',	'7519'),
(2820,	'QUEQUEN',	'7631'),
(2821,	'QUENUMA',	'6335'),
(2822,	'RIO SAN ANTONIO',	'1649'),
(2823,	'SAN ANTONIO DE ARECO',	'2760'),
(2824,	'SAN FRANCISCO SOLANO',	'1881'),
(2825,	'SAN JACINTO (OLAVARRIA-PDO. OLAVARRIA)',	'7400'),
(2826,	'PUNTA DE CANAL (APEADERO FCGM)',	'1623'),
(2827,	'SARANDI',	'1872'),
(2828,	'SARANDI ESTAFETA N║1',	'1872'),
(2829,	'QUERANDI',	'1778'),
(2830,	'TABLADA ESTAFETA N║2',	'1766'),
(2831,	'TAMANGUEYU',	'7633'),
(2832,	'SAN GERMAN',	'8124'),
(2833,	'TABLADA',	'1766'),
(2834,	'SARASA',	'2721'),
(2835,	'PUERTO GALVAN',	'8000'),
(2836,	'SANTA LUCIA',	'2935'),
(2837,	'RUTA 11 KILOMETRO 23',	'1907'),
(2838,	'TAMBO NUEVO',	'2700'),
(2839,	'SAN LAUREANO',	'7150'),
(2840,	'//DE PADUA',	'1718'),
(2841,	'SARGENTO BARRUFFALDI (PARADERO FCGU)',	'1661'),
(2842,	'RINCON DE BAUDRIX',	'7621'),
(2843,	'TANDIL',	'7000'),
(2844,	'TANDIL ESTAFETA N║1',	'7000'),
(2845,	'TANDIL ESTAFETA N║2',	'7000'),
(2846,	'TANDIL ESTAFETA N║3',	'7000'),
(2847,	'TANDIL ESTAFETA N║4',	'7000'),
(2848,	'TANDIL ESTAFETA N║5',	'7000'),
(2849,	'PUERTO BELGRANO',	'8111'),
(2850,	'RETIRO SAN PABLO',	'2752'),
(2851,	'SAN MIGUEL',	'1663'),
(2852,	'TAPALQUE',	'7303'),
(2853,	'SAENZ PEÐA',	'1674'),
(2854,	'PUERTO BAHIA BLANCA',	'8103'),
(2855,	'SAFORCADA',	'6022'),
(2856,	'SANTO DOMINGO',	'7119'),
(2857,	'RAMALLO',	'2915'),
(2858,	'TAPIALES',	'1770'),
(2859,	'SANTA ISABEL (SAN FRANCISCO SOLANO-PDO. QUILMES)',	'1881'),
(2860,	'SANTA ISABEL (CHAPADMALAL-DPTO. GRAL. PUEYRREDON)',	'7605'),
(2861,	'PUERTO COLOMA',	'8142'),
(2862,	'SARRAT (PARADA)',	'1900'),
(2863,	'SANTA ISABEL (BOLIVAR-PDO. GRAL. ALVEAR)',	'6550'),
(2864,	'SATURNO',	'6417'),
(2865,	'SAN JORGE',	'7404'),
(2866,	'SAN JUSTO',	'1754'),
(2867,	'SANTA INES (LA CARRETA-PDO. TRENQUE LAUQUEN)',	'6471'),
(2868,	'RIO ENCANTADO',	'1886'),
(2869,	'QUILMES OESTE',	'1879'),
(2870,	'PUERTO NECOCHEA',	'7630'),
(2871,	'SANTA IRENE',	'7607'),
(2872,	'SANTA INES (PDO. CARLOS TEJEDOR)',	'6459'),
(2873,	'RETA',	'7511'),
(2874,	'RUBEN DARIO (ESTACION FCGU)',	'1686'),
(2875,	'RINCON DE NOARIO',	'1921'),
(2876,	'QUILMES',	'1878'),
(2877,	'SAUCE CHICO',	'8105'),
(2878,	'ROVIRA',	'6450'),
(2879,	'SANTA FELISA',	'7243'),
(2880,	'RIO TALA',	'2944'),
(2881,	'SAN MIGUEL ARCANGEL',	'8185'),
(2882,	'SANTIAGO LARRE',	'7245'),
(2883,	'RINCON DE VIVOT',	'7225'),
(2884,	'SAN ANDRES',	'1651'),
(2885,	'SANTA ELENA DE MAR CHIQUITA',	'7609'),
(2886,	'SANTA ELEODORA',	'6241'),
(2887,	'SAUCE CORTO',	'7540'),
(2888,	'SAN NICOLAS',	'2900'),
(2889,	'SAN BENITO',	'7261'),
(2890,	'SAN FERMIN',	'6417'),
(2891,	'TATAY',	'6721'),
(2892,	'SAUCE GRANDE',	'8150'),
(2893,	'RAMON SANTAMARINA',	'7641'),
(2894,	'SAN BERNARDO',	'6476'),
(2895,	'PUERTO QUEQUEN',	'7631'),
(2896,	'SANTIAGO GARBARINI',	'6660'),
(2897,	'SANTA ELENA (LUJAN-PDO. LUJAN)',	'6700'),
(2898,	'SAN FERNANDO',	'1646'),
(2899,	'SANTA ELENA (PDO. LAPRIDA)',	'7414'),
(2900,	'SAN JOSE (ALGARROBO-PDO. PUAN)',	'8136'),
(2901,	'PUERTO ROSALES',	'8111'),
(2902,	'TEDIN URIBURU',	'7021'),
(2903,	'ROSAS',	'7205'),
(2904,	'SUNBLAD',	'6401'),
(2905,	'SANTA CLEMENTINA',	'7406'),
(2906,	'SANTA COLOMA',	'2761'),
(2907,	'TEJO (GALERA)',	'7530'),
(2908,	'RAMON BIAUS',	'6627'),
(2909,	'RINCON DEL CAZADOR',	'1625'),
(2910,	'SUIPACHA',	'6612'),
(2911,	'RIO TIGRE',	'1649'),
(2912,	'SAN JOSE (BAUDRIX-PDO. ALBERTI)',	'6643'),
(2913,	'TEMPERLEY',	'1834'),
(2914,	'TEMPERLEY ESTAFETA N║1',	'1834'),
(2915,	'TEMPERLEY ESTAFETA N║2',	'1834'),
(2916,	'TEMPERLEY ESTAFETA N║3',	'1834'),
(2917,	'TEMPERLEY ESTAFETA N║6',	'1834'),
(2918,	'TEMPERLEY ESTAFETA N║7',	'1834'),
(2919,	'SAN JUAN DE NELSON',	'6530'),
(2920,	'TENIENTE AGNETA (APEADERO FCGU)',	'1661'),
(2921,	'SAN BERNARDO (PDO DE LA COSTA)',	'5301'),
(2922,	'SAN BERNARDO (PDO TAPALQUE)',	'6561'),
(2923,	'RAMON J NEILD',	'6533'),
(2924,	'RAMOS OTERO',	'7621'),
(2925,	'TENIENTE CORONEL MIÐANA',	'7401'),
(2926,	'SUCRE',	'6708'),
(2927,	'SAN ALBERTO',	'7503'),
(2928,	'RANCAGUA',	'2701'),
(2929,	'TENIENTE GRAL. RICCHIERI',	'1661'),
(2930,	'SAN JOSE (ERNESTINA-PDO. 25 DE MAYO)',	'6665'),
(2931,	'STROEDER',	'6508'),
(2932,	'SALADA CHICA',	'7163'),
(2933,	'TENIENTE ORIGONE',	'8144'),
(2934,	'SANTA CECILIA SUD',	'6450'),
(2935,	'SANTA CECILIA NORTE',	'6472'),
(2936,	'RESERVA',	'7536'),
(2937,	'PUJOL',	'2907'),
(2938,	'STEGMAN',	'7536'),
(2939,	'SAN FELIPE',	'7603'),
(2940,	'SAN FEDERICO',	'2711'),
(2941,	'RAMOS MEJIA',	'1704'),
(2942,	'SALADA GRANDE',	'7163'),
(2943,	'REQUENA',	'7307'),
(2944,	'SAN PEDRO',	'2930'),
(2945,	'SAUZALES',	'6030'),
(2946,	'SAN PATRICIO',	'6734'),
(2947,	'TESEI',	'1688'),
(2948,	'RIVADAVIA',	'6237'),
(2949,	'SPURR',	'8103'),
(2950,	'PUERTO LA PLATA',	'1925'),
(2951,	'SPERONI',	'7163'),
(2952,	'THAMES',	'6343'),
(2953,	'SAN PASCUAL',	'7007'),
(2954,	'SPERATTI',	'1741'),
(2955,	'ROQUE PEREZ',	'7245'),
(2956,	'SAN ADOLIO',	'8142'),
(2957,	'SANTA CLARA DEL MAR',	'7609'),
(2958,	'SAN JUAN (VIÐA-PDO. PERGAMINO)',	'2754'),
(2959,	'SAN AGUSTIN',	'7623'),
(2960,	'SAN ELADIO',	'6601'),
(2961,	'SEGUROLA',	'7119'),
(2962,	'PUNTA ALTA',	'8109'),
(2963,	'SAN JOSE (PUEBLO SAN JOSE-PDO. CORONEL SUAREZ)',	'7541'),
(2964,	'ROMAN BAEZ',	'6612'),
(2965,	'TIGRE',	'1648'),
(2966,	'SALVADOR MARIA',	'7241'),
(2967,	'RIVADEO',	'8127'),
(2968,	'TIGRE ESTAFETA N║1',	'1648'),
(2969,	'TIGRE ESTAFETA N║2',	'1648'),
(2970,	'SAN CALA',	'7011'),
(2971,	'SEMINARIO PIO XII',	'6600'),
(2972,	'SALADILLO NORTE',	'7261'),
(2973,	'SAN ENRIQUE',	'6661'),
(2974,	'RANELAGH',	'1886'),
(2975,	'SAN EMILIO (ALGARROBO-PTDO VILLARINO)',	'8136'),
(2976,	'SAMBOROMBOM',	'1980'),
(2977,	'RANCHOS',	'1987'),
(2978,	'SAN EMILIO (PTDO GRAL VIAMONTE)',	'6017'),
(2979,	'SAN JOSE (PDO. NECOCHEA)',	'7635'),
(2980,	'REPUBLICA DE LOS NIÐOS',	'1897'),
(2981,	'ROOSEVELT (PDO RIVADAVIA)',	'6403'),
(2982,	'SANTA CATALINA (EST.FCDFS) (LLAVALLOL-PDO.L. DE ZA',	'1836'),
(2983,	'SAN BERNARDO DEL TUYU',	'7111'),
(2984,	'SALADILLO',	'7260'),
(2985,	'SANTA CATALINA (CRISTIANO MUERTO-PDO. SAN CAYETANO',	'7503'),
(2986,	'ROOSEVELT (JOSE C PAZ-PDO GRAL SARMIENTO)',	'1665'),
(2987,	'SAN ERNESTO',	'6725'),
(2988,	'SOLIS',	'2764'),
(2989,	'RIVAS',	'6614'),
(2990,	'SAN JOSE DE GALI',	'7114'),
(2991,	'SALTO',	'2741'),
(2992,	'TIMOTE',	'6457'),
(2993,	'TIMOTE ESTAFETA N║1',	'6457'),
(2994,	'SANSINENA',	'6233'),
(2995,	'SEVIGNE',	'7101'),
(2996,	'RINGUELET',	'1901'),
(2997,	'SANTA ALICIA',	'7243'),
(2998,	'SALALE',	'6064'),
(2999,	'QUIRNO COSTA',	'6018'),
(3000,	'RIO ALEGRE CASCALLARES',	'1744'),
(3001,	'RIVERA',	'6441'),
(3002,	'SHAW',	'7316'),
(3003,	'SAN DANIEL',	'7116'),
(3004,	'SANCHEZ',	'2912'),
(3005,	'SAN PONCIANO',	'1903'),
(3006,	'QUIROGA',	'6533'),
(3007,	'TIO DOMINGO',	'7163'),
(3008,	'SALLIQUELO',	'6339'),
(3009,	'ROBERTO CANO',	'2703'),
(3010,	'REAL AUDIENCIA',	'7225'),
(3011,	'PUESTO DEL MEDIO',	'2763'),
(3012,	'ROBERTO PAYRO',	'1915'),
(3013,	'SIERRA CHICA',	'7401'),
(3014,	'ROBERTS',	'6075'),
(3015,	'RAUCH',	'7203'),
(3016,	'RAWSON',	'6734'),
(3017,	'RAULET',	'7530'),
(3018,	'SAN SIMON',	'7621'),
(3019,	'RIO CAPITAN',	'1649'),
(3020,	'RIO CARABELAS',	'1649'),
(3021,	'ROJAS',	'2705'),
(3022,	'PUERTO TRES BONETES',	'8508'),
(3023,	'SOLANET',	'7151'),
(3024,	'SOLANA DEL MONTE',	'1611'),
(3025,	'REMEDIOS DE ESCALADA',	'1826'),
(3026,	'RECREO EL MARQUES',	'1649'),
(3027,	'SAN VICENTE',	'1865'),
(3028,	'SAN CLEMENTE DEL TUYU',	'7105'),
(3029,	'SAN VALENTIN',	'7613'),
(3030,	'SOL DE MAYO (PDO. ROJAS)',	'2709'),
(3031,	'TODD',	'2754'),
(3032,	'SANTA TERESA (GRAL. MADARIAGA, PDO. GRAL. LAVALLE)',	'7163'),
(3033,	'SOL DE MAYO (PDO. NAVARRO)',	'7243'),
(3034,	'SIERRA DE LA VENTANA',	'8168'),
(3035,	'RIO CARABELAS GRANDES',	'1649'),
(3036,	'QUIÐIHUAL',	'7533'),
(3037,	'TOLDOS VIEJOS',	'7267'),
(3038,	'PUERTO WASSERMANN',	'8506'),
(3039,	'SAN JOSE DE LOS QUINTEROS',	'7109'),
(3040,	'SIERRA DE LOS PADRES',	'7601'),
(3041,	'RECALDE',	'6559'),
(3042,	'ROCHA',	'7404'),
(3043,	'TOLOSA',	'1900'),
(3044,	'TOLOSA ESTE',	'1900'),
(3045,	'SAN CORNELIO',	'7603'),
(3046,	'SAN JOSE DE OTAMENDI',	'7601'),
(3047,	'SAN CARLOS (CURARU-PTDO CARLOS TEJEDOR)',	'6451'),
(3048,	'ROLITO (ESTACION FCGB)',	'6430'),
(3049,	'RIO BARCA GRANDE',	'1649'),
(3050,	'SAN RAMON (BERUTTI-PDO. TRENQUE LAUQUEN)',	'6424'),
(3051,	'TOMAS JOFRE',	'6601'),
(3052,	'SAN CARLOS (LA PEREGRINA-PTDO GENERAL PUEYRREDON)',	'7601'),
(3053,	'SANTA TERESA (SANCHEZ, PDO.RAMALLO)',	'2912'),
(3054,	'TOMAS SANTA COLOMA (APEADERO FCGU)',	'1633'),
(3055,	'SANTA TERESITA PERGAMINO',	'2701'),
(3056,	'SAN SEBASTIAN',	'6623'),
(3057,	'SALINA DE PIEDRA',	'8506'),
(3058,	'SIERRAS BAYAS',	'7403'),
(3059,	'SAN RAMON DE ANCHORENA',	'7311'),
(3060,	'SMITH',	'6531'),
(3061,	'SANTA TERESITA ESTAFETA N║2',	'7107'),
(3062,	'SAN RAMON (VIÐA-PDO. PERGAMINO)',	'2754'),
(3063,	'SALDUNGARAY',	'8166'),
(3064,	'SAN JUAN (9 DE JULIO-PDO. 9 DE JULIO)',	'6500'),
(3065,	'TORDILLO',	'7101'),
(3066,	'TORNQUIST',	'8160'),
(3067,	'TORO',	'1635'),
(3068,	'PUERTO SAN NICOLAS',	'2900'),
(3069,	'REGINALDO J NEILD',	'6533'),
(3070,	'SANTA TERESITA ESTAFETA N║1',	'7107'),
(3071,	'SALAZAR',	'6471'),
(3072,	'RECREO VENECIA',	'1896'),
(3073,	'SANTA TERESITA',	'7107'),
(3074,	'SAN ROQUE',	'6017'),
(3075,	'SAN ROMAN',	'8154'),
(3076,	'RIO CARAPACHAY',	'1649'),
(3077,	'SAN CAYETANO',	'7521'),
(3078,	'25 DE MAYO',	'6660'),
(3079,	'EDUARDO CASTEX',	'6380'),
(3080,	'C.A.B.A.',	''),
(3081,	'CAPITAL FEDERAL',	'1001'),
(3082,	'CAPITAL FEDERAL',	'1002'),
(3083,	'CAPITAL FEDERAL',	'1003'),
(3084,	'CAPITAL FEDERAL',	'1006'),
(3085,	'CAPITAL FEDERAL',	'1007'),
(3086,	'CAPITAL FEDERAL',	'1014'),
(3087,	'CAPITAL FEDERAL',	'1025'),
(3088,	'CAPITAL FEDERAL',	'1026'),
(3089,	'CAPITAL FEDERAL',	'1029'),
(3090,	'CAPITAL FEDERAL',	'1058'),
(3091,	'CAPITAL FEDERAL',	'1060'),
(3092,	'CAPITAL FEDERAL',	'1061'),
(3093,	'CAPITAL FEDERAL',	'1063'),
(3094,	'CAPITAL FEDERAL',	'1064'),
(3095,	'CAPITAL FEDERAL',	'1066'),
(3096,	'CAPITAL FEDERAL',	'1072'),
(3097,	'CAPITAL FEDERAL',	'1082'),
(3098,	'CAPITAL FEDERAL',	'1087'),
(3099,	'CAPITAL FEDERAL',	'1088'),
(3100,	'CAPITAL FEDERAL',	'1090'),
(3101,	'CAPITAL FEDERAL',	'1091'),
(3102,	'CAPITAL FEDERAL',	'1092'),
(3103,	'CAPITAL FEDERAL',	'1093'),
(3104,	'CAPITAL FEDERAL',	'1094'),
(3105,	'CAPITAL FEDERAL',	'1096'),
(3106,	'CAPITAL FEDERAL',	'1106'),
(3107,	'CAPITAL FEDERAL',	'1107'),
(3108,	'CAPITAL FEDERAL',	'1111'),
(3109,	'CAPITAL FEDERAL',	'1112'),
(3110,	'CAPITAL FEDERAL',	'1115'),
(3111,	'CAPITAL FEDERAL',	'1117'),
(3112,	'CAPITAL FEDERAL',	'1122'),
(3113,	'CAPITAL FEDERAL',	'1124'),
(3114,	'CAPITAL FEDERAL',	'1128'),
(3115,	'CAPITAL FEDERAL',	'1129'),
(3116,	'CAPITAL FEDERAL',	'1134'),
(3117,	'CAPITAL FEDERAL',	'1141'),
(3118,	'CAPITAL FEDERAL',	'1153'),
(3119,	'CAPITAL FEDERAL',	'1154'),
(3120,	'CAPITAL FEDERAL',	'1155'),
(3121,	'CAPITAL FEDERAL',	'1156'),
(3122,	'CAPITAL FEDERAL',	'1158'),
(3123,	'CAPITAL FEDERAL',	'1159'),
(3124,	'CAPITAL FEDERAL',	'1161'),
(3125,	'CAPITAL FEDERAL',	'1166'),
(3126,	'CAPITAL FEDERAL',	'1170'),
(3127,	'CAPITAL FEDERAL',	'1171'),
(3128,	'CAPITAL FEDERAL',	'1174'),
(3129,	'CAPITAL FEDERAL',	'1175'),
(3130,	'CAPITAL FEDERAL',	'1176'),
(3131,	'CAPITAL FEDERAL',	'1180'),
(3132,	'CAPITAL FEDERAL',	'1181'),
(3133,	'CAPITAL FEDERAL',	'1183'),
(3134,	'CAPITAL FEDERAL',	'1206'),
(3135,	'CAPITAL FEDERAL',	'1207'),
(3136,	'CAPITAL FEDERAL',	'1209'),
(3137,	'CAPITAL FEDERAL',	'1210'),
(3138,	'CAPITAL FEDERAL',	'1213'),
(3139,	'CAPITAL FEDERAL',	'1216'),
(3140,	'CAPITAL FEDERAL',	'1218'),
(3141,	'CAPITAL FEDERAL',	'1221'),
(3142,	'CAPITAL FEDERAL',	'1223'),
(3143,	'CAPITAL FEDERAL',	'1224'),
(3144,	'CAPITAL FEDERAL',	'1233'),
(3145,	'CAPITAL FEDERAL',	'1235'),
(3146,	'CAPITAL FEDERAL',	'1239'),
(3147,	'CAPITAL FEDERAL',	'1240'),
(3148,	'CAPITAL FEDERAL',	'1242'),
(3149,	'CAPITAL FEDERAL',	'1243'),
(3150,	'CAPITAL FEDERAL',	'1247'),
(3151,	'CAPITAL FEDERAL',	'1257'),
(3152,	'CAPITAL FEDERAL',	'1260'),
(3153,	'CAPITAL FEDERAL',	'1267'),
(3154,	'CAPITAL FEDERAL',	'1268'),
(3155,	'CAPITAL FEDERAL',	'1269'),
(3156,	'CAPITAL FEDERAL',	'1274'),
(3157,	'CAPITAL FEDERAL',	'1279'),
(3158,	'CAPITAL FEDERAL',	'1280'),
(3159,	'CAPITAL FEDERAL',	'1282'),
(3160,	'CAPITAL FEDERAL',	'1283'),
(3161,	'CAPITAL FEDERAL',	'1286'),
(3162,	'CAPITAL FEDERAL',	'1287'),
(3163,	'CAPITAL FEDERAL',	'1288'),
(3164,	'CAPITAL FEDERAL',	'1290'),
(3165,	'CAPITAL FEDERAL',	'1293'),
(3166,	'CAPITAL FEDERAL',	'1295'),
(3167,	'CAPITAL FEDERAL',	'1296'),
(3168,	'CAPITAL FEDERAL',	'1405'),
(3169,	'CAPITAL FEDERAL',	'1406'),
(3170,	'CAPITAL FEDERAL',	'1407'),
(3171,	'CAPITAL FEDERAL',	'1408'),
(3172,	'CAPITAL FEDERAL',	'1414'),
(3173,	'CAPITAL FEDERAL',	'1416'),
(3174,	'CAPITAL FEDERAL',	'1417'),
(3175,	'CAPITAL FEDERAL',	'1419'),
(3176,	'CAPITAL FEDERAL',	'1424'),
(3177,	'CAPITAL FEDERAL',	'1425'),
(3178,	'CAPITAL FEDERAL',	'1426'),
(3179,	'CAPITAL FEDERAL',	'1427'),
(3180,	'CAPITAL FEDERAL',	'1428'),
(3181,	'CAPITAL FEDERAL',	'1429'),
(3182,	'CAPITAL FEDERAL',	'1430'),
(3183,	'CAPITAL FEDERAL',	'1431'),
(3184,	'CAPITAL FEDERAL',	'1437'),
(3185,	'CAPITAL FEDERAL',	'1439'),
(3186,	'CAPITAL FEDERAL',	'1440');

DROP TABLE IF EXISTS `organizador`;
CREATE TABLE `organizador` (
  `organizador_id` int(11) NOT NULL AUTO_INCREMENT,
  `organizador_nombre` varchar(500) COLLATE utf8_unicode_ci NOT NULL,
  `organizador_iva` int(11) NOT NULL,
  `organizador_cuit` varchar(11) COLLATE utf8_unicode_ci NOT NULL,
  `organizador_matricula` varchar(100) COLLATE utf8_unicode_ci NOT NULL,
  `organizador_email` varchar(500) COLLATE utf8_unicode_ci DEFAULT NULL,
  `organizador_telefono` varchar(100) COLLATE utf8_unicode_ci DEFAULT NULL,
  PRIMARY KEY (`organizador_id`)
) ENGINE=InnoDB DEFAULT CHARSET=utf8 COLLATE=utf8_unicode_ci;


DROP TABLE IF EXISTS `otros_riesgos`;
CREATE TABLE `otros_riesgos` (
  `otros_riesgos_id` int(11) NOT NULL AUTO_INCREMENT,
  `poliza_id` int(10) unsigned NOT NULL,
  `otros_riesgos_riesgo` varchar(500) COLLATE utf8_unicode_ci NOT NULL,
  `otros_riesgos_datos_riesgo` varchar(500) COLLATE utf8_unicode_ci NOT NULL,
  `otros_riesgos_detalle_riesgo` text COLLATE utf8_unicode_ci NOT NULL,
  PRIMARY KEY (`otros_riesgos_id`),
  UNIQUE KEY `poliza_id` (`poliza_id`),
  CONSTRAINT `otros_riesgos_ibfk_1` FOREIGN KEY (`poliza_id`) REFERENCES `poliza` (`poliza_id`) ON DELETE CASCADE
) ENGINE=InnoDB DEFAULT CHARSET=utf8 COLLATE=utf8_unicode_ci;


DROP TABLE IF EXISTS `poliza`;
CREATE TABLE `poliza` (
  `poliza_id` int(10) unsigned NOT NULL AUTO_INCREMENT,
  `sucursal_id` int(10) unsigned NOT NULL,
  `cliente_id` int(10) unsigned NOT NULL,
  `subtipo_poliza_id` int(10) unsigned NOT NULL,
  `productor_seguro_id` int(10) unsigned NOT NULL,
  `poliza_estado_id` int(11) NOT NULL,
  `poliza_numero` varchar(20) COLLATE utf8_unicode_ci DEFAULT NULL,
  `poliza_renueva_num` varchar(20) COLLATE utf8_unicode_ci DEFAULT NULL,
  `poliza_vigencia` enum('Mensual','Bimestral','Trimestral','Cuatrimestral','Semestral','Anual','Otra') COLLATE utf8_unicode_ci NOT NULL,
  `poliza_vigencia_dias` int(11) DEFAULT NULL,
  `poliza_validez_desde` date NOT NULL,
  `poliza_validez_hasta` date NOT NULL,
  `poliza_cuotas` enum('Mensual','Semestral','Total') COLLATE utf8_unicode_ci NOT NULL,
  `poliza_cant_cuotas` tinyint(3) unsigned NOT NULL,
  `poliza_fecha_solicitud` date DEFAULT NULL,
  `poliza_fecha_emision` date DEFAULT NULL,
  `poliza_fecha_recepcion` date DEFAULT NULL,
  `poliza_fecha_entrega` date DEFAULT NULL,
  `poliza_correo` tinyint(3) unsigned NOT NULL DEFAULT '0',
  `poliza_email` tinyint(3) unsigned NOT NULL DEFAULT '0',
  `poliza_entregada` tinyint(3) unsigned NOT NULL DEFAULT '0',
  `poliza_prima` decimal(10,2) unsigned DEFAULT NULL,
  `poliza_premio` decimal(10,2) unsigned NOT NULL,
  `poliza_medio_pago` enum('Tarjeta de Crédito','Débito Bancario','Cuponera','Directo','Tarjeta de Credito / CBU - 1 Cuota','1 Pago Cupon Contado','1 Pago Tarjeta de Credito / CBU','6 Cuotas Pago Cupones','6 Cuotas Pago Tarj/CBU') COLLATE utf8_unicode_ci NOT NULL,
  `poliza_pago_detalle` blob,
  `poliza_recargo` decimal(10,2) unsigned DEFAULT NULL,
  `poliza_descuento` int(10) unsigned DEFAULT NULL,
  `poliza_observaciones` text COLLATE utf8_unicode_ci,
  `poliza_plan_flag` tinyint(4) NOT NULL DEFAULT '0',
  `poliza_plan_id` int(11) DEFAULT NULL,
  `poliza_pack_id` int(11) DEFAULT NULL,
  `poliza_archivada` tinyint(4) DEFAULT NULL,
  `poliza_flota` tinyint(4) DEFAULT NULL,
  `timestamp` datetime DEFAULT NULL,
  `old_id` int(11) DEFAULT NULL,
  PRIMARY KEY (`poliza_id`),
  UNIQUE KEY `poliza_numero` (`poliza_numero`),
  KEY `subtipo_poliza_id` (`subtipo_poliza_id`),
  KEY `cliente_id` (`cliente_id`),
  KEY `productor_seguro_id` (`productor_seguro_id`),
  KEY `poliza_estado_id` (`poliza_estado_id`),
  KEY `poliza_plan_id` (`poliza_plan_id`),
  KEY `poliza_pack_id` (`poliza_pack_id`),
  CONSTRAINT `poliza_ibfk_1` FOREIGN KEY (`subtipo_poliza_id`) REFERENCES `subtipo_poliza` (`subtipo_poliza_id`),
  CONSTRAINT `poliza_ibfk_4` FOREIGN KEY (`cliente_id`) REFERENCES `cliente` (`cliente_id`),
  CONSTRAINT `poliza_ibfk_5` FOREIGN KEY (`productor_seguro_id`) REFERENCES `productor_seguro` (`productor_seguro_id`),
  CONSTRAINT `poliza_ibfk_6` FOREIGN KEY (`poliza_estado_id`) REFERENCES `poliza_estado` (`poliza_estado_id`),
  CONSTRAINT `poliza_ibfk_7` FOREIGN KEY (`poliza_plan_id`) REFERENCES `poliza_plan` (`poliza_plan_id`),
  CONSTRAINT `poliza_ibfk_8` FOREIGN KEY (`poliza_pack_id`) REFERENCES `poliza_pack` (`poliza_pack_id`)
) ENGINE=InnoDB DEFAULT CHARSET=utf8 COLLATE=utf8_unicode_ci;


DROP TABLE IF EXISTS `poliza_estado`;
CREATE TABLE `poliza_estado` (
  `poliza_estado_id` int(11) NOT NULL AUTO_INCREMENT,
  `poliza_estado_nombre` varchar(50) COLLATE utf8_unicode_ci NOT NULL,
  PRIMARY KEY (`poliza_estado_id`)
) ENGINE=InnoDB DEFAULT CHARSET=utf8 COLLATE=utf8_unicode_ci;

INSERT INTO `poliza_estado` (`poliza_estado_id`, `poliza_estado_nombre`) VALUES
(1,	'M/C'),
(2,	'PENDIENTE'),
(3,	'VIGENTE'),
(4,	'VIGENTE/A RENOVAR'),
(5,	'CUMPLIDA RENOVADA'),
(6,	'CUMPLIDA'),
(7,	'VIGENTE/RENOVADA');

DROP TABLE IF EXISTS `poliza_pack`;
CREATE TABLE `poliza_pack` (
  `poliza_pack_id` int(11) NOT NULL AUTO_INCREMENT,
  `poliza_plan_id` int(11) NOT NULL,
  `poliza_pack_nombre` varchar(500) COLLATE utf8_unicode_ci NOT NULL,
  `poliza_pack_premio` decimal(10,2) NOT NULL,
  PRIMARY KEY (`poliza_pack_id`),
  KEY `poliza_plan_id` (`poliza_plan_id`),
  CONSTRAINT `poliza_pack_ibfk_1` FOREIGN KEY (`poliza_plan_id`) REFERENCES `poliza_plan` (`poliza_plan_id`) ON DELETE CASCADE
) ENGINE=InnoDB DEFAULT CHARSET=utf8 COLLATE=utf8_unicode_ci;

INSERT INTO `poliza_pack` (`poliza_pack_id`, `poliza_plan_id`, `poliza_pack_nombre`, `poliza_pack_premio`) VALUES
(1,	1,	'1',	252.00),
(2,	1,	'2',	456.00),
(3,	1,	'3',	600.00),
(4,	2,	'1',	660.00),
(5,	2,	'2',	1260.00),
(6,	2,	'3',	1860.00),
(7,	3,	'1',	3636.00),
(8,	3,	'2',	4740.00),
(9,	3,	'3',	5832.00);

DROP TABLE IF EXISTS `poliza_pack_detalle`;
CREATE TABLE `poliza_pack_detalle` (
  `poliza_pack_detalle_id` int(11) NOT NULL AUTO_INCREMENT,
  `poliza_pack_id` int(11) NOT NULL,
  `poliza_pack_detalle_cobertura` varchar(500) COLLATE utf8_unicode_ci NOT NULL,
  `poliza_pack_detalle_valor` decimal(10,2) NOT NULL,
  PRIMARY KEY (`poliza_pack_detalle_id`),
  KEY `poliza_pack_id` (`poliza_pack_id`),
  CONSTRAINT `poliza_pack_detalle_ibfk_1` FOREIGN KEY (`poliza_pack_id`) REFERENCES `poliza_pack` (`poliza_pack_id`) ON DELETE CASCADE
) ENGINE=InnoDB DEFAULT CHARSET=utf8 COLLATE=utf8_unicode_ci;

INSERT INTO `poliza_pack_detalle` (`poliza_pack_detalle_id`, `poliza_pack_id`, `poliza_pack_detalle_cobertura`, `poliza_pack_detalle_valor`) VALUES
(1,	1,	'Incendio Edificio',	100000.00),
(2,	1,	'Incendio Contenido',	30000.00),
(3,	1,	'Robo Cont. Gral.',	2500.00),
(4,	1,	'Resp. Civil Privada',	10000.00),
(5,	1,	'Suma Asegurada Total',	142500.00),
(6,	2,	'Incendio Edificio',	200000.00),
(7,	2,	'Incendio Contenido',	60000.00),
(8,	2,	'Robo Cont. Gral.',	5000.00),
(9,	2,	'Resp. Civil Privada',	20000.00),
(10,	2,	'Suma Asegurada Total',	285000.00),
(11,	3,	'Incendio Edificio',	300000.00),
(12,	3,	'Incendio Contenido',	90000.00),
(13,	3,	'Robo Cont. Gral.',	7500.00),
(14,	3,	'Resp. Civil Privada',	30000.00),
(15,	3,	'Suma Asegurada Total',	427500.00),
(16,	4,	'Incendio Edificio',	200000.00),
(17,	4,	'Incendio Contenido',	100000.00),
(18,	4,	'Resp. Civil',	50000.00),
(19,	4,	'Remoción de Escombros',	10000.00),
(20,	4,	'Robo Cont. Gral.',	10000.00),
(21,	4,	'Electrodomésticos',	4000.00),
(22,	4,	'Cristales',	1000.00),
(23,	4,	'Equipos de PCs e Impresoras',	4000.00),
(24,	4,	'Resp. Civil Privada',	20000.00),
(25,	5,	'Incendio Edificio',	400000.00),
(26,	5,	'Incendio Contenido',	200000.00),
(27,	5,	'Resp. Civil Linderos',	100000.00),
(28,	5,	'Remoción de Escombros',	20000.00),
(29,	5,	'Robo Cont. Gral.',	20000.00),
(30,	5,	'Electrodomésticos',	8000.00),
(31,	5,	'Cristales',	200.00),
(32,	5,	'Equipos de PCs e Impresoras',	8000.00),
(33,	5,	'Resp. Civil Privada',	40000.00),
(34,	6,	'Incendio Edificio',	600000.00),
(35,	6,	'Incendio Contenido',	300000.00),
(36,	6,	'Resp. Civil Linderos',	150000.00),
(37,	6,	'Remoción de Escombros',	30000.00),
(38,	6,	'Robo Cont. Gral.',	30000.00),
(39,	6,	'Electrodomésticos',	12000.00),
(40,	6,	'Cristales',	3000.00),
(41,	6,	'Equipos de PCs e Impresoras',	12000.00),
(42,	6,	'Resp. Civil Privada',	60000.00),
(43,	7,	'Incendio Edificio',	750000.00),
(44,	7,	'Incendio Contenido',	225000.00),
(45,	7,	'Resp. Civil Linderos',	187500.00),
(46,	7,	'Remoción de Escombros',	37500.00),
(47,	7,	'Robo Cont. Gral.',	22500.00),
(48,	7,	'Electrodomésticos',	22500.00),
(49,	7,	'Objetos Diversos',	7500.00),
(50,	7,	'Daños por Agua',	37500.00),
(51,	7,	'Equipos de PCs e Impresoras',	15000.00),
(52,	7,	'Cristales',	15000.00),
(53,	7,	'Equipo de Golf',	7500.00),
(54,	7,	'RC Jugadores de Golf',	37500.00),
(55,	7,	'Acc. Pers. Personal Doméstico',	180000.00),
(56,	7,	'Resp. Civil Privada',	75000.00),
(57,	8,	'Incendio Edificio',	1000000.00),
(58,	8,	'Incendio Contenido',	300000.00),
(59,	8,	'Resp. Civil Linderos',	250000.00),
(60,	8,	'Remoción de Escombros',	50000.00),
(61,	8,	'Robo Cont. Gral.',	30000.00),
(62,	8,	'Electrodomésticos',	30000.00),
(63,	8,	'Objetos Diversos',	10000.00),
(64,	8,	'Daños por Agua',	50000.00),
(65,	8,	'Equipos de PCs e Impresoras',	20000.00),
(66,	8,	'Cristales',	20000.00),
(67,	8,	'Equipo de Golf',	10000.00),
(68,	8,	'RC Jugadores de Golf',	50000.00),
(69,	8,	'Acc. Pers. Personal Doméstico',	180000.00),
(70,	8,	'Resp. Civil Privada',	100000.00),
(71,	9,	'Incendio Edificio',	1250000.00),
(72,	9,	'Incendio Contenido',	375000.00),
(73,	9,	'Resp. Civil Linderos',	312500.00),
(74,	9,	'Remoción de Escombros',	62500.00),
(75,	9,	'Robo Cont. Gral.',	37500.00),
(76,	9,	'Electrodomésticos',	37500.00),
(77,	9,	'Objetos Diversos',	12500.00),
(78,	9,	'Daños por Agua',	62500.00),
(79,	9,	'Equipos de PCs e Impresoras',	25000.00),
(80,	9,	'Cristales',	25000.00),
(81,	9,	'Equipo de Golf',	12500.00),
(82,	9,	'RC Jugadores de Golf',	62500.00),
(83,	9,	'Acc. Pers. Personal Doméstico',	180000.00),
(84,	9,	'Resp. Civil Privada',	125000.00);

DROP TABLE IF EXISTS `poliza_plan`;
CREATE TABLE `poliza_plan` (
  `poliza_plan_id` int(11) NOT NULL AUTO_INCREMENT,
  `subtipo_poliza_id` int(10) unsigned NOT NULL,
  `seguro_id` int(10) unsigned NOT NULL,
  `poliza_plan_nombre` varchar(500) COLLATE utf8_unicode_ci NOT NULL,
  PRIMARY KEY (`poliza_plan_id`),
  KEY `subtipo_poliza_id` (`subtipo_poliza_id`),
  KEY `seguro_id` (`seguro_id`),
  CONSTRAINT `poliza_plan_ibfk_1` FOREIGN KEY (`subtipo_poliza_id`) REFERENCES `subtipo_poliza` (`subtipo_poliza_id`),
  CONSTRAINT `poliza_plan_ibfk_2` FOREIGN KEY (`seguro_id`) REFERENCES `seguro` (`seguro_id`) ON DELETE CASCADE
) ENGINE=InnoDB DEFAULT CHARSET=utf8 COLLATE=utf8_unicode_ci;

INSERT INTO `poliza_plan` (`poliza_plan_id`, `subtipo_poliza_id`, `seguro_id`, `poliza_plan_nombre`) VALUES
(1,	15,	1,	'HOGAR'),
(2,	15,	1,	'HOGAR SEGURO'),
(3,	15,	1,	'HOGAR PLUS');

DROP TABLE IF EXISTS `producto`;
CREATE TABLE `producto` (
  `producto_id` int(11) NOT NULL AUTO_INCREMENT,
  `producto_nombre` varchar(250) COLLATE utf8_unicode_ci NOT NULL,
  PRIMARY KEY (`producto_id`)
) ENGINE=InnoDB DEFAULT CHARSET=utf8 COLLATE=utf8_unicode_ci;

INSERT INTO `producto` (`producto_id`, `producto_nombre`) VALUES
(1,	'Clasica'),
(2,	'Clasica Segmentada'),
(3,	'Plus Segmentada'),
(4,	'Alta Gama'),
(5,	'Alta Gama VIP');

DROP TABLE IF EXISTS `productor`;
CREATE TABLE `productor` (
  `productor_id` int(10) unsigned NOT NULL AUTO_INCREMENT,
  `productor_nombre` varchar(255) COLLATE utf8_unicode_ci NOT NULL,
  `productor_iva` enum('CF','RI') COLLATE utf8_unicode_ci NOT NULL,
  `productor_cuit` varchar(15) COLLATE utf8_unicode_ci NOT NULL,
  `productor_matricula` varchar(255) COLLATE utf8_unicode_ci NOT NULL,
  `productor_email` varchar(255) COLLATE utf8_unicode_ci DEFAULT NULL,
  `productor_telefono` varchar(25) COLLATE utf8_unicode_ci DEFAULT NULL,
  `productor_exportar_lr` tinyint(4) DEFAULT NULL,
  `productor_lr_numeracion` tinyint(4) DEFAULT NULL,
  PRIMARY KEY (`productor_id`),
  UNIQUE KEY `productor_cuit` (`productor_cuit`)
) ENGINE=InnoDB DEFAULT CHARSET=utf8 COLLATE=utf8_unicode_ci;


DROP TABLE IF EXISTS `productor_seguro`;
CREATE TABLE `productor_seguro` (
  `productor_seguro_id` int(10) unsigned NOT NULL AUTO_INCREMENT,
  `productor_id` int(10) unsigned NOT NULL,
  `seguro_id` int(10) unsigned NOT NULL,
  `productor_seguro_codigo` varchar(20) COLLATE utf8_unicode_ci NOT NULL,
  `organizador_id` int(11) DEFAULT NULL,
  PRIMARY KEY (`productor_seguro_id`),
  UNIQUE KEY `code` (`productor_id`,`seguro_id`,`productor_seguro_codigo`) USING BTREE,
  KEY `seguro_id` (`seguro_id`),
  KEY `productor_id` (`productor_id`) USING BTREE,
  KEY `organizador_id` (`organizador_id`),
  CONSTRAINT `productor_seguro_ibfk_1` FOREIGN KEY (`productor_id`) REFERENCES `productor` (`productor_id`),
  CONSTRAINT `productor_seguro_ibfk_2` FOREIGN KEY (`seguro_id`) REFERENCES `seguro` (`seguro_id`),
  CONSTRAINT `productor_seguro_ibfk_3` FOREIGN KEY (`organizador_id`) REFERENCES `organizador` (`organizador_id`) ON DELETE NO ACTION
) ENGINE=InnoDB DEFAULT CHARSET=utf8 COLLATE=utf8_unicode_ci;


DROP TABLE IF EXISTS `productor_seguro_sucursal`;
CREATE TABLE `productor_seguro_sucursal` (
  `productor_seguro_sucursal_id` int(11) NOT NULL AUTO_INCREMENT,
  `productor_seguro_id` int(10) unsigned NOT NULL,
  `sucursal_id` int(11) NOT NULL,
  PRIMARY KEY (`productor_seguro_sucursal_id`),
  KEY `productor_seguro_id` (`productor_seguro_id`),
  KEY `sucursal_id` (`sucursal_id`),
  CONSTRAINT `productor_seguro_sucursal_ibfk_1` FOREIGN KEY (`productor_seguro_id`) REFERENCES `productor_seguro` (`productor_seguro_id`) ON DELETE CASCADE,
  CONSTRAINT `productor_seguro_sucursal_ibfk_2` FOREIGN KEY (`sucursal_id`) REFERENCES `sucursal` (`sucursal_id`) ON DELETE CASCADE
) ENGINE=InnoDB DEFAULT CHARSET=utf8 COLLATE=utf8_unicode_ci;


DROP TABLE IF EXISTS `seguro`;
CREATE TABLE `seguro` (
  `seguro_id` int(10) unsigned NOT NULL AUTO_INCREMENT,
  `seguro_nombre` varchar(255) COLLATE utf8_unicode_ci NOT NULL,
  `seguro_email_siniestro` text COLLATE utf8_unicode_ci,
  `seguro_email_emision` text COLLATE utf8_unicode_ci,
  `seguro_email_emision_vida` text COLLATE utf8_unicode_ci,
  `seguro_email_patrimoniales_otras` text COLLATE utf8_unicode_ci,
  `seguro_email_endosos` text COLLATE utf8_unicode_ci,
  `seguro_email_rastreador` text COLLATE utf8_unicode_ci,
  `seguro_email_fotos` text COLLATE utf8_unicode_ci,
  `seguro_email_inspeccion` text COLLATE utf8_unicode_ci,
  `seguro_cuit` varchar(15) COLLATE utf8_unicode_ci DEFAULT NULL,
  `seguro_direccion` varchar(255) COLLATE utf8_unicode_ci DEFAULT NULL,
  `seguro_localidad` varchar(255) COLLATE utf8_unicode_ci DEFAULT NULL,
  `seguro_cp` varchar(15) COLLATE utf8_unicode_ci DEFAULT NULL,
  `seguro_flota` tinyint(4) DEFAULT NULL,
  `seguro_codigo_lr` varchar(50) COLLATE utf8_unicode_ci DEFAULT NULL,
  PRIMARY KEY (`seguro_id`),
  UNIQUE KEY `seguro_nombre` (`seguro_nombre`)
) ENGINE=InnoDB DEFAULT CHARSET=utf8 COLLATE=utf8_unicode_ci;

INSERT INTO `seguro` (`seguro_id`, `seguro_nombre`, `seguro_email_siniestro`, `seguro_email_emision`, `seguro_email_emision_vida`, `seguro_email_patrimoniales_otras`, `seguro_email_endosos`, `seguro_email_rastreador`, `seguro_email_fotos`, `seguro_email_inspeccion`, `seguro_cuit`, `seguro_direccion`, `seguro_localidad`, `seguro_cp`, `seguro_flota`, `seguro_codigo_lr`) VALUES
(1,	'FEDERAL',	'denunciasiniestro@aseguradorafederal.com.ar, maximiliano.casas@dusanasegurador.com.ar',	'suscripciones@aseguradorafederal.com.ar, juanignacio@dusanasegurador.com.ar',	'suscripciones@aseguradorafederal.com.ar, dflorida@aseguradorafederal.com.ar, florida@aseguradorafederal.com.ar',	'suscripciones@aseguradorafederal.com.ar, dflorida@aseguradorafederal.com.ar, florida@aseguradorafederal.com.ar',	'juanignacio@dusanasegurador.com.ar',	'instalaciones@aseguradorafederal.com.ar',	NULL,	NULL,	'30-68236302-5',	'BALCARCE 683',	'C.A.B.A.',	'C1064AAM',	0,	NULL),
(2,	'PARANA',	'damiancasco@paranaseguros.com.ar',	'emision.parana@paranaseguros.com.ar, ian.ferreira@paranaseguros.com.ar, marcela.fernandez@paranaseguros.com.ar',	'ian.ferreira@paranaseguros.com.ar, marcela.fernandez@paranaseguros.com.ar',	NULL,	'ian.ferreira@paranaseguros.com.ar, marcela.fernandez@paranaseguros.com.ar',	NULL,	'ian.ferreira@paranaseguros.com.ar, marcela.fernandez@paranaseguros.com.ar',	NULL,	'30-50005710-2',	'MAIPU 215',	'C.A.B.A.',	NULL,	0,	NULL),
(3,	'BOSTON',	NULL,	NULL,	NULL,	NULL,	NULL,	NULL,	NULL,	NULL,	NULL,	NULL,	NULL,	NULL,	NULL,	NULL),
(4,	'ALLIANZ',	NULL,	'info@activosgroup.com.ar, infoactivos@fibertel.com.ar, rodrigo@rdelavega.com.ar',	NULL,	'info@activosgroup.com.ar, leo@activosgroup.com.ar',	NULL,	NULL,	NULL,	NULL,	NULL,	'SAN MARTÍN 550',	'C.A.B.A.',	'1010',	1,	NULL),
(5,	'SMG SEGUROS',	'info@activosgroup.com.ar',	'info@activosgroup.com.ar',	'info@activosgroup.com.ar',	'info@activosgroup.com.ar',	'info@activosgroup.com.ar',	'info@activosgroup.com.ar',	'info@activosgroup.com.ar',	'info@activosgroup.com.ar',	NULL,	NULL,	NULL,	NULL,	0,	NULL);

DROP TABLE IF EXISTS `seguro_cobertura_tipo`;
CREATE TABLE `seguro_cobertura_tipo` (
  `seguro_cobertura_tipo_id` int(11) NOT NULL AUTO_INCREMENT,
  `seguro_id` int(10) unsigned NOT NULL,
  `seguro_cobertura_tipo_nombre` varchar(25) COLLATE utf8_unicode_ci NOT NULL,
  `seguro_cobertura_tipo_limite_rc_id` int(11) DEFAULT NULL,
  `seguro_cobertura_tipo_gruas` int(11) DEFAULT NULL,
  `seguro_cobertura_tipo_gruas_km` int(11) DEFAULT NULL,
  `seguro_cobertura_tipo_gruas_desde` int(11) DEFAULT NULL,
  `seguro_cobertura_tipo_antiguedad` int(11) DEFAULT NULL,
  `seguro_cobertura_tipo_todo_riesgo` tinyint(4) NOT NULL,
  `seguro_cobertura_tipo_franquicia` int(11) DEFAULT NULL,
  `seguro_cobertura_tipo_ajuste` int(11) DEFAULT NULL,
  PRIMARY KEY (`seguro_cobertura_tipo_id`),
  KEY `seguro_id` (`seguro_id`),
  CONSTRAINT `seguro_cobertura_tipo_ibfk_1` FOREIGN KEY (`seguro_id`) REFERENCES `seguro` (`seguro_id`) ON DELETE CASCADE
) ENGINE=InnoDB DEFAULT CHARSET=utf8 COLLATE=utf8_unicode_ci;

INSERT INTO `seguro_cobertura_tipo` (`seguro_cobertura_tipo_id`, `seguro_id`, `seguro_cobertura_tipo_nombre`, `seguro_cobertura_tipo_limite_rc_id`, `seguro_cobertura_tipo_gruas`, `seguro_cobertura_tipo_gruas_km`, `seguro_cobertura_tipo_gruas_desde`, `seguro_cobertura_tipo_antiguedad`, `seguro_cobertura_tipo_todo_riesgo`, `seguro_cobertura_tipo_franquicia`, `seguro_cobertura_tipo_ajuste`) VALUES
(1,	2,	'A',	NULL,	NULL,	NULL,	NULL,	NULL,	0,	NULL,	NULL),
(2,	2,	'A2',	NULL,	NULL,	NULL,	NULL,	NULL,	0,	NULL,	NULL),
(3,	2,	'B',	NULL,	NULL,	NULL,	NULL,	NULL,	0,	NULL,	NULL),
(4,	2,	'B1',	NULL,	NULL,	NULL,	NULL,	NULL,	0,	NULL,	NULL),
(5,	2,	'C',	NULL,	NULL,	NULL,	NULL,	NULL,	0,	NULL,	NULL),
(6,	2,	'C1',	NULL,	NULL,	NULL,	NULL,	NULL,	0,	NULL,	NULL),
(7,	2,	'C4',	NULL,	NULL,	NULL,	NULL,	NULL,	0,	NULL,	NULL),
(8,	2,	'D',	NULL,	NULL,	NULL,	NULL,	NULL,	0,	NULL,	NULL),
(9,	2,	'ORO C5',	NULL,	NULL,	NULL,	NULL,	NULL,	0,	NULL,	NULL),
(10,	2,	'PLATA C7',	NULL,	NULL,	NULL,	NULL,	NULL,	0,	NULL,	NULL),
(11,	2,	'SELECTA C8',	3,	3,	NULL,	NULL,	NULL,	0,	NULL,	NULL),
(16,	1,	'A',	3,	2,	50,	1994,	30,	0,	NULL,	0),
(17,	1,	'A2',	5,	0,	NULL,	NULL,	41,	0,	NULL,	0),
(18,	1,	'AE',	3,	0,	NULL,	NULL,	NULL,	0,	NULL,	0),
(19,	1,	'B',	3,	3,	150,	1994,	25,	0,	NULL,	20),
(20,	1,	'B1',	3,	3,	150,	1994,	25,	0,	NULL,	20),
(21,	1,	'C',	3,	3,	150,	1994,	20,	0,	NULL,	20),
(22,	1,	'CF - C FULL',	3,	3,	150,	1994,	10,	0,	NULL,	20),
(23,	1,	'CL - FEDERAL FULL',	3,	3,	150,	1994,	10,	0,	NULL,	20),
(24,	1,	'C1',	3,	3,	150,	1994,	20,	0,	NULL,	20),
(25,	1,	'DP - FEDERAL PREMIUM',	3,	3,	150,	1994,	5,	1,	2500,	20),
(31,	3,	'A',	NULL,	NULL,	NULL,	NULL,	NULL,	0,	NULL,	NULL),
(32,	3,	'B',	NULL,	NULL,	NULL,	NULL,	NULL,	0,	NULL,	NULL),
(33,	3,	'B1',	NULL,	NULL,	NULL,	NULL,	NULL,	0,	NULL,	NULL),
(34,	3,	'C',	NULL,	NULL,	NULL,	NULL,	NULL,	0,	NULL,	NULL),
(35,	3,	'C ANIVERSARIO 0km',	NULL,	NULL,	NULL,	NULL,	NULL,	0,	NULL,	NULL),
(36,	3,	'C1',	NULL,	NULL,	NULL,	NULL,	NULL,	0,	NULL,	NULL),
(37,	3,	'CE EJECUTIVO',	NULL,	NULL,	NULL,	NULL,	NULL,	0,	NULL,	NULL),
(38,	3,	'CU USADOS',	NULL,	NULL,	NULL,	NULL,	NULL,	0,	NULL,	NULL),
(39,	3,	'DB (TRCF) ANIVERSARIO 0km',	NULL,	NULL,	NULL,	NULL,	NULL,	0,	NULL,	NULL),
(40,	3,	'DF (TRCF) USADOS',	NULL,	NULL,	NULL,	NULL,	NULL,	0,	NULL,	NULL),
(41,	1,	'CG - C PREMIUM',	3,	3,	150,	2009,	5,	0,	NULL,	20),
(42,	4,	'C2 - 3ROS COMPLETOS',	3,	3,	NULL,	NULL,	10,	0,	NULL,	0),
(43,	4,	'D2 - TODORIESGO C/ F',	3,	3,	NULL,	NULL,	5,	0,	NULL,	0),
(44,	4,	'C4 - TC SIN LIMITES',	3,	3,	NULL,	NULL,	10,	0,	NULL,	0),
(45,	4,	'D4 -TODORIESGO S/LIM',	3,	3,	NULL,	NULL,	5,	0,	NULL,	0),
(46,	1,	'A4',	1,	0,	NULL,	NULL,	43,	0,	NULL,	0),
(47,	2,	'B2',	NULL,	NULL,	NULL,	NULL,	NULL,	0,	NULL,	NULL),
(48,	2,	'B3',	NULL,	NULL,	NULL,	NULL,	NULL,	0,	NULL,	NULL),
(49,	2,	'E',	NULL,	NULL,	NULL,	NULL,	NULL,	0,	NULL,	NULL),
(54,	1,	'E',	NULL,	NULL,	NULL,	NULL,	NULL,	0,	NULL,	NULL),
(58,	4,	'A',	3,	NULL,	NULL,	NULL,	NULL,	0,	NULL,	NULL),
(59,	4,	'B',	3,	NULL,	NULL,	NULL,	NULL,	0,	NULL,	NULL),
(60,	4,	'B1',	3,	NULL,	NULL,	NULL,	NULL,	0,	NULL,	NULL),
(61,	4,	'B2',	3,	NULL,	NULL,	NULL,	NULL,	0,	NULL,	NULL),
(62,	4,	'C1',	3,	NULL,	NULL,	NULL,	NULL,	0,	NULL,	NULL);

DROP TABLE IF EXISTS `seguro_cobertura_tipo_limite_rc`;
CREATE TABLE `seguro_cobertura_tipo_limite_rc` (
  `seguro_cobertura_tipo_limite_rc_id` int(11) NOT NULL AUTO_INCREMENT,
  `seguro_cobertura_tipo_limite_rc_valor` int(11) NOT NULL,
  PRIMARY KEY (`seguro_cobertura_tipo_limite_rc_id`)
) ENGINE=InnoDB DEFAULT CHARSET=utf8 COLLATE=utf8_unicode_ci;

INSERT INTO `seguro_cobertura_tipo_limite_rc` (`seguro_cobertura_tipo_limite_rc_id`, `seguro_cobertura_tipo_limite_rc_valor`) VALUES
(1,	120000),
(2,	500000),
(3,	3000000),
(4,	10000000),
(5,	200000);

DROP TABLE IF EXISTS `seguro_zona_riesgo`;
CREATE TABLE `seguro_zona_riesgo` (
  `seguro_zona_riesgo_id` int(11) NOT NULL AUTO_INCREMENT,
  `seguro_id` int(10) unsigned NOT NULL,
  `seguro_zona_riesgo_nombre` varchar(255) COLLATE utf8_unicode_ci NOT NULL,
  `seguro_zona_riesgo_default` tinyint(4) NOT NULL,
  PRIMARY KEY (`seguro_zona_riesgo_id`),
  KEY `seguro_id` (`seguro_id`),
  CONSTRAINT `seguro_zona_riesgo_ibfk_1` FOREIGN KEY (`seguro_id`) REFERENCES `seguro` (`seguro_id`) ON DELETE CASCADE
) ENGINE=InnoDB DEFAULT CHARSET=utf8 COLLATE=utf8_unicode_ci;

INSERT INTO `seguro_zona_riesgo` (`seguro_zona_riesgo_id`, `seguro_id`, `seguro_zona_riesgo_nombre`, `seguro_zona_riesgo_default`) VALUES
(1,	1,	'ZONA 2',	1),
(2,	2,	'ZONA 1',	1),
(3,	2,	'ZONA 4',	0),
(4,	3,	'ZONA 2',	1),
(5,	4,	'ALTO RIESGO',	1),
(6,	4,	'BUENOS AIRES I',	0);

DROP TABLE IF EXISTS `subtipo_poliza`;
CREATE TABLE `subtipo_poliza` (
  `subtipo_poliza_id` int(10) unsigned NOT NULL AUTO_INCREMENT,
  `tipo_poliza_id` int(10) unsigned NOT NULL,
  `subtipo_poliza_nombre` varchar(255) COLLATE utf8_unicode_ci NOT NULL,
  `subtipo_poliza_tabla` varchar(255) COLLATE utf8_unicode_ci NOT NULL,
  `subtipo_poliza_polizadet_auto` tinyint(4) NOT NULL DEFAULT '0',
  PRIMARY KEY (`subtipo_poliza_id`),
  UNIQUE KEY `subtipo_poliza_tabla` (`subtipo_poliza_tabla`),
  KEY `tipo_poliza_id` (`tipo_poliza_id`),
  CONSTRAINT `subtipo_poliza_ibfk_1` FOREIGN KEY (`tipo_poliza_id`) REFERENCES `tipo_poliza` (`tipo_poliza_id`)
) ENGINE=InnoDB DEFAULT CHARSET=utf8 COLLATE=utf8_unicode_ci;

INSERT INTO `subtipo_poliza` (`subtipo_poliza_id`, `tipo_poliza_id`, `subtipo_poliza_nombre`, `subtipo_poliza_tabla`, `subtipo_poliza_polizadet_auto`) VALUES
(6,	2,	'Automotor',	'automotor',	0),
(14,	3,	'ACCIDENTES PERSONALES',	'accidentes',	1),
(15,	2,	'COMBINADO FAMILIAR',	'combinado_familiar',	0),
(16,	2,	'INCENDIO EDIFICIO',	'incendio_edificio',	0),
(17,	2,	'INTEGRAL DE COMERCIO',	'integral_comercio',	0),
(18,	2,	'INTEGRAL DE CONSORCIO',	'integral_consorcio',	0),
(19,	2,	'OTROS RIESGOS',	'otros_riesgos',	0);

DROP TABLE IF EXISTS `sucursal`;
CREATE TABLE `sucursal` (
  `sucursal_id` int(11) NOT NULL AUTO_INCREMENT,
  `sucursal_nombre` varchar(255) COLLATE utf8_unicode_ci NOT NULL,
  `sucursal_direccion` varchar(500) COLLATE utf8_unicode_ci DEFAULT NULL,
  `sucursal_telefono` varchar(25) COLLATE utf8_unicode_ci DEFAULT NULL,
  `sucursal_email` varchar(255) COLLATE utf8_unicode_ci DEFAULT NULL,
  `sucursal_num_factura` int(11) NOT NULL DEFAULT '0',
  `sucursal_pfc` tinyint(4) NOT NULL,
  `sucursal_pfc_default` tinyint(4) DEFAULT NULL,
  PRIMARY KEY (`sucursal_id`)
) ENGINE=InnoDB DEFAULT CHARSET=utf8 COLLATE=utf8_unicode_ci;


DROP TABLE IF EXISTS `tipo_poliza`;
CREATE TABLE `tipo_poliza` (
  `tipo_poliza_id` int(10) unsigned NOT NULL AUTO_INCREMENT,
  `tipo_poliza_nombre` varchar(255) COLLATE utf8_unicode_ci NOT NULL,
  PRIMARY KEY (`tipo_poliza_id`)
) ENGINE=InnoDB DEFAULT CHARSET=utf8 COLLATE=utf8_unicode_ci;

INSERT INTO `tipo_poliza` (`tipo_poliza_id`, `tipo_poliza_nombre`) VALUES
(2,	'Patrimoniales'),
(3,	'Personas');

DROP TABLE IF EXISTS `usuario`;
CREATE TABLE `usuario` (
  `usuario_id` int(10) unsigned NOT NULL AUTO_INCREMENT,
  `usuario_acceso` enum('administrativo','master','deshabilitado') COLLATE utf8_unicode_ci NOT NULL DEFAULT 'deshabilitado',
  `usuario_usuario` varchar(255) COLLATE utf8_unicode_ci NOT NULL,
  `usuario_clave` char(32) COLLATE utf8_unicode_ci NOT NULL,
  `usuario_email` varchar(255) COLLATE utf8_unicode_ci NOT NULL,
  `usuario_nombre` varchar(100) COLLATE utf8_unicode_ci NOT NULL,
  `usuario_cambioclave` timestamp NOT NULL DEFAULT '0000-00-00 00:00:00',
  `usuario_reseteado` tinyint(3) unsigned NOT NULL DEFAULT '0',
  PRIMARY KEY (`usuario_id`),
  UNIQUE KEY `usuario_usuario` (`usuario_usuario`),
  UNIQUE KEY `usuario_email` (`usuario_email`),
  KEY `usuario_clave` (`usuario_clave`),
  KEY `usuario_acceso` (`usuario_acceso`),
  KEY `usuario_nombre` (`usuario_nombre`)
) ENGINE=InnoDB DEFAULT CHARSET=utf8 COLLATE=utf8_unicode_ci;


DROP TABLE IF EXISTS `usuario_sucursal`;
CREATE TABLE `usuario_sucursal` (
  `usuario_sucursal_id` int(11) NOT NULL AUTO_INCREMENT,
  `usuario_id` int(10) unsigned NOT NULL,
  `sucursal_id` int(11) NOT NULL,
  PRIMARY KEY (`usuario_sucursal_id`),
  UNIQUE KEY `sucursal_id_usuario_id` (`sucursal_id`,`usuario_id`),
  KEY `usuario_id` (`usuario_id`),
  CONSTRAINT `usuario_sucursal_ibfk_3` FOREIGN KEY (`usuario_id`) REFERENCES `usuario` (`usuario_id`) ON DELETE CASCADE ON UPDATE NO ACTION,
  CONSTRAINT `usuario_sucursal_ibfk_5` FOREIGN KEY (`sucursal_id`) REFERENCES `sucursal` (`sucursal_id`)
) ENGINE=InnoDB DEFAULT CHARSET=utf8 COLLATE=utf8_unicode_ci;


DROP TABLE IF EXISTS `zona_riesgo`;
CREATE TABLE `zona_riesgo` (
  `zona_riesgo_id` int(11) NOT NULL AUTO_INCREMENT,
  `zona_riesgo_nombre` varchar(255) COLLATE utf8_unicode_ci NOT NULL,
  PRIMARY KEY (`zona_riesgo_id`)
) ENGINE=InnoDB DEFAULT CHARSET=utf8 COLLATE=utf8_unicode_ci;


-- 2014-07-24 14:51:23